{
  "product_id": "20260219-161804-50-profitable-micro-saas-ideas",
  "output_dir": "d:\\auto\\MetaPassiveIncome_FINAL\\outputs\\20260219-161804-50-profitable-micro-saas-ideas",
  "main_asset": "d:\\auto\\MetaPassiveIncome_FINAL\\outputs\\20260219-161804-50-profitable-micro-saas-ideas\\index.html",
  "schema_path": "d:\\auto\\MetaPassiveIncome_FINAL\\outputs\\20260219-161804-50-profitable-micro-saas-ideas\\product_schema.json",
  "main_content_path": "d:\\auto\\MetaPassiveIncome_FINAL\\outputs\\20260219-161804-50-profitable-micro-saas-ideas\\product.pdf",
  "checksum": "e4411193fb8eeabad236fb736677e3c2da7f76193c57c2689991c028697453df",
  "generated_at": "20260219-161815",
  "status": "GENERATED_SUCCESS",
  "schema_driven": true,
  "notes": [
    "스키마 기반 생성 (product_schema.json)",
    "단일 파일 랜딩 페이지 (CSS/JS 내장)",
    "데이터 액션 라우터를 통한 버튼 기능"
  ]
}