{
  "product_id": "20260220-093144-shopify-the-all-in-one-commerc",
  "output_dir": "d:\\auto\\MetaPassiveIncome_FINAL\\outputs\\20260220-093144-shopify-the-all-in-one-commerc",
  "main_asset": "d:\\auto\\MetaPassiveIncome_FINAL\\outputs\\20260220-093144-shopify-the-all-in-one-commerc\\index.html",
  "schema_path": "d:\\auto\\MetaPassiveIncome_FINAL\\outputs\\20260220-093144-shopify-the-all-in-one-commerc\\product_schema.json",
  "main_content_path": "d:\\auto\\MetaPassiveIncome_FINAL\\outputs\\20260220-093144-shopify-the-all-in-one-commerc\\product.pdf",
  "checksum": "de889f8b4dd07c01a89c06b4888998940abe144c7428a8ed79968164aab4634b",
  "generated_at": "20260220-093158",
  "status": "GENERATED_SUCCESS",
  "schema_driven": true,
  "notes": [
    "스키마 기반 생성 (product_schema.json)",
    "단일 파일 랜딩 페이지 (CSS/JS 내장)",
    "데이터 액션 라우터를 통한 버튼 기능"
  ]
}