{
  "product_id": "20260220-093144-shopify-the-all-in-one-commerc",
  "title": "Unlock Your Passive Income with Shopify : The All-in-One Commerce Platform for Businesses",
  "target_customer": "Creators and merchants interested in Shopify : The All-in-One Commerce Platform for Businesses",
  "value_proposition": "Leverage AI to create and sell digital products based on: Shopify : The All-in-One Commerce Platform for Businesses",
  "sections": {
    "hero": {
      "headline": "Unlock Your Passive Income with Shopify : The All-in-One Commerce Platform for Businesses",
      "subheadline": "Leverage AI to create and sell digital products based on: Shopify : The All-in-One Commerce Platform for Businesses"
    },
    "problem": {
      "description": "Generic e-commerce stores fail to build trust and suffer from high cart abandonment. Without a high-performance storefront, conversion remains stagnant."
    },
    "solution": {
      "description": "A conversion-optimized e-commerce engine with mobile-first UI, friction-free checkout, and built-in trust triggers. Built for modern digital merchants."
    },
    "features": [
      "Mobile-optimized high-speed landing UI for Shopify : The All-in-One Commerce Platform for Businesses",
      "Trust-building proof & badge templates for Shopify : The All-in-One Commerce Platform for Businesses",
      "Frictionless 1-click checkout flow for Shopify : The All-in-One Commerce Platform for Businesses",
      "Automated order confirmation & tracking for Shopify : The All-in-One Commerce Platform for Businesses",
      "Urgency & scarcity trigger system for Shopify : The All-in-One Commerce Platform for Businesses"
    ],
    "benefits": [
      "Ship faster with ready Shopify : The All-in-One Commerce Platform for Businesses templates",
      "Increase conversion with clear Shopify : The All-in-One Commerce Platform for Businesses value prop",
      "Operate with predictable Shopify : The All-in-One Commerce Platform for Businesses delivery flow",
      "Scale experimentation with simple Shopify : The All-in-One Commerce Platform for Businesses A/B hooks"
    ],
    "pricing": {
      "tier_name": "Standard Access",
      "price": "$59.00"
    },
    "faq": [
      {
        "q": "What is included?",
        "a": "You get the full landing page, the Shopify : The All-in-One Commerce Platform for Businesses guide, and automated delivery setup."
      },
      {
        "q": "How do I deploy?",
        "a": "Upload to Vercel, Netlify, or any static host. No backend needed."
      },
      {
        "q": "Is it secure?",
        "a": "Yes, it uses wallet-based authentication for delivery gating."
      }
    ],
    "cta": {
      "text": "Get Started Now"
    },
    "design": {
      "theme": "landing",
      "primary_color": "#6366f1",
      "secondary_color": "#6366f1",
      "font_family": "Roboto, sans-serif",
      "layout_style": "bold"
    }
  },
  "assets": {
    "main_content_file": "product.pdf",
    "landing_page": "index.html"
  },
  "_injected_price": "$59.00",
  "_market_price": "$179.00",
  "price": "59"
}