{
  "product_id": "20260212-120724-anti-fraud-chargeback-free-sal",
  "output_dir": "d:\\auto\\MetaPassiveIncome_FINAL\\outputs\\20260212-120724-anti-fraud-chargeback-free-sal",
  "main_asset": "d:\\auto\\MetaPassiveIncome_FINAL\\outputs\\20260212-120724-anti-fraud-chargeback-free-sal\\index.html",
  "schema_path": "d:\\auto\\MetaPassiveIncome_FINAL\\outputs\\20260212-120724-anti-fraud-chargeback-free-sal\\product_schema.json",
  "main_content_path": "d:\\auto\\MetaPassiveIncome_FINAL\\outputs\\20260212-120724-anti-fraud-chargeback-free-sal\\product.md",
  "checksum": "0acbc53eca567f82d51a6aaf8da9a49c0c272f8bbf1670bbf3e253a40643feb5",
  "generated_at": "20260212-120724",
  "status": "GENERATED_SUCCESS",
  "schema_driven": true,
  "notes": [
    "스키마 기반 생성 (product_schema.json)",
    "단일 파일 랜딩 페이지 (CSS/JS 내장)",
    "데이터 액션 라우터를 통한 버튼 기능"
  ]
}