day,channel,hook,cta,keywords
1,Reddit,"Upgrade conversion with trust blocks + proof metrics","Copy the exact system and ship this week","nowpayments, invoice, payment status"
2,Blog,"Stop paying card fees — settle globally in minutes","Download the bundle and deploy today","automation, ops, support macros"
3,Blog,"Avoid the top 5 mistakes when selling digital goods for crypto","Copy the exact system and ship this week","crypto checkout, stablecoins, settlement"
4,TikTok,"Privacy-first: reduce payment traceability in your ops","Get the full premium guide + templates","crypto checkout, stablecoins, settlement"
5,X,"Turn crypto payments into a predictable revenue system","Download the bundle and deploy today","nowpayments, invoice, payment status"
6,X,"Avoid the top 5 mistakes when selling digital goods for crypto","Get the full premium guide + templates","web3 payments, digital product delivery"
7,Blog,"Stop paying card fees — settle globally in minutes","Download the bundle and deploy today","automation, ops, support macros"
8,Reddit,"Turn crypto payments into a predictable revenue system","Copy the exact system and ship this week","crypto checkout, stablecoins, settlement"
9,YouTube Shorts,"Turn crypto payments into a predictable revenue system","Download the bundle and deploy today","web3 payments, digital product delivery"
10,Reddit,"Privacy-first: reduce payment traceability in your ops","Get the full premium guide + templates","conversion rate, funnel, landing page"
11,Blog,"Stop paying card fees — settle globally in minutes","Copy the exact system and ship this week","web3 payments, digital product delivery"
12,X,"From 0 to first 10 sales: a realistic 7-day launch plan","Copy the exact system and ship this week","conversion rate, funnel, landing page"
13,TikTok,"Privacy-first: reduce payment traceability in your ops","Download the bundle and deploy today","crypto checkout, stablecoins, settlement"
14,TikTok,"Upgrade conversion with trust blocks + proof metrics","Download the bundle and deploy today","nowpayments, invoice, payment status"
15,Blog,"Turn crypto payments into a predictable revenue system","Download the bundle and deploy today","automation, ops, support macros"
16,Instagram,"Privacy-first: reduce payment traceability in your ops","Get the full premium guide + templates","automation, ops, support macros"
17,Blog,"Privacy-first: reduce payment traceability in your ops","Use the checklist and avoid expensive errors","nowpayments, invoice, payment status"
18,Instagram,"From 0 to first 10 sales: a realistic 7-day launch plan","Use the checklist and avoid expensive errors","automation, ops, support macros"
19,TikTok,"Upgrade conversion with trust blocks + proof metrics","Use the checklist and avoid expensive errors","nowpayments, invoice, payment status"
20,Blog,"Turn crypto payments into a predictable revenue system","Download the bundle and deploy today","conversion rate, funnel, landing page"
21,X,"Avoid the top 5 mistakes when selling digital goods for crypto","Get the full premium guide + templates","nowpayments, invoice, payment status"
22,YouTube Shorts,"From 0 to first 10 sales: a realistic 7-day launch plan","Download the bundle and deploy today","nowpayments, invoice, payment status"
23,LinkedIn,"From 0 to first 10 sales: a realistic 7-day launch plan","Use the checklist and avoid expensive errors","nowpayments, invoice, payment status"
24,LinkedIn,"Upgrade conversion with trust blocks + proof metrics","Download the bundle and deploy today","nowpayments, invoice, payment status"
25,Instagram,"Upgrade conversion with trust blocks + proof metrics","Download the bundle and deploy today","automation, ops, support macros"
26,Blog,"Avoid the top 5 mistakes when selling digital goods for crypto","Download the bundle and deploy today","nowpayments, invoice, payment status"
27,X,"Turn crypto payments into a predictable revenue system","Download the bundle and deploy today","crypto checkout, stablecoins, settlement"
28,YouTube Shorts,"Stop paying card fees — settle globally in minutes","Get the full premium guide + templates","nowpayments, invoice, payment status"
29,Instagram,"Turn crypto payments into a predictable revenue system","Get the full premium guide + templates","nowpayments, invoice, payment status"
30,Reddit,"Turn crypto payments into a predictable revenue system","Copy the exact system and ship this week","conversion rate, funnel, landing page"
