{
  "product_id": "20260220-040541-top-10-digital-product-niches",
  "title": "Unlock Your Passive Income with Top 10 Digital Product Niches for 2026 (Low Competition, High ROI)",
  "target_customer": "Creators and merchants interested in Top 10 Digital Product Niches for 2026 (Low Competition, High ROI)",
  "value_proposition": "Leverage AI to create and sell digital products based on: Top 10 Digital Product Niches for 2026 (Low Competition, High ROI)",
  "sections": {
    "hero": {
      "headline": "Unlock Your Passive Income with Top 10 Digital Product Niches for 2026 (Low Competition, High ROI)",
      "subheadline": "Leverage AI to create and sell digital products based on: Top 10 Digital Product Niches for 2026 (Low Competition, High ROI)"
    },
    "problem": {
      "description": "Generic e-commerce stores fail to build trust and suffer from high cart abandonment. Without a high-performance storefront, conversion remains stagnant."
    },
    "solution": {
      "description": "A conversion-optimized e-commerce engine with mobile-first UI, friction-free checkout, and built-in trust triggers. Built for modern digital merchants."
    },
    "features": [
      "Mobile-optimized high-speed landing UI for Top 10 Digital Product Niches for 2026 (Low Competition, High ROI)",
      "Trust-building proof & badge templates for Top 10 Digital Product Niches for 2026 (Low Competition, High ROI)",
      "Frictionless 1-click checkout flow for Top 10 Digital Product Niches for 2026 (Low Competition, High ROI)",
      "Automated order confirmation & tracking for Top 10 Digital Product Niches for 2026 (Low Competition, High ROI)",
      "Urgency & scarcity trigger system for Top 10 Digital Product Niches for 2026 (Low Competition, High ROI)"
    ],
    "benefits": [
      "Ship faster with ready Top 10 Digital Product Niches for 2026 (Low Competition, High ROI) templates",
      "Increase conversion with clear Top 10 Digital Product Niches for 2026 (Low Competition, High ROI) value prop",
      "Operate with predictable Top 10 Digital Product Niches for 2026 (Low Competition, High ROI) delivery flow",
      "Scale experimentation with simple Top 10 Digital Product Niches for 2026 (Low Competition, High ROI) A/B hooks"
    ],
    "pricing": {
      "tier_name": "Standard Access",
      "price": "$29"
    },
    "faq": [
      {
        "q": "What is included?",
        "a": "You get the full landing page, the Top 10 Digital Product Niches for 2026 (Low Competition, High ROI) guide, and automated delivery setup."
      },
      {
        "q": "How do I deploy?",
        "a": "Upload to Vercel, Netlify, or any static host. No backend needed."
      },
      {
        "q": "Is it secure?",
        "a": "Yes, it uses wallet-based authentication for delivery gating."
      }
    ],
    "cta": {
      "text": "Get Started Now"
    },
    "design": {
      "theme": "minimal",
      "primary_color": "#00b4ff",
      "secondary_color": "#00b4ff",
      "font_family": "Inter, sans-serif",
      "layout_style": "minimalist"
    }
  },
  "assets": {
    "main_content_file": "product.pdf",
    "landing_page": "index.html"
  }
}