{
  "product_id": "20260208-093240-link-in-bio-page-template",
  "output_dir": "d:\\auto\\MetaPassiveIncome_FINAL\\outputs\\20260208-093240-link-in-bio-page-template",
  "main_asset": "d:\\auto\\MetaPassiveIncome_FINAL\\outputs\\20260208-093240-link-in-bio-page-template\\index.html",
  "schema_path": "d:\\auto\\MetaPassiveIncome_FINAL\\outputs\\20260208-093240-link-in-bio-page-template\\product_schema.json",
  "main_content_path": "d:\\auto\\MetaPassiveIncome_FINAL\\outputs\\20260208-093240-link-in-bio-page-template\\product.md",
  "checksum": "ca11e623a1470036aa1bb919ed205ae40e5b48503ac6625a63de90f6b83aa0e7",
  "generated_at": "20260208-093240",
  "status": "GENERATED_SUCCESS",
  "schema_driven": true,
  "notes": [
    "스키마 기반 생성 (product_schema.json)",
    "단일 파일 랜딩 페이지 (CSS/JS 내장)",
    "데이터 액션 라우터를 통한 버튼 기능"
  ]
}