{
  "product_id": "20260219-231841-50-profitable-micro-saas-ideas",
  "output_dir": "d:\\auto\\MetaPassiveIncome_FINAL\\outputs\\20260219-231841-50-profitable-micro-saas-ideas",
  "main_asset": "d:\\auto\\MetaPassiveIncome_FINAL\\outputs\\20260219-231841-50-profitable-micro-saas-ideas\\index.html",
  "schema_path": "d:\\auto\\MetaPassiveIncome_FINAL\\outputs\\20260219-231841-50-profitable-micro-saas-ideas\\product_schema.json",
  "main_content_path": "d:\\auto\\MetaPassiveIncome_FINAL\\outputs\\20260219-231841-50-profitable-micro-saas-ideas\\product.pdf",
  "checksum": "aa8cc4c4c05df96f559766b58de6b433da54152d604fb6b4d88ea98f247c653d",
  "generated_at": "20260219-231850",
  "status": "GENERATED_SUCCESS",
  "schema_driven": true,
  "notes": [
    "스키마 기반 생성 (product_schema.json)",
    "단일 파일 랜딩 페이지 (CSS/JS 내장)",
    "데이터 액션 라우터를 통한 버튼 기능"
  ]
}