{
  "product_id": "20260220-012558-how-to-sell-digital-downloads",
  "output_dir": "d:\\auto\\MetaPassiveIncome_FINAL\\outputs\\20260220-012558-how-to-sell-digital-downloads",
  "main_asset": "d:\\auto\\MetaPassiveIncome_FINAL\\outputs\\20260220-012558-how-to-sell-digital-downloads\\index.html",
  "schema_path": "d:\\auto\\MetaPassiveIncome_FINAL\\outputs\\20260220-012558-how-to-sell-digital-downloads\\product_schema.json",
  "main_content_path": "d:\\auto\\MetaPassiveIncome_FINAL\\outputs\\20260220-012558-how-to-sell-digital-downloads\\product.pdf",
  "checksum": "17910d81b79e191b38937b50116788f3ff9c946e6b0991c1c06321e7704b4251",
  "generated_at": "20260220-012610",
  "status": "GENERATED_SUCCESS",
  "schema_driven": true,
  "notes": [
    "스키마 기반 생성 (product_schema.json)",
    "단일 파일 랜딩 페이지 (CSS/JS 내장)",
    "데이터 액션 라우터를 통한 버튼 기능"
  ]
}