{
  "product_id": "20260215-212725-token-gated-content-revenue-au",
  "output_dir": "d:\\auto\\MetaPassiveIncome_FINAL\\outputs\\20260215-212725-token-gated-content-revenue-au",
  "main_asset": "d:\\auto\\MetaPassiveIncome_FINAL\\outputs\\20260215-212725-token-gated-content-revenue-au\\index.html",
  "schema_path": "d:\\auto\\MetaPassiveIncome_FINAL\\outputs\\20260215-212725-token-gated-content-revenue-au\\product_schema.json",
  "main_content_path": "d:\\auto\\MetaPassiveIncome_FINAL\\outputs\\20260215-212725-token-gated-content-revenue-au\\product.pdf",
  "checksum": "690a20ca7e9500de63573e31960b7efc7bfa189bd5a7b93a201b302af5e25cbc",
  "generated_at": "20260215-212725",
  "status": "GENERATED_SUCCESS",
  "schema_driven": true,
  "notes": [
    "스키마 기반 생성 (product_schema.json)",
    "단일 파일 랜딩 페이지 (CSS/JS 내장)",
    "데이터 액션 라우터를 통한 버튼 기능"
  ]
}