{
  "product_id": "20260220-114219-top-definition-in-american-eng",
  "output_dir": "d:\\auto\\MetaPassiveIncome_FINAL\\outputs\\20260220-114219-top-definition-in-american-eng",
  "main_asset": "d:\\auto\\MetaPassiveIncome_FINAL\\outputs\\20260220-114219-top-definition-in-american-eng\\index.html",
  "schema_path": "d:\\auto\\MetaPassiveIncome_FINAL\\outputs\\20260220-114219-top-definition-in-american-eng\\product_schema.json",
  "main_content_path": "d:\\auto\\MetaPassiveIncome_FINAL\\outputs\\20260220-114219-top-definition-in-american-eng\\product.pdf",
  "checksum": "0501d25d51b9607ceadce897162a4b12b08b59169e31323b471432b2c1abd86f",
  "generated_at": "20260220-114228",
  "status": "GENERATED_SUCCESS",
  "schema_driven": true,
  "notes": [
    "스키마 기반 생성 (product_schema.json)",
    "단일 파일 랜딩 페이지 (CSS/JS 내장)",
    "데이터 액션 라우터를 통한 버튼 기능"
  ]
}