{
  "product_id": "20260220-114219-top-definition-in-american-eng",
  "title": "Unlock Your Passive Income with TOP definition in American English",
  "target_customer": "Creators and merchants interested in TOP definition in American English",
  "value_proposition": "Leverage AI to create and sell digital products based on: TOP definition in American English",
  "sections": {
    "hero": {
      "headline": "Unlock Your Passive Income with TOP definition in American English",
      "subheadline": "Leverage AI to create and sell digital products based on: TOP definition in American English"
    },
    "problem": {
      "description": "Creating and selling digital products is complex and time-consuming. Most creators fail due to technical friction and lack of a structured system."
    },
    "solution": {
      "description": "A professional-grade implementation system that handles everything from landing to delivery. Focus on your content, we handle the infrastructure."
    },
    "features": [
      "One-file deployment architecture for TOP definition in American English",
      "Secure token-gated delivery for TOP definition in American English",
      "Conversion-optimized landing components for TOP definition in American English",
      "Built-in analytics & tracking for TOP definition in American English",
      "Automated promotion asset generator for TOP definition in American English"
    ],
    "benefits": [
      "Ship faster with ready TOP definition in American English templates",
      "Increase conversion with clear TOP definition in American English value prop",
      "Operate with predictable TOP definition in American English delivery flow",
      "Scale experimentation with simple TOP definition in American English A/B hooks"
    ],
    "pricing": {
      "tier_name": "Standard Access",
      "price": "$49"
    },
    "faq": [
      {
        "q": "What is included?",
        "a": "You get the full landing page, the TOP definition in American English guide, and automated delivery setup."
      },
      {
        "q": "How do I deploy?",
        "a": "Upload to Vercel, Netlify, or any static host. No backend needed."
      },
      {
        "q": "Is it secure?",
        "a": "Yes, it uses wallet-based authentication for delivery gating."
      }
    ],
    "cta": {
      "text": "Get Started Now"
    },
    "design": {
      "theme": "elegant",
      "primary_color": "#f59e0b",
      "secondary_color": "#f59e0b",
      "font_family": "Roboto, sans-serif",
      "layout_style": "bold"
    }
  },
  "assets": {
    "main_content_file": "product.pdf",
    "landing_page": "index.html"
  }
}