{
  "product_id": "20260219-151814-18-best-b2b-websites-in-2026-e",
  "title": "Unlock Your Passive Income with 18 Best B2B Websites in 2026: Examples & Best Practices",
  "target_customer": "Creators and merchants interested in 18 Best B2B Websites in 2026: Examples & Best Practices",
  "value_proposition": "Leverage AI to create and sell digital products based on: 18 Best B2B Websites in 2026: Examples & Best Practices",
  "sections": {
    "hero": {
      "headline": "Unlock Your Passive Income with 18 Best B2B Websites in 2026: Examples & Best Practices",
      "subheadline": "Leverage AI to create and sell digital products based on: 18 Best B2B Websites in 2026: Examples & Best Practices"
    },
    "problem": {
      "description": "Creating and selling digital products is complex and time-consuming. Most creators fail due to technical friction and lack of a structured system."
    },
    "solution": {
      "description": "A professional-grade implementation system that handles everything from landing to delivery. Focus on your content, we handle the infrastructure."
    },
    "features": [
      "One-file deployment architecture for 18 Best B2B Websites in 2026: Examples & Best Practices",
      "Secure token-gated delivery for 18 Best B2B Websites in 2026: Examples & Best Practices",
      "Conversion-optimized landing components for 18 Best B2B Websites in 2026: Examples & Best Practices",
      "Built-in analytics & tracking for 18 Best B2B Websites in 2026: Examples & Best Practices",
      "Automated promotion asset generator for 18 Best B2B Websites in 2026: Examples & Best Practices"
    ],
    "benefits": [
      "Ship faster with ready 18 Best B2B Websites in 2026: Examples & Best Practices templates",
      "Increase conversion with clear 18 Best B2B Websites in 2026: Examples & Best Practices value prop",
      "Operate with predictable 18 Best B2B Websites in 2026: Examples & Best Practices delivery flow",
      "Scale experimentation with simple 18 Best B2B Websites in 2026: Examples & Best Practices A/B hooks"
    ],
    "pricing": {
      "tier_name": "Standard Access",
      "price": "$29.00"
    },
    "faq": [
      {
        "q": "What is included?",
        "a": "You get the full landing page, the 18 Best B2B Websites in 2026: Examples & Best Practices guide, and automated delivery setup."
      },
      {
        "q": "How do I deploy?",
        "a": "Upload to Vercel, Netlify, or any static host. No backend needed."
      },
      {
        "q": "Is it secure?",
        "a": "Yes, it uses wallet-based authentication for delivery gating."
      }
    ],
    "cta": {
      "text": "Get Started Now"
    },
    "design": {
      "theme": "elegant",
      "primary_color": "#10b981",
      "secondary_color": "#10b981",
      "font_family": "system-ui, sans-serif",
      "layout_style": "professional"
    }
  },
  "assets": {
    "main_content_file": "product.pdf",
    "landing_page": "index.html"
  },
  "metadata": {
    "final_price_usd": 49.0
  },
  "_injected_price": "$29.00",
  "price": "29",
  "offers": {
    "@type": "Offer",
    "price": "29.00",
    "priceCurrency": "USD"
  },
  "_market_price": "$49.00",
  "market_analysis": {
    "category": "Standard Digital Asset",
    "market_price": 49,
    "our_price": 29,
    "desc": "High-quality digital resource"
  }
}