{
  "product_id": "20260213-101437-social-media-link-in-bio-page",
  "output_dir": "d:\\auto\\MetaPassiveIncome_FINAL\\outputs\\20260213-101437-social-media-link-in-bio-page",
  "main_asset": "d:\\auto\\MetaPassiveIncome_FINAL\\outputs\\20260213-101437-social-media-link-in-bio-page\\index.html",
  "schema_path": "d:\\auto\\MetaPassiveIncome_FINAL\\outputs\\20260213-101437-social-media-link-in-bio-page\\product_schema.json",
  "main_content_path": "d:\\auto\\MetaPassiveIncome_FINAL\\outputs\\20260213-101437-social-media-link-in-bio-page\\product.md",
  "checksum": "e1dcc654772665673c98d6e4c773d780e66ffeaa7792b7602d7d0cdf9e9155c5",
  "generated_at": "20260213-101437",
  "status": "GENERATED_SUCCESS",
  "schema_driven": true,
  "notes": [
    "스키마 기반 생성 (product_schema.json)",
    "단일 파일 랜딩 페이지 (CSS/JS 내장)",
    "데이터 액션 라우터를 통한 버튼 기능"
  ]
}