{
  "product_id": "20260215-015534-viral-marketing-growth-bluepri",
  "output_dir": "d:\\auto\\MetaPassiveIncome_FINAL\\outputs\\20260215-015534-viral-marketing-growth-bluepri",
  "main_asset": "d:\\auto\\MetaPassiveIncome_FINAL\\outputs\\20260215-015534-viral-marketing-growth-bluepri\\index.html",
  "schema_path": "d:\\auto\\MetaPassiveIncome_FINAL\\outputs\\20260215-015534-viral-marketing-growth-bluepri\\product_schema.json",
  "main_content_path": "d:\\auto\\MetaPassiveIncome_FINAL\\outputs\\20260215-015534-viral-marketing-growth-bluepri\\product.pdf",
  "checksum": "a38810120ee951474965d6aae0944f04ce5010da28533fc2942b25aa42c8b78a",
  "generated_at": "20260215-015535",
  "status": "GENERATED_SUCCESS",
  "schema_driven": true,
  "notes": [
    "스키마 기반 생성 (product_schema.json)",
    "단일 파일 랜딩 페이지 (CSS/JS 내장)",
    "데이터 액션 라우터를 통한 버튼 기능"
  ]
}