{
  "product_id": "20260220-084011-15-best-notion-freelance-templ",
  "output_dir": "d:\\auto\\MetaPassiveIncome_FINAL\\outputs\\20260220-084011-15-best-notion-freelance-templ",
  "main_asset": "d:\\auto\\MetaPassiveIncome_FINAL\\outputs\\20260220-084011-15-best-notion-freelance-templ\\index.html",
  "schema_path": "d:\\auto\\MetaPassiveIncome_FINAL\\outputs\\20260220-084011-15-best-notion-freelance-templ\\product_schema.json",
  "main_content_path": "d:\\auto\\MetaPassiveIncome_FINAL\\outputs\\20260220-084011-15-best-notion-freelance-templ\\product.pdf",
  "checksum": "a03f45731ba076c0c917bde105981112de556072570a0a6a0795381d0dad32bc",
  "generated_at": "20260220-084020",
  "status": "GENERATED_SUCCESS",
  "schema_driven": true,
  "notes": [
    "스키마 기반 생성 (product_schema.json)",
    "단일 파일 랜딩 페이지 (CSS/JS 내장)",
    "데이터 액션 라우터를 통한 버튼 기능"
  ]
}