{
  "product_id": "20260213-101602-ai-툴-베타-대기자-등록-페이지",
  "output_dir": "d:\\auto\\MetaPassiveIncome_FINAL\\outputs\\20260213-101602-ai-툴-베타-대기자-등록-페이지",
  "main_asset": "d:\\auto\\MetaPassiveIncome_FINAL\\outputs\\20260213-101602-ai-툴-베타-대기자-등록-페이지\\index.html",
  "schema_path": "d:\\auto\\MetaPassiveIncome_FINAL\\outputs\\20260213-101602-ai-툴-베타-대기자-등록-페이지\\product_schema.json",
  "main_content_path": "d:\\auto\\MetaPassiveIncome_FINAL\\outputs\\20260213-101602-ai-툴-베타-대기자-등록-페이지\\product.md",
  "checksum": "62d2fcf26644fcb941aa37a7fbfaeb2b2747e4ac402c293ffb48a221beeaa12b",
  "generated_at": "20260213-101602",
  "status": "GENERATED_SUCCESS",
  "schema_driven": true,
  "notes": [
    "스키마 기반 생성 (product_schema.json)",
    "단일 파일 랜딩 페이지 (CSS/JS 내장)",
    "데이터 액션 라우터를 통한 버튼 기능"
  ]
}