day,channel,hook,cta,keywords
1,YouTube Shorts,"Avoid the top 5 mistakes when selling digital goods for crypto","Download the bundle and deploy today","nowpayments, invoice, payment status"
2,LinkedIn,"Turn crypto payments into a predictable revenue system","Copy the exact system and ship this week","automation, ops, support macros"
3,TikTok,"Privacy-first: reduce payment traceability in your ops","Use the checklist and avoid expensive errors","automation, ops, support macros"
4,YouTube Shorts,"Avoid the top 5 mistakes when selling digital goods for crypto","Use the checklist and avoid expensive errors","crypto checkout, stablecoins, settlement"
5,TikTok,"Avoid the top 5 mistakes when selling digital goods for crypto","Download the bundle and deploy today","conversion rate, funnel, landing page"
6,X,"Upgrade conversion with trust blocks + proof metrics","Copy the exact system and ship this week","automation, ops, support macros"
7,TikTok,"Avoid the top 5 mistakes when selling digital goods for crypto","Get the full premium guide + templates","automation, ops, support macros"
8,YouTube Shorts,"Privacy-first: reduce payment traceability in your ops","Use the checklist and avoid expensive errors","nowpayments, invoice, payment status"
9,Reddit,"Avoid the top 5 mistakes when selling digital goods for crypto","Download the bundle and deploy today","conversion rate, funnel, landing page"
10,Instagram,"From 0 to first 10 sales: a realistic 7-day launch plan","Download the bundle and deploy today","automation, ops, support macros"
11,YouTube Shorts,"Stop paying card fees — settle globally in minutes","Copy the exact system and ship this week","conversion rate, funnel, landing page"
12,Instagram,"Avoid the top 5 mistakes when selling digital goods for crypto","Copy the exact system and ship this week","web3 payments, digital product delivery"
13,Reddit,"Turn crypto payments into a predictable revenue system","Use the checklist and avoid expensive errors","web3 payments, digital product delivery"
14,LinkedIn,"Stop paying card fees — settle globally in minutes","Copy the exact system and ship this week","nowpayments, invoice, payment status"
15,X,"Upgrade conversion with trust blocks + proof metrics","Get the full premium guide + templates","conversion rate, funnel, landing page"
16,YouTube Shorts,"Turn crypto payments into a predictable revenue system","Use the checklist and avoid expensive errors","web3 payments, digital product delivery"
17,Reddit,"Turn crypto payments into a predictable revenue system","Copy the exact system and ship this week","web3 payments, digital product delivery"
18,X,"Stop paying card fees — settle globally in minutes","Get the full premium guide + templates","automation, ops, support macros"
19,X,"Privacy-first: reduce payment traceability in your ops","Download the bundle and deploy today","web3 payments, digital product delivery"
20,Reddit,"Privacy-first: reduce payment traceability in your ops","Use the checklist and avoid expensive errors","nowpayments, invoice, payment status"
21,Blog,"From 0 to first 10 sales: a realistic 7-day launch plan","Download the bundle and deploy today","conversion rate, funnel, landing page"
22,TikTok,"From 0 to first 10 sales: a realistic 7-day launch plan","Copy the exact system and ship this week","crypto checkout, stablecoins, settlement"
23,Reddit,"Turn crypto payments into a predictable revenue system","Use the checklist and avoid expensive errors","web3 payments, digital product delivery"
24,LinkedIn,"Turn crypto payments into a predictable revenue system","Copy the exact system and ship this week","web3 payments, digital product delivery"
25,Reddit,"Privacy-first: reduce payment traceability in your ops","Download the bundle and deploy today","crypto checkout, stablecoins, settlement"
26,Blog,"From 0 to first 10 sales: a realistic 7-day launch plan","Download the bundle and deploy today","web3 payments, digital product delivery"
27,Reddit,"Privacy-first: reduce payment traceability in your ops","Get the full premium guide + templates","crypto checkout, stablecoins, settlement"
28,YouTube Shorts,"Privacy-first: reduce payment traceability in your ops","Copy the exact system and ship this week","conversion rate, funnel, landing page"
29,X,"Upgrade conversion with trust blocks + proof metrics","Copy the exact system and ship this week","web3 payments, digital product delivery"
30,LinkedIn,"Upgrade conversion with trust blocks + proof metrics","Get the full premium guide + templates","automation, ops, support macros"
