{
  "product_id": "20260220-033213-how-to-use-amazon-s-new-ai-too",
  "output_dir": "d:\\auto\\MetaPassiveIncome_FINAL\\outputs\\20260220-033213-how-to-use-amazon-s-new-ai-too",
  "main_asset": "d:\\auto\\MetaPassiveIncome_FINAL\\outputs\\20260220-033213-how-to-use-amazon-s-new-ai-too\\index.html",
  "schema_path": "d:\\auto\\MetaPassiveIncome_FINAL\\outputs\\20260220-033213-how-to-use-amazon-s-new-ai-too\\product_schema.json",
  "main_content_path": "d:\\auto\\MetaPassiveIncome_FINAL\\outputs\\20260220-033213-how-to-use-amazon-s-new-ai-too\\product.pdf",
  "checksum": "921738e5763492dbc226d5b69790ebead806c18aa4bea14faa0be97064f29cf8",
  "generated_at": "20260220-033225",
  "status": "GENERATED_SUCCESS",
  "schema_driven": true,
  "notes": [
    "스키마 기반 생성 (product_schema.json)",
    "단일 파일 랜딩 페이지 (CSS/JS 내장)",
    "데이터 액션 라우터를 통한 버튼 기능"
  ]
}