{
  "product_id": "20260220-033213-how-to-use-amazon-s-new-ai-too",
  "title": "Unlock Your Passive Income with How to Use Amazon’s New AI Tool to Discover Untapped Digital ...",
  "target_customer": "Creators and merchants interested in How to Use Amazon’s New AI Tool to Discover Untapped Digital ...",
  "value_proposition": "Leverage AI to create and sell digital products based on: How to Use Amazon’s New AI Tool to Discover Untapped Digital ...",
  "sections": {
    "hero": {
      "headline": "Unlock Your Passive Income with How to Use Amazon’s New AI Tool to Discover Untapped Digital ...",
      "subheadline": "Leverage AI to create and sell digital products based on: How to Use Amazon’s New AI Tool to Discover Untapped Digital ..."
    },
    "problem": {
      "description": "Modern workflows are fragmented and manual. Users waste hours on repetitive tasks that should be automated, leading to burnout and inefficiency."
    },
    "solution": {
      "description": "A seamless productivity engine that automates the heavy lifting. Includes ready-to-use templates, batch scripts, and a clear roadmap to 10x output."
    },
    "features": [
      "1-Click workflow automation templates for How to Use Amazon’s New AI Tool to Discover Untapped Digital ...",
      "Batch processing & script library for How to Use Amazon’s New AI Tool to Discover Untapped Digital ...",
      "Time-saving integration hooks for How to Use Amazon’s New AI Tool to Discover Untapped Digital ...",
      "Customizable milestone trackers for How to Use Amazon’s New AI Tool to Discover Untapped Digital ...",
      "Minimalist, friction-free UI/UX for How to Use Amazon’s New AI Tool to Discover Untapped Digital ..."
    ],
    "benefits": [
      "Ship faster with ready How to Use Amazon’s New AI Tool to Discover Untapped Digital ... templates",
      "Increase conversion with clear How to Use Amazon’s New AI Tool to Discover Untapped Digital ... value prop",
      "Operate with predictable How to Use Amazon’s New AI Tool to Discover Untapped Digital ... delivery flow",
      "Scale experimentation with simple How to Use Amazon’s New AI Tool to Discover Untapped Digital ... A/B hooks"
    ],
    "pricing": {
      "tier_name": "Standard Access",
      "price": "$59.00"
    },
    "faq": [
      {
        "q": "What is included?",
        "a": "You get the full landing page, the How to Use Amazon’s New AI Tool to Discover Untapped Digital ... guide, and automated delivery setup."
      },
      {
        "q": "How do I deploy?",
        "a": "Upload to Vercel, Netlify, or any static host. No backend needed."
      },
      {
        "q": "Is it secure?",
        "a": "Yes, it uses wallet-based authentication for delivery gating."
      }
    ],
    "cta": {
      "text": "Get Started Now"
    },
    "design": {
      "theme": "saas",
      "primary_color": "#ef4444",
      "secondary_color": "#ef4444",
      "font_family": "Inter, sans-serif",
      "layout_style": "minimalist"
    }
  },
  "assets": {
    "main_content_file": "product.pdf",
    "landing_page": "index.html"
  },
  "_injected_price": "$59.00",
  "_market_price": "$179.00",
  "price": "59"
}