{
  "product_id": "20260213-102044-간편-예약-상담-신청-폼-랜딩-페이지",
  "output_dir": "d:\\auto\\MetaPassiveIncome_FINAL\\outputs\\20260213-102044-간편-예약-상담-신청-폼-랜딩-페이지",
  "main_asset": "d:\\auto\\MetaPassiveIncome_FINAL\\outputs\\20260213-102044-간편-예약-상담-신청-폼-랜딩-페이지\\index.html",
  "schema_path": "d:\\auto\\MetaPassiveIncome_FINAL\\outputs\\20260213-102044-간편-예약-상담-신청-폼-랜딩-페이지\\product_schema.json",
  "main_content_path": "d:\\auto\\MetaPassiveIncome_FINAL\\outputs\\20260213-102044-간편-예약-상담-신청-폼-랜딩-페이지\\product.md",
  "checksum": "84ef8591d37dbeb801068075167d2e72fb9caf8eb2e6d5c4bcc7ba6ea6929e67",
  "generated_at": "20260213-102045",
  "status": "GENERATED_SUCCESS",
  "schema_driven": true,
  "notes": [
    "스키마 기반 생성 (product_schema.json)",
    "단일 파일 랜딩 페이지 (CSS/JS 내장)",
    "데이터 액션 라우터를 통한 버튼 기능"
  ]
}