{
  "product_id": "20260219-135543-etsy",
  "output_dir": "d:\\auto\\MetaPassiveIncome_FINAL\\outputs\\20260219-135543-etsy",
  "main_asset": "d:\\auto\\MetaPassiveIncome_FINAL\\outputs\\20260219-135543-etsy\\index.html",
  "schema_path": "d:\\auto\\MetaPassiveIncome_FINAL\\outputs\\20260219-135543-etsy\\product_schema.json",
  "main_content_path": "d:\\auto\\MetaPassiveIncome_FINAL\\outputs\\20260219-135543-etsy\\product.pdf",
  "checksum": "f3071723b34552c36bb8ef037af141bfaa007d4bc478f146787b2950e1a3db56",
  "generated_at": "20260219-135557",
  "status": "GENERATED_SUCCESS",
  "schema_driven": true,
  "notes": [
    "스키마 기반 생성 (product_schema.json)",
    "단일 파일 랜딩 페이지 (CSS/JS 내장)",
    "데이터 액션 라우터를 통한 버튼 기능"
  ]
}