{
  "product_id": "20260219-135543-etsy",
  "title": "Unlock Your Passive Income with Как открыть магазин на Etsy и что там продавать в 2026 году...",
  "target_customer": "Creators and merchants interested in Как открыть магазин на Etsy и что там продавать в 2026 году...",
  "value_proposition": "Leverage AI to create and sell digital products based on: Как открыть магазин на Etsy и что там продавать в 2026 году...",
  "sections": {
    "hero": {
      "headline": "Unlock Your Passive Income with Как открыть магазин на Etsy и что там продавать в 2026 году...",
      "subheadline": "Leverage AI to create and sell digital products based on: Как открыть магазин на Etsy и что там продавать в 2026 году..."
    },
    "problem": {
      "description": "Creating and selling digital products is complex and time-consuming. Most creators fail due to technical friction and lack of a structured system."
    },
    "solution": {
      "description": "A professional-grade implementation system that handles everything from landing to delivery. Focus on your content, we handle the infrastructure."
    },
    "features": [
      "One-file deployment architecture for Как открыть магазин на Etsy и что там продавать в 2026 году...",
      "Secure token-gated delivery for Как открыть магазин на Etsy и что там продавать в 2026 году...",
      "Conversion-optimized landing components for Как открыть магазин на Etsy и что там продавать в 2026 году...",
      "Built-in analytics & tracking for Как открыть магазин на Etsy и что там продавать в 2026 году...",
      "Automated promotion asset generator for Как открыть магазин на Etsy и что там продавать в 2026 году..."
    ],
    "benefits": [
      "Ship faster with ready Как открыть магазин на Etsy и что там продавать в 2026 году... templates",
      "Increase conversion with clear Как открыть магазин на Etsy и что там продавать в 2026 году... value prop",
      "Operate with predictable Как открыть магазин на Etsy и что там продавать в 2026 году... delivery flow",
      "Scale experimentation with simple Как открыть магазин на Etsy и что там продавать в 2026 году... A/B hooks"
    ],
    "pricing": {
      "tier_name": "Standard Access",
      "price": "$19.00"
    },
    "faq": [
      {
        "q": "What is included?",
        "a": "You get the full landing page, the Как открыть магазин на Etsy и что там продавать в 2026 году... guide, and automated delivery setup."
      },
      {
        "q": "How do I deploy?",
        "a": "Upload to Vercel, Netlify, or any static host. No backend needed."
      },
      {
        "q": "Is it secure?",
        "a": "Yes, it uses wallet-based authentication for delivery gating."
      }
    ],
    "cta": {
      "text": "Get Started Now"
    },
    "design": {
      "theme": "saas",
      "primary_color": "#6366f1",
      "secondary_color": "#6366f1",
      "font_family": "Georgia, serif",
      "layout_style": "creative"
    }
  },
  "assets": {
    "main_content_file": "product.pdf",
    "landing_page": "index.html"
  }
}