{
  "product_id": "20260220-003319-crypto-first-email-funnel-syst",
  "output_dir": "d:\\auto\\MetaPassiveIncome_FINAL\\outputs\\20260220-003319-crypto-first-email-funnel-syst",
  "main_asset": "d:\\auto\\MetaPassiveIncome_FINAL\\outputs\\20260220-003319-crypto-first-email-funnel-syst\\index.html",
  "schema_path": "d:\\auto\\MetaPassiveIncome_FINAL\\outputs\\20260220-003319-crypto-first-email-funnel-syst\\product_schema.json",
  "main_content_path": "d:\\auto\\MetaPassiveIncome_FINAL\\outputs\\20260220-003319-crypto-first-email-funnel-syst\\product.pdf",
  "checksum": "aef33dd2cb6bc9c6b15fd6f4ea9cecc54530ad76ca1620268be52aa215868fc3",
  "generated_at": "20260220-003329",
  "status": "GENERATED_SUCCESS",
  "schema_driven": true,
  "notes": [
    "스키마 기반 생성 (product_schema.json)",
    "단일 파일 랜딩 페이지 (CSS/JS 내장)",
    "데이터 액션 라우터를 통한 버튼 기능"
  ]
}