day,channel,hook,cta,keywords
1,X,"🌍 Global commerce without boundaries: Sell to anyone, anywhere, instantly.","💰 Start accepting crypto like a pro — Download now.","crypto automation, instant settlement, web3 commerce"
2,Instagram,"⚠️ The #1 mistake digital sellers make with crypto (and how to fix it).","🛠 Copy my exact workflow and start shipping by tonight.","sales funnel design, trust-building metrics, automated operations"
3,X,"💎 From zero to automated crypto sales: The exact 7-day blueprint.","🛠 Copy my exact workflow and start shipping by tonight.","passive income system, crypto revenue, digital entrepreneurship"
4,Reddit,"⚠️ The #1 mistake digital sellers make with crypto (and how to fix it).","💰 Start accepting crypto like a pro — Download now.","nowpayments integration, automated fulfillment, high-ticket sales"
5,X,"🔥 Stop losing 3% to card fees — Settle globally in seconds, not days.","💰 Start accepting crypto like a pro — Download now.","digital product delivery, privacy-first payments, conversion optimization"
6,X,"🔥 Stop losing 3% to card fees — Settle globally in seconds, not days.","🛠 Copy my exact workflow and start shipping by tonight.","digital product delivery, privacy-first payments, conversion optimization"
7,Instagram,"🔥 Stop losing 3% to card fees — Settle globally in seconds, not days.","👉 Grab the Premium Bundle + Secret Templates [Limited Time]","crypto automation, instant settlement, web3 commerce"
8,X,"🌍 Global commerce without boundaries: Sell to anyone, anywhere, instantly.","🛠 Copy my exact workflow and start shipping by tonight.","crypto automation, instant settlement, web3 commerce"
9,TikTok,"🔒 Privacy is a feature, not a luxury. Reduce payment traceability today.","🛠 Copy my exact workflow and start shipping by tonight.","passive income system, crypto revenue, digital entrepreneurship"
10,TikTok,"🔥 Stop losing 3% to card fees — Settle globally in seconds, not days.","✅ Get the checklist and avoid the expensive mistakes I made.","crypto automation, instant settlement, web3 commerce"
11,YouTube Shorts,"💎 From zero to automated crypto sales: The exact 7-day blueprint.","✅ Get the checklist and avoid the expensive mistakes I made.","nowpayments integration, automated fulfillment, high-ticket sales"
12,Blog,"🔒 Privacy is a feature, not a luxury. Reduce payment traceability today.","💰 Start accepting crypto like a pro — Download now.","sales funnel design, trust-building metrics, automated operations"
13,Instagram,"🔒 Privacy is a feature, not a luxury. Reduce payment traceability today.","🛠 Copy my exact workflow and start shipping by tonight.","nowpayments integration, automated fulfillment, high-ticket sales"
14,Instagram,"⚠️ The #1 mistake digital sellers make with crypto (and how to fix it).","🛠 Copy my exact workflow and start shipping by tonight.","digital product delivery, privacy-first payments, conversion optimization"
15,Blog,"🔥 Stop losing 3% to card fees — Settle globally in seconds, not days.","💰 Start accepting crypto like a pro — Download now.","crypto automation, instant settlement, web3 commerce"
16,YouTube Shorts,"⚠️ The #1 mistake digital sellers make with crypto (and how to fix it).","🛠 Copy my exact workflow and start shipping by tonight.","nowpayments integration, automated fulfillment, high-ticket sales"
17,Instagram,"🔥 Stop losing 3% to card fees — Settle globally in seconds, not days.","👉 Grab the Premium Bundle + Secret Templates [Limited Time]","digital product delivery, privacy-first payments, conversion optimization"
18,X,"💎 From zero to automated crypto sales: The exact 7-day blueprint.","👉 Grab the Premium Bundle + Secret Templates [Limited Time]","nowpayments integration, automated fulfillment, high-ticket sales"
19,Instagram,"💎 From zero to automated crypto sales: The exact 7-day blueprint.","✅ Get the checklist and avoid the expensive mistakes I made.","passive income system, crypto revenue, digital entrepreneurship"
20,TikTok,"🔥 Stop losing 3% to card fees — Settle globally in seconds, not days.","💰 Start accepting crypto like a pro — Download now.","passive income system, crypto revenue, digital entrepreneurship"
21,TikTok,"🔒 Privacy is a feature, not a luxury. Reduce payment traceability today.","💰 Start accepting crypto like a pro — Download now.","sales funnel design, trust-building metrics, automated operations"
22,Instagram,"🚀 Turn your crypto wallet into a high-performance revenue engine.","✅ Get the checklist and avoid the expensive mistakes I made.","sales funnel design, trust-building metrics, automated operations"
23,Reddit,"🚀 Turn your crypto wallet into a high-performance revenue engine.","✅ Get the checklist and avoid the expensive mistakes I made.","passive income system, crypto revenue, digital entrepreneurship"
24,YouTube Shorts,"🔒 Privacy is a feature, not a luxury. Reduce payment traceability today.","💰 Start accepting crypto like a pro — Download now.","digital product delivery, privacy-first payments, conversion optimization"
25,Instagram,"📈 Double your conversion rates with 'Trust Blocks' + Proof Metrics.","✅ Get the checklist and avoid the expensive mistakes I made.","nowpayments integration, automated fulfillment, high-ticket sales"
26,X,"⚠️ The #1 mistake digital sellers make with crypto (and how to fix it).","✅ Get the checklist and avoid the expensive mistakes I made.","nowpayments integration, automated fulfillment, high-ticket sales"
27,Blog,"🔒 Privacy is a feature, not a luxury. Reduce payment traceability today.","✅ Get the checklist and avoid the expensive mistakes I made.","sales funnel design, trust-building metrics, automated operations"
28,TikTok,"⚠️ The #1 mistake digital sellers make with crypto (and how to fix it).","✅ Get the checklist and avoid the expensive mistakes I made.","crypto automation, instant settlement, web3 commerce"
29,Instagram,"🔥 Stop losing 3% to card fees — Settle globally in seconds, not days.","👉 Grab the Premium Bundle + Secret Templates [Limited Time]","nowpayments integration, automated fulfillment, high-ticket sales"
30,Reddit,"📈 Double your conversion rates with 'Trust Blocks' + Proof Metrics.","🛠 Copy my exact workflow and start shipping by tonight.","nowpayments integration, automated fulfillment, high-ticket sales"
