{
  "product_id": "20260220-064523-how-to-make-money-on-etsy-what",
  "title": "Unlock Your Passive Income with How to Make Money on Etsy: What Actually Works (And What's Changed in 2026)",
  "target_customer": "Creators and merchants interested in How to Make Money on Etsy: What Actually Works (And What's Changed in 2026)",
  "value_proposition": "Leverage AI to create and sell digital products based on: How to Make Money on Etsy: What Actually Works (And What's Changed in 2026)",
  "sections": {
    "hero": {
      "headline": "Unlock Your Passive Income with How to Make Money on Etsy: What Actually Works (And What's Changed in 2026)",
      "subheadline": "Leverage AI to create and sell digital products based on: How to Make Money on Etsy: What Actually Works (And What's Changed in 2026)"
    },
    "problem": {
      "description": "Financial operators struggle with manual reporting, volatile fees, and complex compliance. Without a professional system, trust decays and conversion drops."
    },
    "solution": {
      "description": "A hardened financial toolkit with automated tracking, fee-optimized checkout, and built-in compliance checklists. Designed for high-trust transactions."
    },
    "features": [
      "Fee-optimized wallet checkout for How to Make Money on Etsy: What Actually Works (And What's Changed in 2026)",
      "Automated transaction reconciliation log for How to Make Money on Etsy: What Actually Works (And What's Changed in 2026)",
      "Compliance & Tax reporting templates for How to Make Money on Etsy: What Actually Works (And What's Changed in 2026)",
      "Real-time network fee estimator for How to Make Money on Etsy: What Actually Works (And What's Changed in 2026)",
      "Secure, idempotent delivery system for How to Make Money on Etsy: What Actually Works (And What's Changed in 2026)"
    ],
    "benefits": [
      "Ship faster with ready How to Make Money on Etsy: What Actually Works (And What's Changed in 2026) templates",
      "Increase conversion with clear How to Make Money on Etsy: What Actually Works (And What's Changed in 2026) value prop",
      "Operate with predictable How to Make Money on Etsy: What Actually Works (And What's Changed in 2026) delivery flow",
      "Scale experimentation with simple How to Make Money on Etsy: What Actually Works (And What's Changed in 2026) A/B hooks"
    ],
    "pricing": {
      "tier_name": "Standard Access",
      "price": "$29"
    },
    "faq": [
      {
        "q": "What is included?",
        "a": "You get the full landing page, the How to Make Money on Etsy: What Actually Works (And What's Changed in 2026) guide, and automated delivery setup."
      },
      {
        "q": "How do I deploy?",
        "a": "Upload to Vercel, Netlify, or any static host. No backend needed."
      },
      {
        "q": "Is it secure?",
        "a": "Yes, it uses wallet-based authentication for delivery gating."
      }
    ],
    "cta": {
      "text": "Get Started Now"
    },
    "design": {
      "theme": "dark",
      "primary_color": "#00b4ff",
      "secondary_color": "#00b4ff",
      "font_family": "system-ui, sans-serif",
      "layout_style": "professional"
    }
  },
  "assets": {
    "main_content_file": "product.pdf",
    "landing_page": "index.html"
  }
}