{
  "product_id": "20260215-015534-viral-marketing-growth-bluepri",
  "created_at": "2026-02-14T16:55:47Z",
  "dry_run": false,
  "sent": [
    {
      "channel": "blog_wordpress",
      "ok": true,
      "msg": "status=200, wp_status=publish, post_id=630"
    },
    {
      "channel": "x_api",
      "ok": true,
      "resp": null,
      "note": "mock_or_missing_keys"
    },
    {
      "channel": "pinterest",
      "ok": true,
      "note": "disabled"
    },
    {
      "channel": "reddit",
      "ok": true,
      "note": "disabled"
    },
    {
      "channel": "linkedin",
      "ok": true,
      "note": "disabled"
    },
    {
      "channel": "telegram",
      "ok": true,
      "note": "disabled"
    },
    {
      "channel": "discord",
      "ok": true,
      "note": "disabled"
    },
    {
      "channel": "instagram",
      "ok": true,
      "note": "disabled"
    },
    {
      "channel": "tiktok",
      "ok": true,
      "note": "disabled"
    },
    {
      "channel": "youtube_shorts",
      "ok": true,
      "note": "disabled"
    }
  ]
}
