{
  "product_id": "20260213-101633-프리랜서-컨설턴트-서비스-소개-랜딩-페이지",
  "output_dir": "d:\\auto\\MetaPassiveIncome_FINAL\\outputs\\20260213-101633-프리랜서-컨설턴트-서비스-소개-랜딩-페이지",
  "main_asset": "d:\\auto\\MetaPassiveIncome_FINAL\\outputs\\20260213-101633-프리랜서-컨설턴트-서비스-소개-랜딩-페이지\\index.html",
  "schema_path": "d:\\auto\\MetaPassiveIncome_FINAL\\outputs\\20260213-101633-프리랜서-컨설턴트-서비스-소개-랜딩-페이지\\product_schema.json",
  "main_content_path": "d:\\auto\\MetaPassiveIncome_FINAL\\outputs\\20260213-101633-프리랜서-컨설턴트-서비스-소개-랜딩-페이지\\product.md",
  "checksum": "de2cc1cbd2e4ec4190c3428a05a32cf26827466c325112a7884842b90c17ac28",
  "generated_at": "20260213-101633",
  "status": "GENERATED_SUCCESS",
  "schema_driven": true,
  "notes": [
    "스키마 기반 생성 (product_schema.json)",
    "단일 파일 랜딩 페이지 (CSS/JS 내장)",
    "데이터 액션 라우터를 통한 버튼 기능"
  ]
}