{
  "product_id": "20260219-052804-3-profitable-ai-saas-ideas-to",
  "title": "Unlock Your Passive Income with 3 Profitable AI SaaS Ideas To Build in 2026 (Before Someone Else Does)...",
  "target_customer": "Creators and merchants interested in 3 Profitable AI SaaS Ideas To Build in 2026 (Before Someone Else Does)...",
  "value_proposition": "Leverage AI to create and sell digital products based on: 3 Profitable AI SaaS Ideas To Build in 2026 (Before Someone Else Does)...",
  "sections": {
    "hero": {
      "headline": "Unlock Your Passive Income with 3 Profitable AI SaaS Ideas To Build in 2026 (Before Someone Else Does)...",
      "subheadline": "Leverage AI to create and sell digital products based on: 3 Profitable AI SaaS Ideas To Build in 2026 (Before Someone Else Does)..."
    },
    "problem": {
      "description": "Manual AI workflows are slow and error-prone. Without a structured automation system, scaling AI-driven tasks leads to inconsistent quality and high operational costs."
    },
    "solution": {
      "description": "A robust AI automation framework with pre-built prompt templates, error-handling logic, and automated quality gates. Designed for high-scale AI operations."
    },
    "features": [
      "Hardened prompt engineering library for 3 Profitable AI SaaS Ideas To Build in 2026 (Before Someone Else Does)...",
      "Automated quality gate & validation logic for 3 Profitable AI SaaS Ideas To Build in 2026 (Before Someone Else Does)...",
      "Rate-limit & retry handling system for 3 Profitable AI SaaS Ideas To Build in 2026 (Before Someone Else Does)...",
      "Structured output (JSON/Markdown) templates for 3 Profitable AI SaaS Ideas To Build in 2026 (Before Someone Else Does)...",
      "AI-to-Human handoff workflows for 3 Profitable AI SaaS Ideas To Build in 2026 (Before Someone Else Does)..."
    ],
    "benefits": [
      "Ship faster with ready 3 Profitable AI SaaS Ideas To Build in 2026 (Before Someone Else Does)... templates",
      "Increase conversion with clear 3 Profitable AI SaaS Ideas To Build in 2026 (Before Someone Else Does)... value prop",
      "Operate with predictable 3 Profitable AI SaaS Ideas To Build in 2026 (Before Someone Else Does)... delivery flow",
      "Scale experimentation with simple 3 Profitable AI SaaS Ideas To Build in 2026 (Before Someone Else Does)... A/B hooks"
    ],
    "pricing": {
      "tier_name": "Standard Access",
      "price": "$59.00"
    },
    "faq": [
      {
        "q": "What is included?",
        "a": "You get the full landing page, the 3 Profitable AI SaaS Ideas To Build in 2026 (Before Someone Else Does)... guide, and automated delivery setup."
      },
      {
        "q": "How do I deploy?",
        "a": "Upload to Vercel, Netlify, or any static host. No backend needed."
      },
      {
        "q": "Is it secure?",
        "a": "Yes, it uses wallet-based authentication for delivery gating."
      }
    ],
    "cta": {
      "text": "Get Started Now"
    },
    "design": {
      "theme": "dark",
      "primary_color": "#8b5cf6",
      "secondary_color": "#8b5cf6",
      "font_family": "Roboto, sans-serif",
      "layout_style": "bold"
    }
  },
  "assets": {
    "main_content_file": "product.pdf",
    "landing_page": "index.html"
  },
  "metadata": {
    "final_price_usd": 179.0
  },
  "_injected_price": "$59.00",
  "price": "59",
  "offers": {
    "@type": "Offer",
    "price": "59.00",
    "priceCurrency": "USD"
  },
  "_market_price": "$179.00",
  "market_analysis": {
    "category": "SaaS / System",
    "market_price": 179,
    "our_price": 59,
    "desc": "High-value functional software/system"
  }
}