{
  "product_id": "20260221-044426-most-popular-surnames-in-the-u",
  "output_dir": "d:\\auto\\MetaPassiveIncome_FINAL\\outputs\\20260221-044426-most-popular-surnames-in-the-u",
  "main_asset": "d:\\auto\\MetaPassiveIncome_FINAL\\outputs\\20260221-044426-most-popular-surnames-in-the-u\\index.html",
  "schema_path": "d:\\auto\\MetaPassiveIncome_FINAL\\outputs\\20260221-044426-most-popular-surnames-in-the-u\\product_schema.json",
  "main_content_path": "d:\\auto\\MetaPassiveIncome_FINAL\\outputs\\20260221-044426-most-popular-surnames-in-the-u\\product.pdf",
  "checksum": "a7011dac874150cb52bdce1ffc86b79ac0df7243bc6a65904fa0c3ce4f0634e1",
  "generated_at": "20260221-044434",
  "status": "GENERATED_SUCCESS",
  "schema_driven": true,
  "notes": [
    "스키마 기반 생성 (product_schema.json)",
    "단일 파일 랜딩 페이지 (CSS/JS 내장)",
    "데이터 액션 라우터를 통한 버튼 기능"
  ]
}