{
  "product_id": "20260221-044426-most-popular-surnames-in-the-u",
  "title": "Unlock Your Passive Income with Most Popular Surnames in the United States",
  "target_customer": "Creators and merchants interested in Most Popular Surnames in the United States",
  "value_proposition": "Leverage AI to create and sell digital products based on: Most Popular Surnames in the United States",
  "sections": {
    "hero": {
      "headline": "Unlock Your Passive Income with Most Popular Surnames in the United States",
      "subheadline": "Leverage AI to create and sell digital products based on: Most Popular Surnames in the United States"
    },
    "problem": {
      "description": "Creating and selling digital products is complex and time-consuming. Most creators fail due to technical friction and lack of a structured system."
    },
    "solution": {
      "description": "A professional-grade implementation system that handles everything from landing to delivery. Focus on your content, we handle the infrastructure."
    },
    "features": [
      "One-file deployment architecture for Most Popular Surnames in the United States",
      "Secure token-gated delivery for Most Popular Surnames in the United States",
      "Conversion-optimized landing components for Most Popular Surnames in the United States",
      "Built-in analytics & tracking for Most Popular Surnames in the United States",
      "Automated promotion asset generator for Most Popular Surnames in the United States"
    ],
    "benefits": [
      "Ship faster with ready Most Popular Surnames in the United States templates",
      "Increase conversion with clear Most Popular Surnames in the United States value prop",
      "Operate with predictable Most Popular Surnames in the United States delivery flow",
      "Scale experimentation with simple Most Popular Surnames in the United States A/B hooks"
    ],
    "pricing": {
      "tier_name": "Standard Access",
      "price": "$29.00"
    },
    "faq": [
      {
        "q": "What is included?",
        "a": "You get the full landing page, the Most Popular Surnames in the United States guide, and automated delivery setup."
      },
      {
        "q": "How do I deploy?",
        "a": "Upload to Vercel, Netlify, or any static host. No backend needed."
      },
      {
        "q": "Is it secure?",
        "a": "Yes, it uses wallet-based authentication for delivery gating."
      }
    ],
    "cta": {
      "text": "Get Started Now"
    },
    "design": {
      "theme": "elegant",
      "primary_color": "#f59e0b",
      "secondary_color": "#f59e0b",
      "font_family": "Georgia, serif",
      "layout_style": "creative"
    }
  },
  "assets": {
    "main_content_file": "product.pdf",
    "landing_page": "index.html"
  }
}