{
  "product_id": "20260219-131418-20-profitable-saas-micro-saas",
  "output_dir": "d:\\auto\\MetaPassiveIncome_FINAL\\outputs\\20260219-131418-20-profitable-saas-micro-saas",
  "main_asset": "d:\\auto\\MetaPassiveIncome_FINAL\\outputs\\20260219-131418-20-profitable-saas-micro-saas\\index.html",
  "schema_path": "d:\\auto\\MetaPassiveIncome_FINAL\\outputs\\20260219-131418-20-profitable-saas-micro-saas\\product_schema.json",
  "main_content_path": "d:\\auto\\MetaPassiveIncome_FINAL\\outputs\\20260219-131418-20-profitable-saas-micro-saas\\product.pdf",
  "checksum": "1e315dc35f7d070bdbd58d1604392f9295a535f86320571d5389359554ee3756",
  "generated_at": "20260219-131431",
  "status": "GENERATED_SUCCESS",
  "schema_driven": true,
  "notes": [
    "스키마 기반 생성 (product_schema.json)",
    "단일 파일 랜딩 페이지 (CSS/JS 내장)",
    "데이터 액션 라우터를 통한 버튼 기능"
  ]
}