{
  "product_id": "20260219-131418-20-profitable-saas-micro-saas",
  "title": "Unlock Your Passive Income with 20 Profitable SaaS & Micro-SaaS Ideas for 2026 (And How to ...",
  "target_customer": "Creators and merchants interested in 20 Profitable SaaS & Micro-SaaS Ideas for 2026 (And How to ...",
  "value_proposition": "Leverage AI to create and sell digital products based on: 20 Profitable SaaS & Micro-SaaS Ideas for 2026 (And How to ...",
  "sections": {
    "hero": {
      "headline": "Unlock Your Passive Income with 20 Profitable SaaS & Micro-SaaS Ideas for 2026 (And How to ...",
      "subheadline": "Leverage AI to create and sell digital products based on: 20 Profitable SaaS & Micro-SaaS Ideas for 2026 (And How to ..."
    },
    "problem": {
      "description": "Creating and selling digital products is complex and time-consuming. Most creators fail due to technical friction and lack of a structured system."
    },
    "solution": {
      "description": "A professional-grade implementation system that handles everything from landing to delivery. Focus on your content, we handle the infrastructure."
    },
    "features": [
      "One-file deployment architecture for 20 Profitable SaaS & Micro-SaaS Ideas for 2026 (And How to ...",
      "Secure token-gated delivery for 20 Profitable SaaS & Micro-SaaS Ideas for 2026 (And How to ...",
      "Conversion-optimized landing components for 20 Profitable SaaS & Micro-SaaS Ideas for 2026 (And How to ...",
      "Built-in analytics & tracking for 20 Profitable SaaS & Micro-SaaS Ideas for 2026 (And How to ...",
      "Automated promotion asset generator for 20 Profitable SaaS & Micro-SaaS Ideas for 2026 (And How to ..."
    ],
    "benefits": [
      "Ship faster with ready 20 Profitable SaaS & Micro-SaaS Ideas for 2026 (And How to ... templates",
      "Increase conversion with clear 20 Profitable SaaS & Micro-SaaS Ideas for 2026 (And How to ... value prop",
      "Operate with predictable 20 Profitable SaaS & Micro-SaaS Ideas for 2026 (And How to ... delivery flow",
      "Scale experimentation with simple 20 Profitable SaaS & Micro-SaaS Ideas for 2026 (And How to ... A/B hooks"
    ],
    "pricing": {
      "tier_name": "Standard Access",
      "price": "$59.00"
    },
    "faq": [
      {
        "q": "What is included?",
        "a": "You get the full landing page, the 20 Profitable SaaS & Micro-SaaS Ideas for 2026 (And How to ... guide, and automated delivery setup."
      },
      {
        "q": "How do I deploy?",
        "a": "Upload to Vercel, Netlify, or any static host. No backend needed."
      },
      {
        "q": "Is it secure?",
        "a": "Yes, it uses wallet-based authentication for delivery gating."
      }
    ],
    "cta": {
      "text": "Get Started Now"
    },
    "design": {
      "theme": "tech",
      "primary_color": "#ef4444",
      "secondary_color": "#ef4444",
      "font_family": "system-ui, sans-serif",
      "layout_style": "professional"
    }
  },
  "assets": {
    "main_content_file": "product.pdf",
    "landing_page": "index.html"
  }
}