{
  "product_id": "20260220-000427-best-shopify-themes-2026-desig",
  "output_dir": "d:\\auto\\MetaPassiveIncome_FINAL\\outputs\\20260220-000427-best-shopify-themes-2026-desig",
  "main_asset": "d:\\auto\\MetaPassiveIncome_FINAL\\outputs\\20260220-000427-best-shopify-themes-2026-desig\\index.html",
  "schema_path": "d:\\auto\\MetaPassiveIncome_FINAL\\outputs\\20260220-000427-best-shopify-themes-2026-desig\\product_schema.json",
  "main_content_path": "d:\\auto\\MetaPassiveIncome_FINAL\\outputs\\20260220-000427-best-shopify-themes-2026-desig\\product.pdf",
  "checksum": "e8488ff4ba997724eb2a6a5cc4f71c50a23558c7ef89b83225ac77c856585c09",
  "generated_at": "20260220-000440",
  "status": "GENERATED_SUCCESS",
  "schema_driven": true,
  "notes": [
    "스키마 기반 생성 (product_schema.json)",
    "단일 파일 랜딩 페이지 (CSS/JS 내장)",
    "데이터 액션 라우터를 통한 버튼 기능"
  ]
}