day,channel,hook,cta,keywords
1,TikTok,"Avoid the top 5 mistakes when selling digital goods for crypto","Use the checklist and avoid expensive errors","conversion rate, funnel, landing page"
2,TikTok,"From 0 to first 10 sales: a realistic 7-day launch plan","Copy the exact system and ship this week","nowpayments, invoice, payment status"
3,YouTube Shorts,"From 0 to first 10 sales: a realistic 7-day launch plan","Copy the exact system and ship this week","web3 payments, digital product delivery"
4,X,"Avoid the top 5 mistakes when selling digital goods for crypto","Get the full premium guide + templates","conversion rate, funnel, landing page"
5,X,"From 0 to first 10 sales: a realistic 7-day launch plan","Copy the exact system and ship this week","conversion rate, funnel, landing page"
6,TikTok,"Turn crypto payments into a predictable revenue system","Copy the exact system and ship this week","crypto checkout, stablecoins, settlement"
7,YouTube Shorts,"Turn crypto payments into a predictable revenue system","Copy the exact system and ship this week","conversion rate, funnel, landing page"
8,Instagram,"Stop paying card fees — settle globally in minutes","Use the checklist and avoid expensive errors","conversion rate, funnel, landing page"
9,X,"Stop paying card fees — settle globally in minutes","Use the checklist and avoid expensive errors","automation, ops, support macros"
10,TikTok,"Stop paying card fees — settle globally in minutes","Get the full premium guide + templates","conversion rate, funnel, landing page"
11,Reddit,"Stop paying card fees — settle globally in minutes","Download the bundle and deploy today","conversion rate, funnel, landing page"
12,Instagram,"Turn crypto payments into a predictable revenue system","Get the full premium guide + templates","conversion rate, funnel, landing page"
13,Blog,"From 0 to first 10 sales: a realistic 7-day launch plan","Download the bundle and deploy today","nowpayments, invoice, payment status"
14,Blog,"Privacy-first: reduce payment traceability in your ops","Download the bundle and deploy today","automation, ops, support macros"
15,TikTok,"Turn crypto payments into a predictable revenue system","Download the bundle and deploy today","crypto checkout, stablecoins, settlement"
16,Reddit,"Avoid the top 5 mistakes when selling digital goods for crypto","Copy the exact system and ship this week","conversion rate, funnel, landing page"
17,TikTok,"From 0 to first 10 sales: a realistic 7-day launch plan","Use the checklist and avoid expensive errors","web3 payments, digital product delivery"
18,Reddit,"Stop paying card fees — settle globally in minutes","Download the bundle and deploy today","conversion rate, funnel, landing page"
19,Instagram,"Avoid the top 5 mistakes when selling digital goods for crypto","Get the full premium guide + templates","nowpayments, invoice, payment status"
20,TikTok,"Stop paying card fees — settle globally in minutes","Download the bundle and deploy today","crypto checkout, stablecoins, settlement"
21,LinkedIn,"Stop paying card fees — settle globally in minutes","Get the full premium guide + templates","automation, ops, support macros"
22,LinkedIn,"Privacy-first: reduce payment traceability in your ops","Use the checklist and avoid expensive errors","nowpayments, invoice, payment status"
23,Reddit,"Privacy-first: reduce payment traceability in your ops","Get the full premium guide + templates","crypto checkout, stablecoins, settlement"
24,YouTube Shorts,"Upgrade conversion with trust blocks + proof metrics","Use the checklist and avoid expensive errors","conversion rate, funnel, landing page"
25,YouTube Shorts,"Upgrade conversion with trust blocks + proof metrics","Download the bundle and deploy today","automation, ops, support macros"
26,Reddit,"Turn crypto payments into a predictable revenue system","Download the bundle and deploy today","crypto checkout, stablecoins, settlement"
27,Blog,"Turn crypto payments into a predictable revenue system","Copy the exact system and ship this week","crypto checkout, stablecoins, settlement"
28,X,"Stop paying card fees — settle globally in minutes","Copy the exact system and ship this week","automation, ops, support macros"
29,Blog,"From 0 to first 10 sales: a realistic 7-day launch plan","Get the full premium guide + templates","web3 payments, digital product delivery"
30,X,"Privacy-first: reduce payment traceability in your ops","Use the checklist and avoid expensive errors","web3 payments, digital product delivery"
