{
  "product_id": "20260219-210308-best-shopify-themes-for-ecomme",
  "output_dir": "d:\\auto\\MetaPassiveIncome_FINAL\\outputs\\20260219-210308-best-shopify-themes-for-ecomme",
  "main_asset": "d:\\auto\\MetaPassiveIncome_FINAL\\outputs\\20260219-210308-best-shopify-themes-for-ecomme\\index.html",
  "schema_path": "d:\\auto\\MetaPassiveIncome_FINAL\\outputs\\20260219-210308-best-shopify-themes-for-ecomme\\product_schema.json",
  "main_content_path": "d:\\auto\\MetaPassiveIncome_FINAL\\outputs\\20260219-210308-best-shopify-themes-for-ecomme\\product.pdf",
  "checksum": "9014a2656fcc4d606c92dca9c47879099aea5992714a4bc7bd68a583a660f5a4",
  "generated_at": "20260219-210318",
  "status": "GENERATED_SUCCESS",
  "schema_driven": true,
  "notes": [
    "스키마 기반 생성 (product_schema.json)",
    "단일 파일 랜딩 페이지 (CSS/JS 내장)",
    "데이터 액션 라우터를 통한 버튼 기능"
  ]
}