{
  "product_id": "20260208-091400-online-course-sales-page-templ",
  "output_dir": "d:\\auto\\MetaPassiveIncome_FINAL\\outputs\\20260208-091400-online-course-sales-page-templ",
  "main_asset": "d:\\auto\\MetaPassiveIncome_FINAL\\outputs\\20260208-091400-online-course-sales-page-templ\\index.html",
  "schema_path": "d:\\auto\\MetaPassiveIncome_FINAL\\outputs\\20260208-091400-online-course-sales-page-templ\\product_schema.json",
  "main_content_path": "d:\\auto\\MetaPassiveIncome_FINAL\\outputs\\20260208-091400-online-course-sales-page-templ\\product.md",
  "checksum": "ef8523d72cb870614a43d20188923d7dad4b56f630a5283606d689eab9be7b36",
  "generated_at": "20260208-091400",
  "status": "GENERATED_SUCCESS",
  "schema_driven": true,
  "notes": [
    "스키마 기반 생성 (product_schema.json)",
    "단일 파일 랜딩 페이지 (CSS/JS 내장)",
    "데이터 액션 라우터를 통한 버튼 기능"
  ]
}