{
  "product_id": "20260220-200945-saas-for-small-business-and-st",
  "title": "Unlock Your Passive Income with SaaS For Small Business and Startups: 15 Micro SaaS Ideas in 2026",
  "target_customer": "Creators and merchants interested in SaaS For Small Business and Startups: 15 Micro SaaS Ideas in 2026",
  "value_proposition": "Leverage AI to create and sell digital products based on: SaaS For Small Business and Startups: 15 Micro SaaS Ideas in 2026",
  "sections": {
    "hero": {
      "headline": "Unlock Your Passive Income with SaaS For Small Business and Startups: 15 Micro SaaS Ideas in 2026",
      "subheadline": "Leverage AI to create and sell digital products based on: SaaS For Small Business and Startups: 15 Micro SaaS Ideas in 2026"
    },
    "problem": {
      "description": "Creating and selling digital products is complex and time-consuming. Most creators fail due to technical friction and lack of a structured system."
    },
    "solution": {
      "description": "A professional-grade implementation system that handles everything from landing to delivery. Focus on your content, we handle the infrastructure."
    },
    "features": [
      "One-file deployment architecture for SaaS For Small Business and Startups: 15 Micro SaaS Ideas in 2026",
      "Secure token-gated delivery for SaaS For Small Business and Startups: 15 Micro SaaS Ideas in 2026",
      "Conversion-optimized landing components for SaaS For Small Business and Startups: 15 Micro SaaS Ideas in 2026",
      "Built-in analytics & tracking for SaaS For Small Business and Startups: 15 Micro SaaS Ideas in 2026",
      "Automated promotion asset generator for SaaS For Small Business and Startups: 15 Micro SaaS Ideas in 2026"
    ],
    "benefits": [
      "Ship faster with ready SaaS For Small Business and Startups: 15 Micro SaaS Ideas in 2026 templates",
      "Increase conversion with clear SaaS For Small Business and Startups: 15 Micro SaaS Ideas in 2026 value prop",
      "Operate with predictable SaaS For Small Business and Startups: 15 Micro SaaS Ideas in 2026 delivery flow",
      "Scale experimentation with simple SaaS For Small Business and Startups: 15 Micro SaaS Ideas in 2026 A/B hooks"
    ],
    "pricing": {
      "tier_name": "Standard Access",
      "price": "$59.00"
    },
    "faq": [
      {
        "q": "What is included?",
        "a": "You get the full landing page, the SaaS For Small Business and Startups: 15 Micro SaaS Ideas in 2026 guide, and automated delivery setup."
      },
      {
        "q": "How do I deploy?",
        "a": "Upload to Vercel, Netlify, or any static host. No backend needed."
      },
      {
        "q": "Is it secure?",
        "a": "Yes, it uses wallet-based authentication for delivery gating."
      }
    ],
    "cta": {
      "text": "Get Started Now"
    },
    "design": {
      "theme": "saas",
      "primary_color": "#6366f1",
      "secondary_color": "#6366f1",
      "font_family": "Georgia, serif",
      "layout_style": "creative"
    }
  },
  "assets": {
    "main_content_file": "product.pdf",
    "landing_page": "index.html"
  },
  "_injected_price": "$59.00",
  "_market_price": "$179.00",
  "price": "59"
}