{
  "product_id": "20260208-063410-ai-powered-passive-income-guid",
  "output_dir": "d:\\auto\\MetaPassiveIncome_FINAL\\outputs\\20260208-063410-ai-powered-passive-income-guid",
  "main_asset": "d:\\auto\\MetaPassiveIncome_FINAL\\outputs\\20260208-063410-ai-powered-passive-income-guid\\index.html",
  "schema_path": "d:\\auto\\MetaPassiveIncome_FINAL\\outputs\\20260208-063410-ai-powered-passive-income-guid\\product_schema.json",
  "main_content_path": "d:\\auto\\MetaPassiveIncome_FINAL\\outputs\\20260208-063410-ai-powered-passive-income-guid\\product.md",
  "checksum": "cac98fa6c6da973cc089cdffd997c33b44ef95c7bc40a6ba6cc7e4063468afed",
  "generated_at": "20260208-063410",
  "status": "GENERATED_SUCCESS",
  "schema_driven": true,
  "notes": [
    "스키마 기반 생성 (product_schema.json)",
    "단일 파일 랜딩 페이지 (CSS/JS 내장)",
    "데이터 액션 라우터를 통한 버튼 기능"
  ]
}