{
  "product_id": "20260220-022707-8-creative-ideas-to-make-ai-ge",
  "title": "Unlock Your Passive Income with 8 Creative Ideas to Make AI-Generated Digital Products Unique",
  "target_customer": "Creators and merchants interested in 8 Creative Ideas to Make AI-Generated Digital Products Unique",
  "value_proposition": "Leverage AI to create and sell digital products based on: 8 Creative Ideas to Make AI-Generated Digital Products Unique",
  "sections": {
    "hero": {
      "headline": "Unlock Your Passive Income with 8 Creative Ideas to Make AI-Generated Digital Products Unique",
      "subheadline": "Leverage AI to create and sell digital products based on: 8 Creative Ideas to Make AI-Generated Digital Products Unique"
    },
    "problem": {
      "description": "Manual AI workflows are slow and error-prone. Without a structured automation system, scaling AI-driven tasks leads to inconsistent quality and high operational costs."
    },
    "solution": {
      "description": "A robust AI automation framework with pre-built prompt templates, error-handling logic, and automated quality gates. Designed for high-scale AI operations."
    },
    "features": [
      "Hardened prompt engineering library for 8 Creative Ideas to Make AI-Generated Digital Products Unique",
      "Automated quality gate & validation logic for 8 Creative Ideas to Make AI-Generated Digital Products Unique",
      "Rate-limit & retry handling system for 8 Creative Ideas to Make AI-Generated Digital Products Unique",
      "Structured output (JSON/Markdown) templates for 8 Creative Ideas to Make AI-Generated Digital Products Unique",
      "AI-to-Human handoff workflows for 8 Creative Ideas to Make AI-Generated Digital Products Unique"
    ],
    "benefits": [
      "Ship faster with ready 8 Creative Ideas to Make AI-Generated Digital Products Unique templates",
      "Increase conversion with clear 8 Creative Ideas to Make AI-Generated Digital Products Unique value prop",
      "Operate with predictable 8 Creative Ideas to Make AI-Generated Digital Products Unique delivery flow",
      "Scale experimentation with simple 8 Creative Ideas to Make AI-Generated Digital Products Unique A/B hooks"
    ],
    "pricing": {
      "tier_name": "Standard Access",
      "price": "$29.00"
    },
    "faq": [
      {
        "q": "What is included?",
        "a": "You get the full landing page, the 8 Creative Ideas to Make AI-Generated Digital Products Unique guide, and automated delivery setup."
      },
      {
        "q": "How do I deploy?",
        "a": "Upload to Vercel, Netlify, or any static host. No backend needed."
      },
      {
        "q": "Is it secure?",
        "a": "Yes, it uses wallet-based authentication for delivery gating."
      }
    ],
    "cta": {
      "text": "Get Started Now"
    },
    "design": {
      "theme": "tech",
      "primary_color": "#8b5cf6",
      "secondary_color": "#8b5cf6",
      "font_family": "Roboto, sans-serif",
      "layout_style": "bold"
    }
  },
  "assets": {
    "main_content_file": "product.pdf",
    "landing_page": "index.html"
  },
  "_injected_price": "$29.00",
  "_market_price": "$49.00",
  "price": "29"
}