{
  "product_id": "20260207-094030-소셜-미디어-link-in-bio-페이지",
  "output_dir": "d:\\auto\\MetaPassiveIncome_FINAL\\outputs\\20260207-094030-소셜-미디어-link-in-bio-페이지",
  "main_asset": "d:\\auto\\MetaPassiveIncome_FINAL\\outputs\\20260207-094030-소셜-미디어-link-in-bio-페이지\\index.html",
  "schema_path": "d:\\auto\\MetaPassiveIncome_FINAL\\outputs\\20260207-094030-소셜-미디어-link-in-bio-페이지\\product_schema.json",
  "main_content_path": "d:\\auto\\MetaPassiveIncome_FINAL\\outputs\\20260207-094030-소셜-미디어-link-in-bio-페이지\\product.md",
  "checksum": "f224dd981c9f67e5a64fb5ae8f637ef2832c5e3c96932566a150ee230d7244ea",
  "generated_at": "20260207-094032",
  "status": "GENERATED_SUCCESS",
  "schema_driven": true,
  "notes": [
    "스키마 기반 생성 (product_schema.json)",
    "단일 파일 랜딩 페이지 (CSS/JS 내장)",
    "데이터 액션 라우터를 통한 버튼 기능"
  ]
}