{
  "product_id": "20260213-111129-minimalist-saas-landing-page",
  "output_dir": "d:\\auto\\MetaPassiveIncome_FINAL\\outputs\\20260213-111129-minimalist-saas-landing-page",
  "main_asset": "d:\\auto\\MetaPassiveIncome_FINAL\\outputs\\20260213-111129-minimalist-saas-landing-page\\index.html",
  "schema_path": "d:\\auto\\MetaPassiveIncome_FINAL\\outputs\\20260213-111129-minimalist-saas-landing-page\\product_schema.json",
  "main_content_path": "d:\\auto\\MetaPassiveIncome_FINAL\\outputs\\20260213-111129-minimalist-saas-landing-page\\product.md",
  "checksum": "91c1543ea1d765644ebe1a1a4863f879af656bea9f6cabdda888f0411cafb1c8",
  "generated_at": "20260213-111129",
  "status": "GENERATED_SUCCESS",
  "schema_driven": true,
  "notes": [
    "스키마 기반 생성 (product_schema.json)",
    "단일 파일 랜딩 페이지 (CSS/JS 내장)",
    "데이터 액션 라우터를 통한 버튼 기능"
  ]
}