{
  "product_id": "20260219-160930-the-best-notion-templates-for",
  "output_dir": "d:\\auto\\MetaPassiveIncome_FINAL\\outputs\\20260219-160930-the-best-notion-templates-for",
  "main_asset": "d:\\auto\\MetaPassiveIncome_FINAL\\outputs\\20260219-160930-the-best-notion-templates-for\\index.html",
  "schema_path": "d:\\auto\\MetaPassiveIncome_FINAL\\outputs\\20260219-160930-the-best-notion-templates-for\\product_schema.json",
  "main_content_path": "d:\\auto\\MetaPassiveIncome_FINAL\\outputs\\20260219-160930-the-best-notion-templates-for\\product.pdf",
  "checksum": "ce1e9c0eefb31ab7eb2b995b898058e9cc493a0c701e388b069ee136969c8ac5",
  "generated_at": "20260219-160938",
  "status": "GENERATED_SUCCESS",
  "schema_driven": true,
  "notes": [
    "스키마 기반 생성 (product_schema.json)",
    "단일 파일 랜딩 페이지 (CSS/JS 내장)",
    "데이터 액션 라우터를 통한 버튼 기능"
  ]
}