{
  "product_id": "20260213-053132-crypto-wallet-buyer-playbook-p",
  "output_dir": "d:\\auto\\MetaPassiveIncome_FINAL\\outputs\\20260213-053132-crypto-wallet-buyer-playbook-p",
  "main_asset": "d:\\auto\\MetaPassiveIncome_FINAL\\outputs\\20260213-053132-crypto-wallet-buyer-playbook-p\\index.html",
  "schema_path": "d:\\auto\\MetaPassiveIncome_FINAL\\outputs\\20260213-053132-crypto-wallet-buyer-playbook-p\\product_schema.json",
  "main_content_path": "d:\\auto\\MetaPassiveIncome_FINAL\\outputs\\20260213-053132-crypto-wallet-buyer-playbook-p\\product.md",
  "checksum": "d30d6ad6fb45dc97170b74531dc96563a7b50a5297390e56e31865edc8e90f79",
  "generated_at": "20260213-053132",
  "status": "GENERATED_SUCCESS",
  "schema_driven": true,
  "notes": [
    "스키마 기반 생성 (product_schema.json)",
    "단일 파일 랜딩 페이지 (CSS/JS 내장)",
    "데이터 액션 라우터를 통한 버튼 기능"
  ]
}