{
  "product_id": "20260213-153342-간단-리드-마그넷-다운로드-페이지",
  "output_dir": "d:\\auto\\MetaPassiveIncome_FINAL\\outputs\\20260213-153342-간단-리드-마그넷-다운로드-페이지",
  "main_asset": "d:\\auto\\MetaPassiveIncome_FINAL\\outputs\\20260213-153342-간단-리드-마그넷-다운로드-페이지\\index.html",
  "schema_path": "d:\\auto\\MetaPassiveIncome_FINAL\\outputs\\20260213-153342-간단-리드-마그넷-다운로드-페이지\\product_schema.json",
  "main_content_path": "d:\\auto\\MetaPassiveIncome_FINAL\\outputs\\20260213-153342-간단-리드-마그넷-다운로드-페이지\\product.md",
  "checksum": "3bbef8583dc0a5db5b25f19ce8e4963d618f3e8174a1d49134512d130f4e6a6b",
  "generated_at": "20260213-153343",
  "status": "GENERATED_SUCCESS",
  "schema_driven": true,
  "notes": [
    "스키마 기반 생성 (product_schema.json)",
    "단일 파일 랜딩 페이지 (CSS/JS 내장)",
    "데이터 액션 라우터를 통한 버튼 기능"
  ]
}