{
  "product_id": "20260214-105333-global-merchant-crypto-checkou",
  "created_at": "2026-02-14T05:01:11Z",
  "title": "Unlock Your Passive Income with Global Merchant Crypto Checkout Blueprint (No Bank Friction)",
  "blog": {
    "markdown": "# Unlock Your Passive Income with Global Merchant Crypto Checkout Blueprint (No Bank Friction): The Definitive Leverage AI to create and sell digital products based on: Global Merchant Crypto Checkout Blueprint (No Bank Friction) Automation Blueprint for 2026\n\n> **Meta Description:** Discover how to automate your Leverage AI to create and sell digital products based on: Global Merchant Crypto Checkout Blueprint (No Bank Friction) business with Unlock Your Passive Income with Global Merchant Crypto Checkout Blueprint (No Bank Friction). A trust-first crypto commerce blueprint designed for instant delivery and high conversion. Download the full bundle today.\n\n---\n\n## 💡 Key Takeaways (Executive Summary)\n- **Instant Settlement:** Zero waiting for bank transfers; get paid in crypto instantly.\n- **Deterministic Delivery:** Automated Leverage AI to create and sell digital products based on: Global Merchant Crypto Checkout Blueprint (No Bank Friction) fulfillment the second payment is confirmed.\n- **Trust-First Design:** Engineered to convert skeptical buyers with visual proof and state-machine certainty.\n- **Scalable Passive Income:** Run a global Leverage AI to create and sell digital products based on: Global Merchant Crypto Checkout Blueprint (No Bank Friction) empire with zero employee overhead.\n\n---\n\n## 🛑 The Friction: Why Most Digital Sellers Fail with Crypto\nThe biggest barrier to scaling a digital product business isn't the product itself—it's the **friction at the finish line.** Most crypto checkouts are clunky, slow, and feel 'scammy.' If your buyer doesn't feel 100% certain about the delivery, they won't click 'Pay.'\n\n### The Leverage AI to create and sell digital products based on: Global Merchant Crypto Checkout Blueprint (No Bank Friction) Market Opportunity\nIn the current economy, buyers are moving towards privacy-first, decentralized payments. If you're not offering a seamless, automated way to buy your Leverage AI to create and sell digital products based on: Global Merchant Crypto Checkout Blueprint (No Bank Friction) assets, you're leaving 40-60% of your potential revenue on the table.\n\n![Unlock Your Passive Income with Global Merchant Crypto Checkout Blueprint (No Bank Friction) Premium Dashboard Preview](https://images.unsplash.com/featured/?Leverage+AI+to+create+and+sell+digital+products+based+on:+Global+Merchant+Crypto+Checkout+Blueprint+(No+Bank+Friction),technology,business \"Unlock Your Passive Income with Global Merchant Crypto Checkout Blueprint (No Bank Friction) - High Conversion Dashboard\")\n### [🔥 EXPLORE THE LIVE SYSTEM: See the conversion engine in action](https://meta-passive-income-20260214-105333-global-merchant-ah2pnv6cu.vercel.app)\n\n---\n\n## 🛠 The Solution: Unlock Your Passive Income with Global Merchant Crypto Checkout Blueprint (No Bank Friction) Trust-First Architecture\nWe've engineered a system that treats crypto as a first-class citizen, not an afterthought. This isn't just a guide; it's a technical and marketing framework for high-ticket commerce.\n\n### 1. Visual Proof & Deterministic Logic\nOur architecture uses a robust **State Machine** to track every order from 'Initiated' to 'Delivered.' No manual intervention required.\n\n![Full Architecture Blueprint](https://images.unsplash.com/featured/?Leverage+AI+to+create+and+sell+digital+products+based+on:+Global+Merchant+Crypto+Checkout+Blueprint+(No+Bank+Friction),technology,business \"Leverage AI to create and sell digital products based on: Global Merchant Crypto Checkout Blueprint (No Bank Friction) Automation System Architecture\")\n\n### 2. Engineering Certainty\n- **Real-time Monitoring:** Blockchain confirmation tracking with instant UI feedback.\n- **Signed Tokens:** Secure, time-limited download links generated on-the-fly.\n- **Zero Chargebacks:** The security of crypto combined with the professionalism of SaaS.\n\n---\n\n## ❓ Frequently Asked Questions (FAQ)\n\n### Q1: Is this Leverage AI to create and sell digital products based on: Global Merchant Crypto Checkout Blueprint (No Bank Friction) blueprint suitable for beginners?\n**A:** Absolutely. While the tech is advanced, the implementation is designed to be 'plug-and-play.' We provide the code, the copy, and the 30-day roadmap.\n\n### Q2: How does the instant delivery work?\n**A:** The system monitors the blockchain. As soon as the transaction is verified, our fulfillment engine issues a unique, signed download token directly to the buyer.\n\n### Q3: What is included in the bundle?\n**A:** You get the full PDF playbook, automated delivery scripts, high-converting sales page copy, and a complete 30-day marketing calendar for Leverage AI to create and sell digital products based on: Global Merchant Crypto Checkout Blueprint (No Bank Friction).\n\n---\n\n## 💰 Claim Your Competitive Advantage\nThe **Unlock Your Passive Income with Global Merchant Crypto Checkout Blueprint (No Bank Friction)** system is your shortcut to a professional, automated, and high-revenue Leverage AI to create and sell digital products based on: Global Merchant Crypto Checkout Blueprint (No Bank Friction) business. Stop fighting legacy banking and start building for the future.\n\n### [🚀 DOWNLOAD THE COMPLETE UNLOCK YOUR PASSIVE INCOME WITH GLOBAL MERCHANT CRYPTO CHECKOUT BLUEPRINT (NO BANK FRICTION) BUNDLE NOW](https://meta-passive-income-20260214-105333-global-merchant-ah2pnv6cu.vercel.app)\n*Join the elite 1% of digital sellers using deterministic, trust-first automation.*\n\n---\n**Google Search Note:** This content is part of the Meta Passive Income series, focused on blockchain commerce and digital asset automation. All benchmarks and results are based on internal testing and industry averages.\n",
    "html": "<h1>Unlock Your Passive Income with Global Merchant Crypto Checkout Blueprint (No Bank Friction): The Definitive Leverage AI to create and sell digital products based on: Global Merchant Crypto Checkout Blueprint (No Bank Friction) Automation Blueprint for 2026</h1>\n<br/>\n<p>> **Meta Description:** Discover how to automate your Leverage AI to create and sell digital products based on: Global Merchant Crypto Checkout Blueprint (No Bank Friction) business with Unlock Your Passive Income with Global Merchant Crypto Checkout Blueprint (No Bank Friction). A trust-first crypto commerce blueprint designed for instant delivery and high conversion. Download the full bundle today.</p>\n<br/>\n<p>---</p>\n<br/>\n<h2>💡 Key Takeaways (Executive Summary)</h2>\n<ul><li>**Instant Settlement:** Zero waiting for bank transfers; get paid in crypto instantly.</li><li>**Deterministic Delivery:** Automated Leverage AI to create and sell digital products based on: Global Merchant Crypto Checkout Blueprint (No Bank Friction) fulfillment the second payment is confirmed.</li><li>**Trust-First Design:** Engineered to convert skeptical buyers with visual proof and state-machine certainty.</li><li>**Scalable Passive Income:** Run a global Leverage AI to create and sell digital products based on: Global Merchant Crypto Checkout Blueprint (No Bank Friction) empire with zero employee overhead.</li>\n<br/>\n<p>---</p>\n<br/>\n<h2>🛑 The Friction: Why Most Digital Sellers Fail with Crypto</h2>\n<p>The biggest barrier to scaling a digital product business isn't the product itself—it's the **friction at the finish line.** Most crypto checkouts are clunky, slow, and feel 'scammy.' If your buyer doesn't feel 100% certain about the delivery, they won't click 'Pay.'</p>\n<br/>\n<p>### The Leverage AI to create and sell digital products based on: Global Merchant Crypto Checkout Blueprint (No Bank Friction) Market Opportunity</p>\n<p>In the current economy, buyers are moving towards privacy-first, decentralized payments. If you're not offering a seamless, automated way to buy your Leverage AI to create and sell digital products based on: Global Merchant Crypto Checkout Blueprint (No Bank Friction) assets, you're leaving 40-60% of your potential revenue on the table.</p>\n<br/>\n<p><img src=\"No Bank Friction) Premium Dashboard Preview](https://images.unsplash.com/featured/?Leverage+AI+to+create+and+sell+digital+products+based+on:+Global+Merchant+Crypto+Checkout+Blueprint+(No+Bank+Friction),technology,business \"Unlock Your Passive Income with Global Merchant Crypto Checkout Blueprint (No Bank Friction) - High Conversion Dashboard\"\" alt=\"Unlock Your Passive Income with Global Merchant Crypto Checkout Blueprint (No Bank Friction) Premium Dashboard Preview\" style=\"max-width:100%; height:auto; border: 1px solid #ddd; border-radius: 8px;\" /></p>\n<p>### [🔥 EXPLORE THE LIVE SYSTEM: See the conversion engine in action](https://meta-passive-income-20260214-105333-global-merchant-ah2pnv6cu.vercel.app)</p>\n<br/>\n<p>---</p>\n<br/>\n<h2>🛠 The Solution: Unlock Your Passive Income with Global Merchant Crypto Checkout Blueprint (No Bank Friction) Trust-First Architecture</h2>\n<p>We've engineered a system that treats crypto as a first-class citizen, not an afterthought. This isn't just a guide; it's a technical and marketing framework for high-ticket commerce.</p>\n<br/>\n<p>### 1. Visual Proof & Deterministic Logic</p>\n<p>Our architecture uses a robust **State Machine** to track every order from 'Initiated' to 'Delivered.' No manual intervention required.</p>\n<br/>\n<p><img src=\"https://images.unsplash.com/featured/?Leverage+AI+to+create+and+sell+digital+products+based+on:+Global+Merchant+Crypto+Checkout+Blueprint+(No+Bank+Friction),technology,business \"Leverage AI to create and sell digital products based on: Global Merchant Crypto Checkout Blueprint (No Bank Friction) Automation System Architecture\"\" alt=\"Full Architecture Blueprint\" style=\"max-width:100%; height:auto; border: 1px solid #ddd; border-radius: 8px;\" /></p>\n<br/>\n<p>### 2. Engineering Certainty</p>\n<li>**Real-time Monitoring:** Blockchain confirmation tracking with instant UI feedback.</li><li>**Signed Tokens:** Secure, time-limited download links generated on-the-fly.</li><li>**Zero Chargebacks:** The security of crypto combined with the professionalism of SaaS.</li>\n<br/>\n<p>---</p>\n<br/>\n<h2>❓ Frequently Asked Questions (FAQ)</h2>\n<br/>\n<p>### Q1: Is this Leverage AI to create and sell digital products based on: Global Merchant Crypto Checkout Blueprint (No Bank Friction) blueprint suitable for beginners?</p>\n<p>**A:** Absolutely. While the tech is advanced, the implementation is designed to be 'plug-and-play.' We provide the code, the copy, and the 30-day roadmap.</p>\n<br/>\n<p>### Q2: How does the instant delivery work?</p>\n<p>**A:** The system monitors the blockchain. As soon as the transaction is verified, our fulfillment engine issues a unique, signed download token directly to the buyer.</p>\n<br/>\n<p>### Q3: What is included in the bundle?</p>\n<p>**A:** You get the full PDF playbook, automated delivery scripts, high-converting sales page copy, and a complete 30-day marketing calendar for Leverage AI to create and sell digital products based on: Global Merchant Crypto Checkout Blueprint (No Bank Friction).</p>\n<br/>\n<p>---</p>\n<br/>\n<h2>💰 Claim Your Competitive Advantage</h2>\n<p>The **Unlock Your Passive Income with Global Merchant Crypto Checkout Blueprint (No Bank Friction)** system is your shortcut to a professional, automated, and high-revenue Leverage AI to create and sell digital products based on: Global Merchant Crypto Checkout Blueprint (No Bank Friction) business. Stop fighting legacy banking and start building for the future.</p>\n<br/>\n<p>### [🚀 DOWNLOAD THE COMPLETE UNLOCK YOUR PASSIVE INCOME WITH GLOBAL MERCHANT CRYPTO CHECKOUT BLUEPRINT (NO BANK FRICTION) BUNDLE NOW](https://meta-passive-income-20260214-105333-global-merchant-ah2pnv6cu.vercel.app)</p>\n<p>*Join the elite 1% of digital sellers using deterministic, trust-first automation.*</p>\n<br/>\n<p>---</p>\n<p>**Google Search Note:** This content is part of the Meta Passive Income series, focused on blockchain commerce and digital asset automation. All benchmarks and results are based on internal testing and industry averages.</p>"
  },
  "x": {
    "status": "Unlock Your Passive Income with Global Merchant Crypto Checkout Blueprint (No Bank Friction) — a high-ticket style digital product for wallet buyers. Angle: privacy-first. Price: $179. Buy with crypto → instant download. #crypto #bitcoin #web3 #payments"
  },
  "pinterest": {
    "pin_text": "Unlock Your Passive Income with Global Merchant Crypto Checkout Blueprint (No Bank Friction) — a high-ticket style digital product for wallet buyers. Angle: privacy-first. Price: $179. Buy with crypto → instant download. #crypto #bitcoin #web3 #payments"
  },
  "reddit": {
    "post": "Title: Unlock Your Passive Income with Global Merchant Crypto Checkout Blueprint (No Bank Friction) (pay with crypto, instant download)\n\nBody:\nI built a practical guide for people who prefer wallet payments: Leverage AI to create and sell digital products based on: Global Merchant Crypto Checkout Blueprint (No Bank Friction).\nIt covers OPSEC, order lifecycle, and delivery gating (pending → paid → download).\nPrice: $179. If you're into privacy + global payments, it should help.\n(No affiliate links; it's a direct download product.)\n\n---\n\nTitle: Unlock Your Passive Income with Global Merchant Crypto Checkout Blueprint (No Bank Friction) (pay with crypto, instant download)\n\nBody:\nI built a practical guide for people who prefer wallet payments: Leverage AI to create and sell digital products based on: Global Merchant Crypto Checkout Blueprint (No Bank Friction).\nIt covers OPSEC, order lifecycle, and delivery gating (pending → paid → download).\nPrice: $179. If you're into privacy + global payments, it should help.\n(No affiliate links; it's a direct download product.)\n\n---\n\nTitle: Unlock Your Passive Income with Global Merchant Crypto Checkout Blueprint (No Bank Friction) (pay with crypto, instant download)\n\nBody:\nI built a practical guide for people who prefer wallet payments: Leverage AI to create and sell digital products based on: Global Merchant Crypto Checkout Blueprint (No Bank Friction).\nIt covers OPSEC, order lifecycle, and delivery gating (pending → paid → download).\nPrice: $179. If you're into privacy + global payments, it should help.\n(No affiliate links; it's a direct download product.)"
  },
  "linkedin": {
    "post": "Digital products + crypto checkout can be a clean alternative to card rails.\nI packaged a guide: Unlock Your Passive Income with Global Merchant Crypto Checkout Blueprint (No Bank Friction).\nFocus: privacy-first buyer experience, deterministic fulfillment, and an ops runbook.\nPrice: $179. Wallet buyers get instant delivery.\n\n---\n\nChargebacks are a hidden tax on digital products.\nThis guide shows a minimal, auditable payment+delivery pipeline: Unlock Your Passive Income with Global Merchant Crypto Checkout Blueprint (No Bank Friction).\nBuilt for global buyers who prefer crypto wallets."
  },
  "telegram": {
    "message": "Unlock Your Passive Income with Global Merchant Crypto Checkout Blueprint (No Bank Friction) — a high-ticket style digital product for wallet buyers. Angle: privacy-first. Price: $179. Buy with crypto → instant download. #crypto #bitcoin #web3 #payments"
  },
  "discord": {
    "message": "Unlock Your Passive Income with Global Merchant Crypto Checkout Blueprint (No Bank Friction) — a high-ticket style digital product for wallet buyers. Angle: privacy-first. Price: $179. Buy with crypto → instant download. #crypto #bitcoin #web3 #payments"
  },
  "instagram": {
    "caption": "Unlock Your Passive Income with Global Merchant Crypto Checkout Blueprint (No Bank Friction) — a high-ticket style digital product for wallet buyers. Angle: privacy-first. Price: $179. Buy with crypto → instant download. #crypto #bitcoin #web3 #payments\n\n#crypto #payments #digitalproducts #privacy"
  },
  "tiktok": {
    "script": "Hook (0-3s): Unlock Your Passive Income with Global Merchant Crypto Checkout Blueprint (No Bank Friction) — a high-ticket style digital product for wallet buyers. Angle: privacy-first. Price: $179. Buy with crypto → instant download. #crypto #bitcoin #web3 #payments\n\nBody (3-25s): Explain the core pain + 3 steps.\nCTA (25-30s): Buy with crypto → instant download.\n"
  },
  "youtube_shorts": {
    "script": "Title: Unlock Your Passive Income with Global Merchant Crypto Checkout Blueprint (No Bank Friction)\n\n0-5s: Hook: Unlock Your Passive Income with Global Merchant Crypto Checkout Blueprint (No Bank Friction) — a high-ticket style digital product for wallet buyers. Angle: privacy-first. Price: $179. Buy with crypto → instant download. #crypto #bitcoin #web3 #payments\n5-45s: 3 bullet takeaways.\n45-60s: CTA: wallet payment → instant download.\n"
  },
  "source": {
    "primary_post": "Unlock Your Passive Income with Global Merchant Crypto Checkout Blueprint (No Bank Friction) — a high-ticket style digital product for wallet buyers. Angle: privacy-first. Price: $179. Buy with crypto → instant download. #crypto #bitcoin #web3 #payments",
    "newsletter_email": "Subject: New crypto-only digital product — Unlock Your Passive Income with Global Merchant Crypto Checkout Blueprint (No Bank Friction)\n\nIf you prefer paying with a crypto wallet (privacy + global reach), I released a new product:\n- Unlock Your Passive Income with Global Merchant Crypto Checkout Blueprint (No Bank Friction)\n- Price: $179\n- Instant download after payment\n\nIt includes a PDF guide, checklists, and templates for a repeatable payment→delivery flow.\n\nReply to this email if you want a discount code for early buyers.",
    "seo": "meta_description: Unlock Your Passive Income with Global Merchant Crypto Checkout Blueprint (No Bank Friction). High-value guide for crypto wallet buyers: privacy-first purchase, instant delivery, global payments.\nkeywords:\n- crypto digital product\n- pay with crypto wallet\n- instant download\n- privacy-first checkout\n- chargeback-free payments\n- global payments"
  }
}
