{
  "product_id": "20260215-120036-metaverse-real-estate-marketin",
  "created_at": "2026-02-15T03:00:49Z",
  "title": "Metaverse-Real-Estate-Marketing-Guide",
  "blog": {
    "markdown": "# Metaverse-Real-Estate-Marketing-Guide: The Definitive Metaverse-Real-Estate-Marketing-Guide Automation Blueprint for 2026\n\n> **Meta Description:** Discover how to automate your Metaverse-Real-Estate-Marketing-Guide business with Metaverse-Real-Estate-Marketing-Guide. A trust-first crypto commerce blueprint designed for instant delivery and high conversion. Download the full bundle today.\n\n---\n\n## 💡 Key Takeaways (Executive Summary)\n- **Instant Settlement:** Zero waiting for bank transfers; get paid in crypto instantly.\n- **Scalable Passive Income:** Run a global Metaverse-Real-Estate-Marketing-Guide empire with zero employee overhead.\n- **Trust-First Design:** Engineered to convert skeptical buyers with visual proof and state-machine certainty.\n- **Privacy-First:** Secure your IP and your buyers' data with advanced encryption protocols.\n\n---\n\n## 🛑 The Friction: Why Most Digital Sellers Fail with Crypto\nThe biggest barrier to scaling a digital product business isn't the product itself—it's the **friction at the finish line.** Most crypto checkouts are clunky, slow, and feel 'scammy.' If your buyer doesn't feel 100% certain about the delivery, they won't click 'Pay.'\n\n### The Metaverse-Real-Estate-Marketing-Guide Market Opportunity\nIn the current economy, buyers are moving towards privacy-first, decentralized payments. If you're not offering a seamless, automated way to buy your Metaverse-Real-Estate-Marketing-Guide assets, you're leaving 40-60% of your potential revenue on the table.\n\n![Metaverse-Real-Estate-Marketing-Guide Premium Dashboard Preview](https://images.unsplash.com/featured/?Metaverse-Real-Estate-Marketing-Guide,technology,business&sig=640 \"Metaverse-Real-Estate-Marketing-Guide - High Conversion Dashboard\")\n### [🔥 EXPLORE THE LIVE SYSTEM: See the conversion engine in action](https://meta-passive-income-20260215-120036-metaverse-real-e4n10h0s4.vercel.app)\n#### [👉 🚀 GET INSTANT ACCESS TO METAVERSE-REAL-ESTATE-MARKETING-GUIDE](https://meta-passive-income-20260215-120036-metaverse-real-e4n10h0s4.vercel.app)\n\n---\n\n## 🛠 The Solution: Metaverse-Real-Estate-Marketing-Guide Trust-First Architecture\nWe've engineered a system that treats crypto as a first-class citizen, not an afterthought. This isn't just a guide; it's a technical and marketing framework for high-ticket commerce.\n\n### 1. Visual Proof & Deterministic Logic\nOur architecture uses a robust **State Machine** to track every order from 'Initiated' to 'Delivered.' No manual intervention required.\n\n![Full Architecture Blueprint](https://images.unsplash.com/featured/?Metaverse-Real-Estate-Marketing-Guide,technology,business&sig=640 \"Metaverse-Real-Estate-Marketing-Guide Automation System Architecture\")\n#### [👉 🚀 GET INSTANT ACCESS TO METAVERSE-REAL-ESTATE-MARKETING-GUIDE](https://meta-passive-income-20260215-120036-metaverse-real-e4n10h0s4.vercel.app)\n\n### 2. Engineering Certainty\n- **Real-time Monitoring:** Blockchain confirmation tracking with instant UI feedback.\n- **Signed Tokens:** Secure, time-limited download links generated on-the-fly.\n- **Zero Chargebacks:** The security of crypto combined with the professionalism of SaaS.\n\n---\n\n## ❓ Frequently Asked Questions (FAQ)\n\n### Q1: Is this Metaverse-Real-Estate-Marketing-Guide blueprint suitable for beginners?\n**A:** Absolutely. While the tech is advanced, the implementation is designed to be 'plug-and-play.' We provide the code, the copy, and the 30-day roadmap.\n\n### Q2: How does the instant delivery work?\n**A:** The system monitors the blockchain. As soon as the transaction is verified, our fulfillment engine issues a unique, signed download token directly to the buyer.\n\n### Q3: What is included in the bundle?\n**A:** You get the full PDF playbook, automated delivery scripts, high-converting sales page copy, and a complete 30-day marketing calendar for Metaverse-Real-Estate-Marketing-Guide.\n\n---\n\n## 💰 Claim Your Competitive Advantage\nThe **Metaverse-Real-Estate-Marketing-Guide** system is your shortcut to a professional, automated, and high-revenue Metaverse-Real-Estate-Marketing-Guide business. Stop fighting legacy banking and start building for the future.\n\n### [🚀 DOWNLOAD THE COMPLETE METAVERSE-REAL-ESTATE-MARKETING-GUIDE BUNDLE NOW](https://meta-passive-income-20260215-120036-metaverse-real-e4n10h0s4.vercel.app)\n#### [👉 CLICK HERE TO ACCESS METAVERSE-REAL-ESTATE-MARKETING-GUIDE INSTANTLY](https://meta-passive-income-20260215-120036-metaverse-real-e4n10h0s4.vercel.app)\n*Join the elite 1% of digital sellers using deterministic, trust-first automation.*\n\n---\n**Google Search Note:** This content is part of the Meta Passive Income series, focused on blockchain commerce and digital asset automation. All benchmarks and results are based on internal testing and industry averages.\n",
    "html": "\n<style>\n    .wp-promo-container { font-family: 'Inter', -apple-system, BlinkMacSystemFont, \"Segoe UI\", Roboto, sans-serif; line-height: 1.6; color: #333; max-width: 800px; margin: 0 auto; }\n    .wp-promo-header { text-align: center; margin-bottom: 40px; padding: 20px; background: linear-gradient(135deg, #f8fafc 0%, #f1f5f9 100%); border-radius: 16px; }\n    .wp-promo-header h1 { color: #1e293b; font-size: 2.5rem; margin-bottom: 16px; font-weight: 800; }\n    .wp-promo-header h3 { color: #64748b; font-size: 1.25rem; font-weight: 400; }\n    .wp-promo-image { width: 100%; border-radius: 12px; box-shadow: 0 10px 25px -5px rgba(0,0,0,0.1); margin: 30px 0; transition: transform 0.3s ease; }\n    .wp-promo-image:hover { transform: translateY(-5px); }\n    .wp-promo-cta { display: block; background: #2563eb; color: #ffffff !important; text-align: center; padding: 18px 32px; border-radius: 12px; font-weight: 700; font-size: 1.25rem; text-decoration: none !important; margin: 40px 0; box-shadow: 0 4px 14px 0 rgba(37, 99, 235, 0.39); }\n    .wp-promo-cta:hover { background: #1d4ed8; transform: scale(1.02); }\n    .wp-promo-section { margin: 40px 0; padding: 20px; border-left: 4px solid #3b82f6; background: #f0f9ff; border-radius: 0 12px 12px 0; }\n    .wp-promo-section h2 { color: #1e3a8a; margin-top: 0; }\n    .wp-promo-grid { display: grid; grid-template-columns: 1fr 1fr; gap: 20px; margin: 30px 0; }\n    @media (max-width: 600px) { .wp-promo-grid { grid-template-columns: 1fr; } }\n    .wp-promo-card { padding: 20px; border: 1px solid #e2e8f0; border-radius: 12px; background: white; }\n    .wp-promo-footer { margin-top: 60px; padding-top: 30px; border-top: 1px solid #e2e8f0; color: #94a3b8; font-size: 0.875rem; }\n</style>\n<div class=\"wp-promo-container\">\n\n<div class=\"wp-promo-header\"><h1>Metaverse-Real-Estate-Marketing-Guide: The Definitive Metaverse-Real-Estate-Marketing-Guide Automation Blueprint for 2026</h1>\n<br/>\n<p>> **Meta Description:** Discover how to automate your Metaverse-Real-Estate-Marketing-Guide business with Metaverse-Real-Estate-Marketing-Guide. A trust-first crypto commerce blueprint designed for instant delivery and high conversion. Download the full bundle today.</p>\n<br/>\n<hr style=\"border: 0; height: 1px; background: #e2e8f0; margin: 40px 0;\" />\n<br/>\n<div class=\"wp-promo-section\"><h2>💡 Key Takeaways (Executive Summary)</h2>\n<ul>\n<li>**Instant Settlement:** Zero waiting for bank transfers; get paid in crypto instantly.</li>\n<li>**Scalable Passive Income:** Run a global Metaverse-Real-Estate-Marketing-Guide empire with zero employee overhead.</li>\n<li>**Trust-First Design:** Engineered to convert skeptical buyers with visual proof and state-machine certainty.</li>\n<li>**Privacy-First:** Secure your IP and your buyers' data with advanced encryption protocols.</li>\n</ul>\n<br/>\n<hr style=\"border: 0; height: 1px; background: #e2e8f0; margin: 40px 0;\" />\n<br/>\n<div class=\"wp-promo-section\"><h2>🛑 The Friction: Why Most Digital Sellers Fail with Crypto</h2>\n<p>The biggest barrier to scaling a digital product business isn't the product itself—it's the **friction at the finish line.** Most crypto checkouts are clunky, slow, and feel 'scammy.' If your buyer doesn't feel 100% certain about the delivery, they won't click 'Pay.'</p>\n<br/>\n<h3>The Metaverse-Real-Estate-Marketing-Guide Market Opportunity</h3></div>\n<p>In the current economy, buyers are moving towards privacy-first, decentralized payments. If you're not offering a seamless, automated way to buy your Metaverse-Real-Estate-Marketing-Guide assets, you're leaving 40-60% of your potential revenue on the table.</p>\n<br/>\n<img src=\"https://images.unsplash.com/featured/?Metaverse-Real-Estate-Marketing-Guide,technology,business&sig=640 \"Metaverse-Real-Estate-Marketing-Guide - High Conversion Dashboard\"\" alt=\"Metaverse-Real-Estate-Marketing-Guide Premium Dashboard Preview\" class=\"wp-promo-image\" />\n<h3>[🔥 EXPLORE THE LIVE SYSTEM: See the conversion engine in action](https://meta-passive-income-20260215-120036-metaverse-real-e4n10h0s4.vercel.app)</h3></div>\n</div>\n<br/>\n<hr style=\"border: 0; height: 1px; background: #e2e8f0; margin: 40px 0;\" />\n<br/>\n<div class=\"wp-promo-section\"><h2>🛠 The Solution: Metaverse-Real-Estate-Marketing-Guide Trust-First Architecture</h2>\n<p>We've engineered a system that treats crypto as a first-class citizen, not an afterthought. This isn't just a guide; it's a technical and marketing framework for high-ticket commerce.</p>\n<br/>\n<h3>1. Visual Proof & Deterministic Logic</h3></div>\n<p>Our architecture uses a robust **State Machine** to track every order from 'Initiated' to 'Delivered.' No manual intervention required.</p>\n<br/>\n<img src=\"https://images.unsplash.com/featured/?Metaverse-Real-Estate-Marketing-Guide,technology,business&sig=640 \"Metaverse-Real-Estate-Marketing-Guide Automation System Architecture\"\" alt=\"Full Architecture Blueprint\" class=\"wp-promo-image\" />\n</div>\n<br/>\n<h3>2. Engineering Certainty</h3></div>\n<ul>\n<li>**Real-time Monitoring:** Blockchain confirmation tracking with instant UI feedback.</li>\n<li>**Signed Tokens:** Secure, time-limited download links generated on-the-fly.</li>\n<li>**Zero Chargebacks:** The security of crypto combined with the professionalism of SaaS.</li>\n</ul>\n<br/>\n<hr style=\"border: 0; height: 1px; background: #e2e8f0; margin: 40px 0;\" />\n<br/>\n<div class=\"wp-promo-section\"><h2>❓ Frequently Asked Questions (FAQ)</h2>\n<br/>\n<h3>Q1: Is this Metaverse-Real-Estate-Marketing-Guide blueprint suitable for beginners?</h3></div>\n<p>**A:** Absolutely. While the tech is advanced, the implementation is designed to be 'plug-and-play.' We provide the code, the copy, and the 30-day roadmap.</p>\n<br/>\n<h3>Q2: How does the instant delivery work?</h3></div>\n<p>**A:** The system monitors the blockchain. As soon as the transaction is verified, our fulfillment engine issues a unique, signed download token directly to the buyer.</p>\n<br/>\n<h3>Q3: What is included in the bundle?</h3></div>\n<p>**A:** You get the full PDF playbook, automated delivery scripts, high-converting sales page copy, and a complete 30-day marketing calendar for Metaverse-Real-Estate-Marketing-Guide.</p>\n<br/>\n<hr style=\"border: 0; height: 1px; background: #e2e8f0; margin: 40px 0;\" />\n<br/>\n<div class=\"wp-promo-section\"><h2>💰 Claim Your Competitive Advantage</h2>\n<p>The **Metaverse-Real-Estate-Marketing-Guide** system is your shortcut to a professional, automated, and high-revenue Metaverse-Real-Estate-Marketing-Guide business. Stop fighting legacy banking and start building for the future.</p>\n<br/>\n<h3>[🚀 DOWNLOAD THE COMPLETE METAVERSE-REAL-ESTATE-MARKETING-GUIDE BUNDLE NOW](https://meta-passive-income-20260215-120036-metaverse-real-e4n10h0s4.vercel.app)</h3></div>\n</div>\n<p>*Join the elite 1% of digital sellers using deterministic, trust-first automation.*</p>\n<br/>\n<hr style=\"border: 0; height: 1px; background: #e2e8f0; margin: 40px 0;\" />\n<p>**Google Search Note:** This content is part of the Meta Passive Income series, focused on blockchain commerce and digital asset automation. All benchmarks and results are based on internal testing and industry averages.</p>\n\n<script type=\"application/ld+json\">\n{\n  \"@context\": \"https://schema.org/\",\n  \"@type\": \"Product\",\n  \"name\": \"Metaverse-Real-Estate-Marketing-Guide\",\n  \"description\": \"Premium Digital Asset with Instant Crypto Delivery\",\n  \"offers\": {\n    \"@type\": \"Offer\",\n    \"url\": \"https://meta-passive-income-20260215-120036-metaverse-real-e4n10h0s4.vercel.app\",\n    \"priceCurrency\": \"USD\",\n    \"price\": \"29.00\",\n    \"availability\": \"https://schema.org/InStock\"\n  }\n}\n</script>\n\n</div>"
  },
  "source": {
    "primary_post": "Metaverse-Real-Estate-Marketing-Guide — a high-ticket style digital product for wallet buyers. Angle: instant delivery. Price: $29. Buy with crypto → instant download. #crypto #bitcoin #web3 #payments",
    "newsletter_email": "Subject: New crypto-only digital product — Metaverse-Real-Estate-Marketing-Guide\n\nIf you prefer paying with a crypto wallet (privacy + global reach), I released a new product:\n- Metaverse-Real-Estate-Marketing-Guide\n- Price: $29\n- Instant download after payment\n\nIt includes a PDF guide, checklists, and templates for a repeatable payment→delivery flow.\n\nReply to this email if you want a discount code for early buyers.",
    "seo": "meta_description: Metaverse-Real-Estate-Marketing-Guide. High-value guide for crypto wallet buyers: privacy-first purchase, instant delivery, global payments.\nkeywords:\n- crypto digital product\n- pay with crypto wallet\n- instant download\n- privacy-first checkout\n- chargeback-free payments\n- global payments"
  },
  "x": {
    "status": "Metaverse-Real-Estate-Marketing-Guide — a high-ticket style digital product for wallet buyers. Angle: instant delivery. Price: $29. Buy with crypto → instant download. #crypto #bitcoin #web3 #payments"
  },
  "instagram": {
    "caption": "💰 Chargeback-free doesn't mean zero support. Build boundaries.\n\n💎 Metaverse-Real-Estate-Marketing-Guide\n💵 Price: $29 (Pay with any major crypto)\n\nThe exact system we use to run a global digital goods empire with zero employees and zero bank friction. 🌍\n\nWhat's inside:\n  ✅ Instant delivery (Deterministic fulfillment)\n  ✅ Token-gated downloads (Protect your IP)\n  ✅ Full Ops Blueprint (Checklists + Templates)\n  ✅ Troubleshooting Matrix (Reduce support by 90%)\n\n👉 Link in Bio — Instant access after payment.\n\n#crypto #web3 #digitalproducts #passiveincome #solopreneur #stablecoins #nowpayments #automation #digitalmarketing"
  },
  "reddit": {
    "title": "Metaverse-Real-Estate-Marketing-Guide",
    "post": "Title: Metaverse-Real-Estate-Marketing-Guide (pay with crypto, instant download)\n\nBody:\nI built a practical guide for people who prefer wallet payments: Metaverse-Real-Estate-Marketing-Guide.\nIt covers OPSEC, order lifecycle, and delivery gating (pending → paid → download).\nPrice: $29. If you're into privacy + global payments, it should help.\n(No affiliate links; it's a direct download product.)\n\n---\n\nTitle: Metaverse-Real-Estate-Marketing-Guide (pay with crypto, instant download)\n\nBody:\nI built a practical guide for people who prefer wallet payments: Metaverse-Real-Estate-Marketing-Guide.\nIt covers OPSEC, order lifecycle, and delivery gating (pending → paid → download).\nPrice: $29. If you're into privacy + global payments, it should help.\n(No affiliate links; it's a direct download product.)\n\n---\n\nTitle: Metaverse-Real-Estate-Marketing-Guide (pay with crypto, instant download)\n\nBody:\nI built a practical guide for people who prefer wallet payments: Metaverse-Real-Estate-Marketing-Guide.\nIt covers OPSEC, order lifecycle, and delivery gating (pending → paid → download).\nPrice: $29. If you're into privacy + global payments, it should help.\n(No affiliate links; it's a direct download product.)"
  },
  "linkedin": {
    "post": "Digital products + crypto checkout can be a clean alternative to card rails.\nI packaged a guide: Metaverse-Real-Estate-Marketing-Guide.\nFocus: privacy-first buyer experience, deterministic fulfillment, and an ops runbook.\nPrice: $29. Wallet buyers get instant delivery.\n\n---\n\nChargebacks are a hidden tax on digital products.\nThis guide shows a minimal, auditable payment+delivery pipeline: Metaverse-Real-Estate-Marketing-Guide.\nBuilt for global buyers who prefer crypto wallets."
  },
  "pinterest": {
    "title": "Metaverse-Real-Estate-Marketing-Guide",
    "description": "Metaverse-Real-Estate-Marketing-Guide — a high-ticket style digital product for wallet buyers. Angle: instant delivery. Price: $29. Buy with crypto → instant download. #crypto #bitcoin #web3 #payments",
    "link": "https://meta-passive-income-20260215-120036-metaverse-real-e4n10h0s4.vercel.app",
    "image_url": "",
    "pin_text": "Metaverse-Real-Estate-Marketing-Guide — a high-ticket style digital product for wallet buyers. Angle: instant delivery. Price: $29. Buy with crypto → instant download. #crypto #bitcoin #web3 #payments"
  },
  "telegram": {
    "message": "Metaverse-Real-Estate-Marketing-Guide — a high-ticket style digital product for wallet buyers. Angle: instant delivery. Price: $29. Buy with crypto → instant download. #crypto #bitcoin #web3 #payments"
  },
  "discord": {
    "message": "Metaverse-Real-Estate-Marketing-Guide — a high-ticket style digital product for wallet buyers. Angle: instant delivery. Price: $29. Buy with crypto → instant download. #crypto #bitcoin #web3 #payments"
  },
  "tiktok": {
    "script": "SCRIPT 1\n🪝 HOOK: 🛑 Stop! You're losing sales because your checkout looks like a 1990s scam.\n📝 BODY: Bank chargebacks are a hidden tax on your hard work. Crypto fixes this. Instant settlement, zero disputes, pure profit.\n📊 PROOF: We include the full PDF playbook, automated scripts, and a 30-day promo calendar to get you started TODAY.\n💰 CTA: 💎 Don't wait for the banks to catch up. Launch today."
  },
  "youtube_shorts": {
    "script": "SCRIPT 1\n🪝 HOOK: 🛑 Stop! You're losing sales because your checkout looks like a 1990s scam.\n📝 BODY: Bank chargebacks are a hidden tax on your hard work. Crypto fixes this. Instant settlement, zero disputes, pure profit.\n📊 PROOF: We include the full PDF playbook, automated scripts, and a 30-day promo calendar to get you started TODAY.\n💰 CTA: 💎 Don't wait for the banks to catch up. Launch today."
  }
}
