{
  "product_id": "20260213-103204-소셜-미디어-프로필-링크-페이지",
  "output_dir": "d:\\auto\\MetaPassiveIncome_FINAL\\outputs\\20260213-103204-소셜-미디어-프로필-링크-페이지",
  "main_asset": "d:\\auto\\MetaPassiveIncome_FINAL\\outputs\\20260213-103204-소셜-미디어-프로필-링크-페이지\\index.html",
  "schema_path": "d:\\auto\\MetaPassiveIncome_FINAL\\outputs\\20260213-103204-소셜-미디어-프로필-링크-페이지\\product_schema.json",
  "main_content_path": "d:\\auto\\MetaPassiveIncome_FINAL\\outputs\\20260213-103204-소셜-미디어-프로필-링크-페이지\\product.md",
  "checksum": "0529591d7566c1612a760e319837c0f08657c20f27cd41a5caf899b5ecbc2c58",
  "generated_at": "20260213-103204",
  "status": "GENERATED_SUCCESS",
  "schema_driven": true,
  "notes": [
    "스키마 기반 생성 (product_schema.json)",
    "단일 파일 랜딩 페이지 (CSS/JS 내장)",
    "데이터 액션 라우터를 통한 버튼 기능"
  ]
}