{
  "product_id": "20260220-022846-10-best-shopify-themes-for-hig",
  "output_dir": "d:\\auto\\MetaPassiveIncome_FINAL\\outputs\\20260220-022846-10-best-shopify-themes-for-hig",
  "main_asset": "d:\\auto\\MetaPassiveIncome_FINAL\\outputs\\20260220-022846-10-best-shopify-themes-for-hig\\index.html",
  "schema_path": "d:\\auto\\MetaPassiveIncome_FINAL\\outputs\\20260220-022846-10-best-shopify-themes-for-hig\\product_schema.json",
  "main_content_path": "d:\\auto\\MetaPassiveIncome_FINAL\\outputs\\20260220-022846-10-best-shopify-themes-for-hig\\product.pdf",
  "checksum": "156db2b67eea584b2cd5b2487d44f43a0dcd13336d1753d2ef74f23c228f3bdf",
  "generated_at": "20260220-022900",
  "status": "GENERATED_SUCCESS",
  "schema_driven": true,
  "notes": [
    "스키마 기반 생성 (product_schema.json)",
    "단일 파일 랜딩 페이지 (CSS/JS 내장)",
    "데이터 액션 라우터를 통한 버튼 기능"
  ]
}