{
  "product_id": "20260220-022846-10-best-shopify-themes-for-hig",
  "title": "Unlock Your Passive Income with 10 Best Shopify Themes for High Conversions in 2026 Guide",
  "target_customer": "Creators and merchants interested in 10 Best Shopify Themes for High Conversions in 2026 Guide",
  "value_proposition": "Leverage AI to create and sell digital products based on: 10 Best Shopify Themes for High Conversions in 2026 Guide",
  "sections": {
    "hero": {
      "headline": "Unlock Your Passive Income with 10 Best Shopify Themes for High Conversions in 2026 Guide",
      "subheadline": "Leverage AI to create and sell digital products based on: 10 Best Shopify Themes for High Conversions in 2026 Guide"
    },
    "problem": {
      "description": "Generic e-commerce stores fail to build trust and suffer from high cart abandonment. Without a high-performance storefront, conversion remains stagnant."
    },
    "solution": {
      "description": "A conversion-optimized e-commerce engine with mobile-first UI, friction-free checkout, and built-in trust triggers. Built for modern digital merchants."
    },
    "features": [
      "Mobile-optimized high-speed landing UI for 10 Best Shopify Themes for High Conversions in 2026 Guide",
      "Trust-building proof & badge templates for 10 Best Shopify Themes for High Conversions in 2026 Guide",
      "Frictionless 1-click checkout flow for 10 Best Shopify Themes for High Conversions in 2026 Guide",
      "Automated order confirmation & tracking for 10 Best Shopify Themes for High Conversions in 2026 Guide",
      "Urgency & scarcity trigger system for 10 Best Shopify Themes for High Conversions in 2026 Guide"
    ],
    "benefits": [
      "Ship faster with ready 10 Best Shopify Themes for High Conversions in 2026 Guide templates",
      "Increase conversion with clear 10 Best Shopify Themes for High Conversions in 2026 Guide value prop",
      "Operate with predictable 10 Best Shopify Themes for High Conversions in 2026 Guide delivery flow",
      "Scale experimentation with simple 10 Best Shopify Themes for High Conversions in 2026 Guide A/B hooks"
    ],
    "pricing": {
      "tier_name": "Standard Access",
      "price": "$19.00"
    },
    "faq": [
      {
        "q": "What is included?",
        "a": "You get the full landing page, the 10 Best Shopify Themes for High Conversions in 2026 Guide guide, and automated delivery setup."
      },
      {
        "q": "How do I deploy?",
        "a": "Upload to Vercel, Netlify, or any static host. No backend needed."
      },
      {
        "q": "Is it secure?",
        "a": "Yes, it uses wallet-based authentication for delivery gating."
      }
    ],
    "cta": {
      "text": "Get Started Now"
    },
    "design": {
      "theme": "elegant",
      "primary_color": "#ef4444",
      "secondary_color": "#ef4444",
      "font_family": "Inter, sans-serif",
      "layout_style": "minimalist"
    }
  },
  "assets": {
    "main_content_file": "product.pdf",
    "landing_page": "index.html"
  }
}