{
  "product_id": "20260220-020936-a-dozen-digital-product-ideas",
  "title": "Unlock Your Passive Income with A Dozen Digital Product Ideas You Can Build With AI in 2026",
  "target_customer": "Creators and merchants interested in A Dozen Digital Product Ideas You Can Build With AI in 2026",
  "value_proposition": "Leverage AI to create and sell digital products based on: A Dozen Digital Product Ideas You Can Build With AI in 2026",
  "sections": {
    "hero": {
      "headline": "Unlock Your Passive Income with A Dozen Digital Product Ideas You Can Build With AI in 2026",
      "subheadline": "Leverage AI to create and sell digital products based on: A Dozen Digital Product Ideas You Can Build With AI in 2026"
    },
    "problem": {
      "description": "Manual AI workflows are slow and error-prone. Without a structured automation system, scaling AI-driven tasks leads to inconsistent quality and high operational costs."
    },
    "solution": {
      "description": "A robust AI automation framework with pre-built prompt templates, error-handling logic, and automated quality gates. Designed for high-scale AI operations."
    },
    "features": [
      "Hardened prompt engineering library for A Dozen Digital Product Ideas You Can Build With AI in 2026",
      "Automated quality gate & validation logic for A Dozen Digital Product Ideas You Can Build With AI in 2026",
      "Rate-limit & retry handling system for A Dozen Digital Product Ideas You Can Build With AI in 2026",
      "Structured output (JSON/Markdown) templates for A Dozen Digital Product Ideas You Can Build With AI in 2026",
      "AI-to-Human handoff workflows for A Dozen Digital Product Ideas You Can Build With AI in 2026"
    ],
    "benefits": [
      "Ship faster with ready A Dozen Digital Product Ideas You Can Build With AI in 2026 templates",
      "Increase conversion with clear A Dozen Digital Product Ideas You Can Build With AI in 2026 value prop",
      "Operate with predictable A Dozen Digital Product Ideas You Can Build With AI in 2026 delivery flow",
      "Scale experimentation with simple A Dozen Digital Product Ideas You Can Build With AI in 2026 A/B hooks"
    ],
    "pricing": {
      "tier_name": "Standard Access",
      "price": "$49.00"
    },
    "faq": [
      {
        "q": "What is included?",
        "a": "You get the full landing page, the A Dozen Digital Product Ideas You Can Build With AI in 2026 guide, and automated delivery setup."
      },
      {
        "q": "How do I deploy?",
        "a": "Upload to Vercel, Netlify, or any static host. No backend needed."
      },
      {
        "q": "Is it secure?",
        "a": "Yes, it uses wallet-based authentication for delivery gating."
      }
    ],
    "cta": {
      "text": "Get Started Now"
    },
    "design": {
      "theme": "elegant",
      "primary_color": "#f59e0b",
      "secondary_color": "#f59e0b",
      "font_family": "Georgia, serif",
      "layout_style": "creative"
    }
  },
  "assets": {
    "main_content_file": "product.pdf",
    "landing_page": "index.html"
  }
}