{
  "product_id": "20260213-102635-crypto-wallet-checkout-token-g",
  "output_dir": "d:\\auto\\MetaPassiveIncome_FINAL\\outputs\\20260213-102635-crypto-wallet-checkout-token-g",
  "main_asset": "d:\\auto\\MetaPassiveIncome_FINAL\\outputs\\20260213-102635-crypto-wallet-checkout-token-g\\index.html",
  "schema_path": "d:\\auto\\MetaPassiveIncome_FINAL\\outputs\\20260213-102635-crypto-wallet-checkout-token-g\\product_schema.json",
  "main_content_path": "d:\\auto\\MetaPassiveIncome_FINAL\\outputs\\20260213-102635-crypto-wallet-checkout-token-g\\product.md",
  "checksum": "6e82fe2d7b90dcc24a42179bbd4bb64ecbc198c29bb4ad0fd35c9cd1e82d8a67",
  "generated_at": "20260213-102635",
  "status": "GENERATED_SUCCESS",
  "schema_driven": true,
  "notes": [
    "스키마 기반 생성 (product_schema.json)",
    "단일 파일 랜딩 페이지 (CSS/JS 내장)",
    "데이터 액션 라우터를 통한 버튼 기능"
  ]
}