{
  "product_id": "20260219-180224-18-most-profitable-digital-pro",
  "output_dir": "d:\\auto\\MetaPassiveIncome_FINAL\\outputs\\20260219-180224-18-most-profitable-digital-pro",
  "main_asset": "d:\\auto\\MetaPassiveIncome_FINAL\\outputs\\20260219-180224-18-most-profitable-digital-pro\\index.html",
  "schema_path": "d:\\auto\\MetaPassiveIncome_FINAL\\outputs\\20260219-180224-18-most-profitable-digital-pro\\product_schema.json",
  "main_content_path": "d:\\auto\\MetaPassiveIncome_FINAL\\outputs\\20260219-180224-18-most-profitable-digital-pro\\product.pdf",
  "checksum": "3a3fbe7e27df08ce006cba4529c274c908a096e7c485e2da34c68b330d5652b1",
  "generated_at": "20260219-180239",
  "status": "GENERATED_SUCCESS",
  "schema_driven": true,
  "notes": [
    "스키마 기반 생성 (product_schema.json)",
    "단일 파일 랜딩 페이지 (CSS/JS 내장)",
    "데이터 액션 라우터를 통한 버튼 기능"
  ]
}