{
  "product_id": "20260213-102009-프리랜서-포트폴리오-서비스-소개-페이지",
  "output_dir": "d:\\auto\\MetaPassiveIncome_FINAL\\outputs\\20260213-102009-프리랜서-포트폴리오-서비스-소개-페이지",
  "main_asset": "d:\\auto\\MetaPassiveIncome_FINAL\\outputs\\20260213-102009-프리랜서-포트폴리오-서비스-소개-페이지\\index.html",
  "schema_path": "d:\\auto\\MetaPassiveIncome_FINAL\\outputs\\20260213-102009-프리랜서-포트폴리오-서비스-소개-페이지\\product_schema.json",
  "main_content_path": "d:\\auto\\MetaPassiveIncome_FINAL\\outputs\\20260213-102009-프리랜서-포트폴리오-서비스-소개-페이지\\product.md",
  "checksum": "6b0d9cca5f3ddb3432be948df073fdb529dddf30af00a58153cd0dd0d95dcb40",
  "generated_at": "20260213-102009",
  "status": "GENERATED_SUCCESS",
  "schema_driven": true,
  "notes": [
    "스키마 기반 생성 (product_schema.json)",
    "단일 파일 랜딩 페이지 (CSS/JS 내장)",
    "데이터 액션 라우터를 통한 버튼 기능"
  ]
}