{
  "product_id": "20260219-035801-build-your-2026",
  "output_dir": "d:\\auto\\MetaPassiveIncome_FINAL\\outputs\\20260219-035801-build-your-2026",
  "main_asset": "d:\\auto\\MetaPassiveIncome_FINAL\\outputs\\20260219-035801-build-your-2026\\index.html",
  "schema_path": "d:\\auto\\MetaPassiveIncome_FINAL\\outputs\\20260219-035801-build-your-2026\\product_schema.json",
  "main_content_path": "d:\\auto\\MetaPassiveIncome_FINAL\\outputs\\20260219-035801-build-your-2026\\product.pdf",
  "checksum": "938b987cd703d29a8a2eea70583e705bf51febfdfeccb742de290b71155c651a",
  "generated_at": "20260219-035816",
  "status": "GENERATED_SUCCESS",
  "schema_driven": true,
  "notes": [
    "스키마 기반 생성 (product_schema.json)",
    "단일 파일 랜딩 페이지 (CSS/JS 내장)",
    "데이터 액션 라우터를 통한 버튼 기능"
  ]
}