{
  "product_id": "20260220-022707-8-creative-ideas-to-make-ai-ge",
  "output_dir": "d:\\auto\\MetaPassiveIncome_FINAL\\outputs\\20260220-022707-8-creative-ideas-to-make-ai-ge",
  "main_asset": "d:\\auto\\MetaPassiveIncome_FINAL\\outputs\\20260220-022707-8-creative-ideas-to-make-ai-ge\\index.html",
  "schema_path": "d:\\auto\\MetaPassiveIncome_FINAL\\outputs\\20260220-022707-8-creative-ideas-to-make-ai-ge\\product_schema.json",
  "main_content_path": "d:\\auto\\MetaPassiveIncome_FINAL\\outputs\\20260220-022707-8-creative-ideas-to-make-ai-ge\\product.pdf",
  "checksum": "7f42fc5b2b1341b132578d77f1ca8ee2b23dd454eae43088959dce22954b43dd",
  "generated_at": "20260220-022723",
  "status": "GENERATED_SUCCESS",
  "schema_driven": true,
  "notes": [
    "스키마 기반 생성 (product_schema.json)",
    "단일 파일 랜딩 페이지 (CSS/JS 내장)",
    "데이터 액션 라우터를 통한 버튼 기능"
  ]
}