{
  "product_id": "20260220-042304-digital-nomad-tax-haven-guide",
  "title": "Unlock Your Passive Income with Digital Nomad Tax Haven Guide: Crypto-Friendly Jurisdictions",
  "target_customer": "Creators and merchants interested in Digital Nomad Tax Haven Guide: Crypto-Friendly Jurisdictions",
  "value_proposition": "Leverage AI to create and sell digital products based on: Digital Nomad Tax Haven Guide: Crypto-Friendly Jurisdictions",
  "sections": {
    "hero": {
      "headline": "Unlock Your Passive Income with Digital Nomad Tax Haven Guide: Crypto-Friendly Jurisdictions",
      "subheadline": "Leverage AI to create and sell digital products based on: Digital Nomad Tax Haven Guide: Crypto-Friendly Jurisdictions"
    },
    "problem": {
      "description": "Financial operators struggle with manual reporting, volatile fees, and complex compliance. Without a professional system, trust decays and conversion drops."
    },
    "solution": {
      "description": "A hardened financial toolkit with automated tracking, fee-optimized checkout, and built-in compliance checklists. Designed for high-trust transactions."
    },
    "features": [
      "Fee-optimized wallet checkout for Digital Nomad Tax Haven Guide: Crypto-Friendly Jurisdictions",
      "Automated transaction reconciliation log for Digital Nomad Tax Haven Guide: Crypto-Friendly Jurisdictions",
      "Compliance & Tax reporting templates for Digital Nomad Tax Haven Guide: Crypto-Friendly Jurisdictions",
      "Real-time network fee estimator for Digital Nomad Tax Haven Guide: Crypto-Friendly Jurisdictions",
      "Secure, idempotent delivery system for Digital Nomad Tax Haven Guide: Crypto-Friendly Jurisdictions"
    ],
    "benefits": [
      "Ship faster with ready Digital Nomad Tax Haven Guide: Crypto-Friendly Jurisdictions templates",
      "Increase conversion with clear Digital Nomad Tax Haven Guide: Crypto-Friendly Jurisdictions value prop",
      "Operate with predictable Digital Nomad Tax Haven Guide: Crypto-Friendly Jurisdictions delivery flow",
      "Scale experimentation with simple Digital Nomad Tax Haven Guide: Crypto-Friendly Jurisdictions A/B hooks"
    ],
    "pricing": {
      "tier_name": "Standard Access",
      "price": "$39.00"
    },
    "faq": [
      {
        "q": "What is included?",
        "a": "You get the full landing page, the Digital Nomad Tax Haven Guide: Crypto-Friendly Jurisdictions guide, and automated delivery setup."
      },
      {
        "q": "How do I deploy?",
        "a": "Upload to Vercel, Netlify, or any static host. No backend needed."
      },
      {
        "q": "Is it secure?",
        "a": "Yes, it uses wallet-based authentication for delivery gating."
      }
    ],
    "cta": {
      "text": "Get Started Now"
    },
    "design": {
      "theme": "minimal",
      "primary_color": "#ef4444",
      "secondary_color": "#ef4444",
      "font_family": "Inter, sans-serif",
      "layout_style": "minimalist"
    }
  },
  "assets": {
    "main_content_file": "product.pdf",
    "landing_page": "index.html"
  }
}