{
  "product_id": "20260213-103235-coming-soon-대기자-명단-페이지",
  "output_dir": "d:\\auto\\MetaPassiveIncome_FINAL\\outputs\\20260213-103235-coming-soon-대기자-명단-페이지",
  "main_asset": "d:\\auto\\MetaPassiveIncome_FINAL\\outputs\\20260213-103235-coming-soon-대기자-명단-페이지\\index.html",
  "schema_path": "d:\\auto\\MetaPassiveIncome_FINAL\\outputs\\20260213-103235-coming-soon-대기자-명단-페이지\\product_schema.json",
  "main_content_path": "d:\\auto\\MetaPassiveIncome_FINAL\\outputs\\20260213-103235-coming-soon-대기자-명단-페이지\\product.md",
  "checksum": "3e7d1d3b65ff35bad588acf9571dc95b361400b3ea3c930d9d32a2fa673c76f0",
  "generated_at": "20260213-103236",
  "status": "GENERATED_SUCCESS",
  "schema_driven": true,
  "notes": [
    "스키마 기반 생성 (product_schema.json)",
    "단일 파일 랜딩 페이지 (CSS/JS 내장)",
    "데이터 액션 라우터를 통한 버튼 기능"
  ]
}