{
  "product_id": "20260220-023845-best-digital-product-ideas-202",
  "output_dir": "d:\\auto\\MetaPassiveIncome_FINAL\\outputs\\20260220-023845-best-digital-product-ideas-202",
  "main_asset": "d:\\auto\\MetaPassiveIncome_FINAL\\outputs\\20260220-023845-best-digital-product-ideas-202\\index.html",
  "schema_path": "d:\\auto\\MetaPassiveIncome_FINAL\\outputs\\20260220-023845-best-digital-product-ideas-202\\product_schema.json",
  "main_content_path": "d:\\auto\\MetaPassiveIncome_FINAL\\outputs\\20260220-023845-best-digital-product-ideas-202\\product.pdf",
  "checksum": "6d1ae818537dc89174f09a46c81719afd8b8fe7da1bf9604a7a98b6d5a06e7b4",
  "generated_at": "20260220-023859",
  "status": "GENERATED_SUCCESS",
  "schema_driven": true,
  "notes": [
    "스키마 기반 생성 (product_schema.json)",
    "단일 파일 랜딩 페이지 (CSS/JS 내장)",
    "데이터 액션 라우터를 통한 버튼 기능"
  ]
}