{
  "product_id": "20260220-014523-16-best-notion-life-planner-te",
  "title": "Unlock Your Passive Income with 16 Best Notion Life Planner Templates for 2026 (Goals & Vision)",
  "target_customer": "Creators and merchants interested in 16 Best Notion Life Planner Templates for 2026 (Goals & Vision)",
  "value_proposition": "Leverage AI to create and sell digital products based on: 16 Best Notion Life Planner Templates for 2026 (Goals & Vision)",
  "sections": {
    "hero": {
      "headline": "Unlock Your Passive Income with 16 Best Notion Life Planner Templates for 2026 (Goals & Vision)",
      "subheadline": "Leverage AI to create and sell digital products based on: 16 Best Notion Life Planner Templates for 2026 (Goals & Vision)"
    },
    "problem": {
      "description": "Creating and selling digital products is complex and time-consuming. Most creators fail due to technical friction and lack of a structured system."
    },
    "solution": {
      "description": "A professional-grade implementation system that handles everything from landing to delivery. Focus on your content, we handle the infrastructure."
    },
    "features": [
      "One-file deployment architecture for 16 Best Notion Life Planner Templates for 2026 (Goals & Vision)",
      "Secure token-gated delivery for 16 Best Notion Life Planner Templates for 2026 (Goals & Vision)",
      "Conversion-optimized landing components for 16 Best Notion Life Planner Templates for 2026 (Goals & Vision)",
      "Built-in analytics & tracking for 16 Best Notion Life Planner Templates for 2026 (Goals & Vision)",
      "Automated promotion asset generator for 16 Best Notion Life Planner Templates for 2026 (Goals & Vision)"
    ],
    "benefits": [
      "Ship faster with ready 16 Best Notion Life Planner Templates for 2026 (Goals & Vision) templates",
      "Increase conversion with clear 16 Best Notion Life Planner Templates for 2026 (Goals & Vision) value prop",
      "Operate with predictable 16 Best Notion Life Planner Templates for 2026 (Goals & Vision) delivery flow",
      "Scale experimentation with simple 16 Best Notion Life Planner Templates for 2026 (Goals & Vision) A/B hooks"
    ],
    "pricing": {
      "tier_name": "Standard Access",
      "price": "$19.00"
    },
    "faq": [
      {
        "q": "What is included?",
        "a": "You get the full landing page, the 16 Best Notion Life Planner Templates for 2026 (Goals & Vision) guide, and automated delivery setup."
      },
      {
        "q": "How do I deploy?",
        "a": "Upload to Vercel, Netlify, or any static host. No backend needed."
      },
      {
        "q": "Is it secure?",
        "a": "Yes, it uses wallet-based authentication for delivery gating."
      }
    ],
    "cta": {
      "text": "Get Started Now"
    },
    "design": {
      "theme": "modern",
      "primary_color": "#6366f1",
      "secondary_color": "#6366f1",
      "font_family": "Roboto, sans-serif",
      "layout_style": "bold"
    }
  },
  "assets": {
    "main_content_file": "product.pdf",
    "landing_page": "index.html"
  }
}