{
  "product_id": "20260220-090820-digital-products-best-seller-2",
  "output_dir": "d:\\auto\\MetaPassiveIncome_FINAL\\outputs\\20260220-090820-digital-products-best-seller-2",
  "main_asset": "d:\\auto\\MetaPassiveIncome_FINAL\\outputs\\20260220-090820-digital-products-best-seller-2\\index.html",
  "schema_path": "d:\\auto\\MetaPassiveIncome_FINAL\\outputs\\20260220-090820-digital-products-best-seller-2\\product_schema.json",
  "main_content_path": "d:\\auto\\MetaPassiveIncome_FINAL\\outputs\\20260220-090820-digital-products-best-seller-2\\product.pdf",
  "checksum": "99d2d8e4fa5261e2673a8322ec2a98cbaafdff1b069a39d45e4ecef85340d1a1",
  "generated_at": "20260220-090830",
  "status": "GENERATED_SUCCESS",
  "schema_driven": true,
  "notes": [
    "스키마 기반 생성 (product_schema.json)",
    "단일 파일 랜딩 페이지 (CSS/JS 내장)",
    "데이터 액션 라우터를 통한 버튼 기능"
  ]
}