{
  "product_id": "20260213-105504-crypto-wallet-checkout-token-g",
  "output_dir": "d:\\auto\\MetaPassiveIncome_FINAL\\outputs\\20260213-105504-crypto-wallet-checkout-token-g",
  "main_asset": "d:\\auto\\MetaPassiveIncome_FINAL\\outputs\\20260213-105504-crypto-wallet-checkout-token-g\\index.html",
  "schema_path": "d:\\auto\\MetaPassiveIncome_FINAL\\outputs\\20260213-105504-crypto-wallet-checkout-token-g\\product_schema.json",
  "main_content_path": "d:\\auto\\MetaPassiveIncome_FINAL\\outputs\\20260213-105504-crypto-wallet-checkout-token-g\\product.md",
  "checksum": "25f067e0751bdeed5ec53d4716170a5e8011c2ddccb9c7a901968326577aa2fd",
  "generated_at": "20260213-105504",
  "status": "GENERATED_SUCCESS",
  "schema_driven": true,
  "notes": [
    "스키마 기반 생성 (product_schema.json)",
    "단일 파일 랜딩 페이지 (CSS/JS 내장)",
    "데이터 액션 라우터를 통한 버튼 기능"
  ]
}