{
  "ok": false,
  "results": {
    "en": {
      "ok": "false",
      "error": "KeyError: \"Style 'Code' already defined in stylesheet\"",
      "pdf_path": "d:\\auto\\MetaPassiveIncome_FINAL\\outputs\\20260207-152421-간단한-saas-제품-출시-랜딩-페이지\\product_en.pdf"
    },
    "ko": {
      "ok": "false",
      "error": "KeyError: \"Style 'Code' already defined in stylesheet\"",
      "pdf_path": "d:\\auto\\MetaPassiveIncome_FINAL\\outputs\\20260207-152421-간단한-saas-제품-출시-랜딩-페이지\\product_ko.pdf"
    }
  }
}