{
  "product_id": "20260213-011155-token-gated-content-revenue-au",
  "output_dir": "d:\\auto\\MetaPassiveIncome_FINAL\\outputs\\20260213-011155-token-gated-content-revenue-au",
  "main_asset": "d:\\auto\\MetaPassiveIncome_FINAL\\outputs\\20260213-011155-token-gated-content-revenue-au\\index.html",
  "schema_path": "d:\\auto\\MetaPassiveIncome_FINAL\\outputs\\20260213-011155-token-gated-content-revenue-au\\product_schema.json",
  "main_content_path": "d:\\auto\\MetaPassiveIncome_FINAL\\outputs\\20260213-011155-token-gated-content-revenue-au\\product.md",
  "checksum": "786cf9de048a148e5556dff840c3d1adce99b3a1aecd480017091baa9d1d8cb8",
  "generated_at": "20260213-011155",
  "status": "GENERATED_SUCCESS",
  "schema_driven": true,
  "notes": [
    "스키마 기반 생성 (product_schema.json)",
    "단일 파일 랜딩 페이지 (CSS/JS 내장)",
    "데이터 액션 라우터를 통한 버튼 기능"
  ]
}