{
  "product_id": "20260218-225123-2026-s-best-selling-shopify-th",
  "output_dir": "d:\\auto\\MetaPassiveIncome_FINAL\\outputs\\20260218-225123-2026-s-best-selling-shopify-th",
  "main_asset": "d:\\auto\\MetaPassiveIncome_FINAL\\outputs\\20260218-225123-2026-s-best-selling-shopify-th\\index.html",
  "schema_path": "d:\\auto\\MetaPassiveIncome_FINAL\\outputs\\20260218-225123-2026-s-best-selling-shopify-th\\product_schema.json",
  "main_content_path": "d:\\auto\\MetaPassiveIncome_FINAL\\outputs\\20260218-225123-2026-s-best-selling-shopify-th\\product.pdf",
  "checksum": "af1c551ae59565a2a2b2c799b387cb57313f70d87ecacc409ec537075c713966",
  "generated_at": "20260218-225132",
  "status": "GENERATED_SUCCESS",
  "schema_driven": true,
  "notes": [
    "스키마 기반 생성 (product_schema.json)",
    "단일 파일 랜딩 페이지 (CSS/JS 내장)",
    "데이터 액션 라우터를 통한 버튼 기능"
  ]
}