{
  "product_id": "20260218-225123-2026-s-best-selling-shopify-th",
  "title": "Unlock Your Passive Income with 2026's Best Selling Shopify Themes and Templates",
  "target_customer": "Creators and merchants interested in 2026's Best Selling Shopify Themes and Templates",
  "value_proposition": "Leverage AI to create and sell digital products based on: 2026's Best Selling Shopify Themes and Templates",
  "sections": {
    "hero": {
      "headline": "Unlock Your Passive Income with 2026's Best Selling Shopify Themes and Templates",
      "subheadline": "Leverage AI to create and sell digital products based on: 2026's Best Selling Shopify Themes and Templates"
    },
    "problem": {
      "description": "Generic e-commerce stores fail to build trust and suffer from high cart abandonment. Without a high-performance storefront, conversion remains stagnant."
    },
    "solution": {
      "description": "A conversion-optimized e-commerce engine with mobile-first UI, friction-free checkout, and built-in trust triggers. Built for modern digital merchants."
    },
    "features": [
      "Mobile-optimized high-speed landing UI for 2026's Best Selling Shopify Themes and Templates",
      "Trust-building proof & badge templates for 2026's Best Selling Shopify Themes and Templates",
      "Frictionless 1-click checkout flow for 2026's Best Selling Shopify Themes and Templates",
      "Automated order confirmation & tracking for 2026's Best Selling Shopify Themes and Templates",
      "Urgency & scarcity trigger system for 2026's Best Selling Shopify Themes and Templates"
    ],
    "benefits": [
      "Ship faster with ready 2026's Best Selling Shopify Themes and Templates templates",
      "Increase conversion with clear 2026's Best Selling Shopify Themes and Templates value prop",
      "Operate with predictable 2026's Best Selling Shopify Themes and Templates delivery flow",
      "Scale experimentation with simple 2026's Best Selling Shopify Themes and Templates A/B hooks"
    ],
    "pricing": {
      "tier_name": "Standard Access",
      "price": "$39.00"
    },
    "faq": [
      {
        "q": "What is included?",
        "a": "You get the full landing page, the 2026's Best Selling Shopify Themes and Templates guide, and automated delivery setup."
      },
      {
        "q": "How do I deploy?",
        "a": "Upload to Vercel, Netlify, or any static host. No backend needed."
      },
      {
        "q": "Is it secure?",
        "a": "Yes, it uses wallet-based authentication for delivery gating."
      }
    ],
    "cta": {
      "text": "Get Started Now"
    },
    "design": {
      "theme": "modern",
      "primary_color": "#8b5cf6",
      "secondary_color": "#8b5cf6",
      "font_family": "Georgia, serif",
      "layout_style": "creative"
    }
  },
  "assets": {
    "main_content_file": "product.pdf",
    "landing_page": "index.html"
  }
}