{
  "product_id": "20260213-102929-마이크로-saas-대시보드-ui-mvp",
  "output_dir": "d:\\auto\\MetaPassiveIncome_FINAL\\outputs\\20260213-102929-마이크로-saas-대시보드-ui-mvp",
  "main_asset": "d:\\auto\\MetaPassiveIncome_FINAL\\outputs\\20260213-102929-마이크로-saas-대시보드-ui-mvp\\index.html",
  "schema_path": "d:\\auto\\MetaPassiveIncome_FINAL\\outputs\\20260213-102929-마이크로-saas-대시보드-ui-mvp\\product_schema.json",
  "main_content_path": "d:\\auto\\MetaPassiveIncome_FINAL\\outputs\\20260213-102929-마이크로-saas-대시보드-ui-mvp\\product.md",
  "checksum": "a7235ea7597ed0b768caf783060680dcca61d9b0e4dc62e469d9916f686f1881",
  "generated_at": "20260213-102930",
  "status": "GENERATED_SUCCESS",
  "schema_driven": true,
  "notes": [
    "스키마 기반 생성 (product_schema.json)",
    "단일 파일 랜딩 페이지 (CSS/JS 내장)",
    "데이터 액션 라우터를 통한 버튼 기능"
  ]
}