{
  "product_id": "20260219-213419-best-digital-products-to-sell",
  "title": "Unlock Your Passive Income with Best Digital Products to Sell in 2026 (With Examples)",
  "target_customer": "Creators and merchants interested in Best Digital Products to Sell in 2026 (With Examples)",
  "value_proposition": "Leverage AI to create and sell digital products based on: Best Digital Products to Sell in 2026 (With Examples)",
  "sections": {
    "hero": {
      "headline": "Unlock Your Passive Income with Best Digital Products to Sell in 2026 (With Examples)",
      "subheadline": "Leverage AI to create and sell digital products based on: Best Digital Products to Sell in 2026 (With Examples)"
    },
    "problem": {
      "description": "Generic e-commerce stores fail to build trust and suffer from high cart abandonment. Without a high-performance storefront, conversion remains stagnant."
    },
    "solution": {
      "description": "A conversion-optimized e-commerce engine with mobile-first UI, friction-free checkout, and built-in trust triggers. Built for modern digital merchants."
    },
    "features": [
      "Mobile-optimized high-speed landing UI for Best Digital Products to Sell in 2026 (With Examples)",
      "Trust-building proof & badge templates for Best Digital Products to Sell in 2026 (With Examples)",
      "Frictionless 1-click checkout flow for Best Digital Products to Sell in 2026 (With Examples)",
      "Automated order confirmation & tracking for Best Digital Products to Sell in 2026 (With Examples)",
      "Urgency & scarcity trigger system for Best Digital Products to Sell in 2026 (With Examples)"
    ],
    "benefits": [
      "Ship faster with ready Best Digital Products to Sell in 2026 (With Examples) templates",
      "Increase conversion with clear Best Digital Products to Sell in 2026 (With Examples) value prop",
      "Operate with predictable Best Digital Products to Sell in 2026 (With Examples) delivery flow",
      "Scale experimentation with simple Best Digital Products to Sell in 2026 (With Examples) A/B hooks"
    ],
    "pricing": {
      "tier_name": "Standard Access",
      "price": "$29.00"
    },
    "faq": [
      {
        "q": "What is included?",
        "a": "You get the full landing page, the Best Digital Products to Sell in 2026 (With Examples) guide, and automated delivery setup."
      },
      {
        "q": "How do I deploy?",
        "a": "Upload to Vercel, Netlify, or any static host. No backend needed."
      },
      {
        "q": "Is it secure?",
        "a": "Yes, it uses wallet-based authentication for delivery gating."
      }
    ],
    "cta": {
      "text": "Get Started Now"
    },
    "design": {
      "theme": "minimal",
      "primary_color": "#00b4ff",
      "secondary_color": "#00b4ff",
      "font_family": "system-ui, sans-serif",
      "layout_style": "professional"
    }
  },
  "assets": {
    "main_content_file": "product.pdf",
    "landing_page": "index.html"
  },
  "_injected_price": "$29.00",
  "_market_price": "$49.00",
  "market_analysis": {
    "category": "Standard Digital Asset",
    "market_price": 49,
    "our_price": 29,
    "desc": "High-quality digital resource"
  },
  "price": "29",
  "offers": {
    "@type": "Offer",
    "price": "29.00"
  }
}