{
  "product_id": "20260213-152959-saas-waitlist-pre-launch-landi",
  "output_dir": "d:\\auto\\MetaPassiveIncome_FINAL\\outputs\\20260213-152959-saas-waitlist-pre-launch-landi",
  "main_asset": "d:\\auto\\MetaPassiveIncome_FINAL\\outputs\\20260213-152959-saas-waitlist-pre-launch-landi\\index.html",
  "schema_path": "d:\\auto\\MetaPassiveIncome_FINAL\\outputs\\20260213-152959-saas-waitlist-pre-launch-landi\\product_schema.json",
  "main_content_path": "d:\\auto\\MetaPassiveIncome_FINAL\\outputs\\20260213-152959-saas-waitlist-pre-launch-landi\\product.md",
  "checksum": "a33f39e84bdf6f9df718426eda22f7f0ff9c059502ad7d6e0c09d899931f3987",
  "generated_at": "20260213-152959",
  "status": "GENERATED_SUCCESS",
  "schema_driven": true,
  "notes": [
    "스키마 기반 생성 (product_schema.json)",
    "단일 파일 랜딩 페이지 (CSS/JS 내장)",
    "데이터 액션 라우터를 통한 버튼 기능"
  ]
}