{
  "product_id": "20260220-053152-leading-trends-for-etsy-2026-k",
  "title": "Unlock Your Passive Income with Leading trends for Etsy 2026: Keywords, styles, bestsellers",
  "target_customer": "Creators and merchants interested in Leading trends for Etsy 2026: Keywords, styles, bestsellers",
  "value_proposition": "Leverage AI to create and sell digital products based on: Leading trends for Etsy 2026: Keywords, styles, bestsellers",
  "sections": {
    "hero": {
      "headline": "Unlock Your Passive Income with Leading trends for Etsy 2026: Keywords, styles, bestsellers",
      "subheadline": "Leverage AI to create and sell digital products based on: Leading trends for Etsy 2026: Keywords, styles, bestsellers"
    },
    "problem": {
      "description": "Most marketing assets are generic and fail to convert. Without a high-converting system, traffic is wasted and acquisition costs skyrocket."
    },
    "solution": {
      "description": "A results-driven marketing vault with proven hooks, structured landing templates, and conversion-optimized copy. Designed for rapid scale."
    },
    "features": [
      "High-converting hook & headline library for Leading trends for Etsy 2026: Keywords, styles, bestsellers",
      "A/B test ready landing page templates for Leading trends for Etsy 2026: Keywords, styles, bestsellers",
      "Psychology-based sales copy frameworks for Leading trends for Etsy 2026: Keywords, styles, bestsellers",
      "Social proof & proof-block templates for Leading trends for Etsy 2026: Keywords, styles, bestsellers",
      "Multi-channel promotion sequences for Leading trends for Etsy 2026: Keywords, styles, bestsellers"
    ],
    "benefits": [
      "Ship faster with ready Leading trends for Etsy 2026: Keywords, styles, bestsellers templates",
      "Increase conversion with clear Leading trends for Etsy 2026: Keywords, styles, bestsellers value prop",
      "Operate with predictable Leading trends for Etsy 2026: Keywords, styles, bestsellers delivery flow",
      "Scale experimentation with simple Leading trends for Etsy 2026: Keywords, styles, bestsellers A/B hooks"
    ],
    "pricing": {
      "tier_name": "Standard Access",
      "price": "$29"
    },
    "faq": [
      {
        "q": "What is included?",
        "a": "You get the full landing page, the Leading trends for Etsy 2026: Keywords, styles, bestsellers guide, and automated delivery setup."
      },
      {
        "q": "How do I deploy?",
        "a": "Upload to Vercel, Netlify, or any static host. No backend needed."
      },
      {
        "q": "Is it secure?",
        "a": "Yes, it uses wallet-based authentication for delivery gating."
      }
    ],
    "cta": {
      "text": "Get Started Now"
    },
    "design": {
      "theme": "dark",
      "primary_color": "#00b4ff",
      "secondary_color": "#00b4ff",
      "font_family": "Inter, sans-serif",
      "layout_style": "minimalist"
    }
  },
  "assets": {
    "main_content_file": "product.pdf",
    "landing_page": "index.html"
  }
}