{
  "ok": false,
  "results": {
    "en": {
      "ok": "false",
      "error": "KeyError: \"Style 'Code' already defined in stylesheet\"",
      "pdf_path": "d:\\auto\\MetaPassiveIncome_FINAL\\outputs\\20260207-144245-링크-인-바이오-link-in-bio-마이크로-랜딩-페\\product_en.pdf"
    },
    "ko": {
      "ok": "false",
      "error": "KeyError: \"Style 'Code' already defined in stylesheet\"",
      "pdf_path": "d:\\auto\\MetaPassiveIncome_FINAL\\outputs\\20260207-144245-링크-인-바이오-link-in-bio-마이크로-랜딩-페\\product_ko.pdf"
    }
  }
}