{
  "product_id": "20260213-150825-ai-saas-런칭-랜딩-페이지",
  "output_dir": "d:\\auto\\MetaPassiveIncome_FINAL\\outputs\\20260213-150825-ai-saas-런칭-랜딩-페이지",
  "main_asset": "d:\\auto\\MetaPassiveIncome_FINAL\\outputs\\20260213-150825-ai-saas-런칭-랜딩-페이지\\index.html",
  "schema_path": "d:\\auto\\MetaPassiveIncome_FINAL\\outputs\\20260213-150825-ai-saas-런칭-랜딩-페이지\\product_schema.json",
  "main_content_path": "d:\\auto\\MetaPassiveIncome_FINAL\\outputs\\20260213-150825-ai-saas-런칭-랜딩-페이지\\product.md",
  "checksum": "86386bd4c4b533be0871dfa1034a0022d5eacaf4cb4a29b0b80a0fef2b4d383c",
  "generated_at": "20260213-150825",
  "status": "GENERATED_SUCCESS",
  "schema_driven": true,
  "notes": [
    "스키마 기반 생성 (product_schema.json)",
    "단일 파일 랜딩 페이지 (CSS/JS 내장)",
    "데이터 액션 라우터를 통한 버튼 기능"
  ]
}