{
  "product_id": "20260213-065830-ai-passive-income",
  "output_dir": "d:\\auto\\MetaPassiveIncome_FINAL\\outputs\\20260213-065830-ai-passive-income",
  "main_asset": "d:\\auto\\MetaPassiveIncome_FINAL\\outputs\\20260213-065830-ai-passive-income\\index.html",
  "schema_path": "d:\\auto\\MetaPassiveIncome_FINAL\\outputs\\20260213-065830-ai-passive-income\\product_schema.json",
  "main_content_path": "d:\\auto\\MetaPassiveIncome_FINAL\\outputs\\20260213-065830-ai-passive-income\\product.md",
  "checksum": "b8f5a89d6f8aff7e8f2e7d9427c7a1040337b8e5bd373afba7d34f9928e7d2fd",
  "generated_at": "20260213-065830",
  "status": "GENERATED_SUCCESS",
  "schema_driven": true,
  "notes": [
    "스키마 기반 생성 (product_schema.json)",
    "단일 파일 랜딩 페이지 (CSS/JS 내장)",
    "데이터 액션 라우터를 통한 버튼 기능"
  ]
}