{
  "product_id": "20260220-005135-the-ultimate-notion-template-g",
  "output_dir": "d:\\auto\\MetaPassiveIncome_FINAL\\outputs\\20260220-005135-the-ultimate-notion-template-g",
  "main_asset": "d:\\auto\\MetaPassiveIncome_FINAL\\outputs\\20260220-005135-the-ultimate-notion-template-g\\index.html",
  "schema_path": "d:\\auto\\MetaPassiveIncome_FINAL\\outputs\\20260220-005135-the-ultimate-notion-template-g\\product_schema.json",
  "main_content_path": "d:\\auto\\MetaPassiveIncome_FINAL\\outputs\\20260220-005135-the-ultimate-notion-template-g\\product.pdf",
  "checksum": "6977f2be84143542434111835689be1dd54984880ad61ff6756b1b02a024be26",
  "generated_at": "20260220-005147",
  "status": "GENERATED_SUCCESS",
  "schema_driven": true,
  "notes": [
    "스키마 기반 생성 (product_schema.json)",
    "단일 파일 랜딩 페이지 (CSS/JS 내장)",
    "데이터 액션 라우터를 통한 버튼 기능"
  ]
}