{
  "product_id": "20260213-153027-마이크로-saas-대시보드-ui-mvp",
  "output_dir": "d:\\auto\\MetaPassiveIncome_FINAL\\outputs\\20260213-153027-마이크로-saas-대시보드-ui-mvp",
  "main_asset": "d:\\auto\\MetaPassiveIncome_FINAL\\outputs\\20260213-153027-마이크로-saas-대시보드-ui-mvp\\index.html",
  "schema_path": "d:\\auto\\MetaPassiveIncome_FINAL\\outputs\\20260213-153027-마이크로-saas-대시보드-ui-mvp\\product_schema.json",
  "main_content_path": "d:\\auto\\MetaPassiveIncome_FINAL\\outputs\\20260213-153027-마이크로-saas-대시보드-ui-mvp\\product.md",
  "checksum": "91cf2a7953a4ba143bf12c6917dd87b00f6280387864f937393e5522efec5bf2",
  "generated_at": "20260213-153027",
  "status": "GENERATED_SUCCESS",
  "schema_driven": true,
  "notes": [
    "스키마 기반 생성 (product_schema.json)",
    "단일 파일 랜딩 페이지 (CSS/JS 내장)",
    "데이터 액션 라우터를 통한 버튼 기능"
  ]
}