{
  "product_id": "20260213-110229-개인-링크-인-바이오-link-in-bio-페이지",
  "output_dir": "d:\\auto\\MetaPassiveIncome_FINAL\\outputs\\20260213-110229-개인-링크-인-바이오-link-in-bio-페이지",
  "main_asset": "d:\\auto\\MetaPassiveIncome_FINAL\\outputs\\20260213-110229-개인-링크-인-바이오-link-in-bio-페이지\\index.html",
  "schema_path": "d:\\auto\\MetaPassiveIncome_FINAL\\outputs\\20260213-110229-개인-링크-인-바이오-link-in-bio-페이지\\product_schema.json",
  "main_content_path": "d:\\auto\\MetaPassiveIncome_FINAL\\outputs\\20260213-110229-개인-링크-인-바이오-link-in-bio-페이지\\product.md",
  "checksum": "222d452bacee5b9065665b621dabfd5b22d379085a5b1cf045a3397a1be7c942",
  "generated_at": "20260213-110229",
  "status": "GENERATED_SUCCESS",
  "schema_driven": true,
  "notes": [
    "스키마 기반 생성 (product_schema.json)",
    "단일 파일 랜딩 페이지 (CSS/JS 내장)",
    "데이터 액션 라우터를 통한 버튼 기능"
  ]
}