{
  "product_id": "20260213-103910-간단한-saas-제품-출시-랜딩-페이지",
  "output_dir": "d:\\auto\\MetaPassiveIncome_FINAL\\outputs\\20260213-103910-간단한-saas-제품-출시-랜딩-페이지",
  "main_asset": "d:\\auto\\MetaPassiveIncome_FINAL\\outputs\\20260213-103910-간단한-saas-제품-출시-랜딩-페이지\\index.html",
  "schema_path": "d:\\auto\\MetaPassiveIncome_FINAL\\outputs\\20260213-103910-간단한-saas-제품-출시-랜딩-페이지\\product_schema.json",
  "main_content_path": "d:\\auto\\MetaPassiveIncome_FINAL\\outputs\\20260213-103910-간단한-saas-제품-출시-랜딩-페이지\\product.md",
  "checksum": "f0e3b9c5bab96662d0eb9392f27396da55e61a87f3688db7c842594a768bc8b0",
  "generated_at": "20260213-103910",
  "status": "GENERATED_SUCCESS",
  "schema_driven": true,
  "notes": [
    "스키마 기반 생성 (product_schema.json)",
    "단일 파일 랜딩 페이지 (CSS/JS 내장)",
    "데이터 액션 라우터를 통한 버튼 기능"
  ]
}