{
  "product_id": "20260213-150307-saas-demo-request-landing-page",
  "output_dir": "d:\\auto\\MetaPassiveIncome_FINAL\\outputs\\20260213-150307-saas-demo-request-landing-page",
  "main_asset": "d:\\auto\\MetaPassiveIncome_FINAL\\outputs\\20260213-150307-saas-demo-request-landing-page\\index.html",
  "schema_path": "d:\\auto\\MetaPassiveIncome_FINAL\\outputs\\20260213-150307-saas-demo-request-landing-page\\product_schema.json",
  "main_content_path": "d:\\auto\\MetaPassiveIncome_FINAL\\outputs\\20260213-150307-saas-demo-request-landing-page\\product.md",
  "checksum": "61686ddbcc349200773e7b74e4fe40b00de02f4e71f7a51edbd8993488c63d2e",
  "generated_at": "20260213-150307",
  "status": "GENERATED_SUCCESS",
  "schema_driven": true,
  "notes": [
    "스키마 기반 생성 (product_schema.json)",
    "단일 파일 랜딩 페이지 (CSS/JS 내장)",
    "데이터 액션 라우터를 통한 버튼 기능"
  ]
}