{
  "product_id": "20260215-125053-global-merchant-crypto-checkou",
  "title": "Unlock Your Passive Income with Global Merchant Crypto Checkout Blueprint (No Bank Friction)",
  "target_customer": "Creators and merchants interested in Global Merchant Crypto Checkout Blueprint (No Bank Friction)",
  "value_proposition": "Leverage AI to create and sell digital products based on: Global Merchant Crypto Checkout Blueprint (No Bank Friction)",
  "sections": {
    "hero": {
      "headline": "Unlock Your Passive Income with Global Merchant Crypto Checkout Blueprint (No Bank Friction)",
      "subheadline": "Leverage AI to create and sell digital products based on: Global Merchant Crypto Checkout Blueprint (No Bank Friction)"
    },
    "problem": {
      "description": "Financial operators struggle with manual reporting, volatile fees, and complex compliance. Without a professional system, trust decays and conversion drops."
    },
    "solution": {
      "description": "A hardened financial toolkit with automated tracking, fee-optimized checkout, and built-in compliance checklists. Designed for high-trust transactions."
    },
    "features": [
      "Fee-optimized wallet checkout for Global Merchant Crypto Checkout Blueprint (No Bank Friction)",
      "Automated transaction reconciliation log for Global Merchant Crypto Checkout Blueprint (No Bank Friction)",
      "Compliance & Tax reporting templates for Global Merchant Crypto Checkout Blueprint (No Bank Friction)",
      "Real-time network fee estimator for Global Merchant Crypto Checkout Blueprint (No Bank Friction)",
      "Secure, idempotent delivery system for Global Merchant Crypto Checkout Blueprint (No Bank Friction)"
    ],
    "benefits": [
      "Ship faster with ready Global Merchant Crypto Checkout Blueprint (No Bank Friction) templates",
      "Increase conversion with clear Global Merchant Crypto Checkout Blueprint (No Bank Friction) value prop",
      "Operate with predictable Global Merchant Crypto Checkout Blueprint (No Bank Friction) delivery flow",
      "Scale experimentation with simple Global Merchant Crypto Checkout Blueprint (No Bank Friction) A/B hooks"
    ],
    "pricing": {
      "tier_name": "Standard Access",
      "price": "$49.0"
    },
    "faq": [
      {
        "q": "What is included?",
        "a": "You get the full landing page, the Global Merchant Crypto Checkout Blueprint (No Bank Friction) guide, and automated delivery setup."
      },
      {
        "q": "How do I deploy?",
        "a": "Upload to Vercel, Netlify, or any static host. No backend needed."
      },
      {
        "q": "Is it secure?",
        "a": "Yes, it uses wallet-based authentication for delivery gating."
      }
    ],
    "cta": {
      "text": "Get Started Now"
    },
    "design": {
      "theme": "dark",
      "primary_color": "#00b4ff",
      "secondary_color": "#00b4ff",
      "font_family": "Inter, sans-serif",
      "layout_style": "minimalist"
    }
  },
  "assets": {
    "main_content_file": "product.pdf",
    "landing_page": "index.html"
  }
}