day,channel,hook,cta,keywords
1,X,"Avoid the top 5 mistakes when selling digital goods for crypto","Copy the exact system and ship this week","crypto checkout, stablecoins, settlement"
2,LinkedIn,"Stop paying card fees — settle globally in minutes","Get the full premium guide + templates","crypto checkout, stablecoins, settlement"
3,YouTube Shorts,"From 0 to first 10 sales: a realistic 7-day launch plan","Get the full premium guide + templates","automation, ops, support macros"
4,Instagram,"From 0 to first 10 sales: a realistic 7-day launch plan","Copy the exact system and ship this week","conversion rate, funnel, landing page"
5,YouTube Shorts,"Upgrade conversion with trust blocks + proof metrics","Use the checklist and avoid expensive errors","nowpayments, invoice, payment status"
6,YouTube Shorts,"Avoid the top 5 mistakes when selling digital goods for crypto","Copy the exact system and ship this week","conversion rate, funnel, landing page"
7,Reddit,"Stop paying card fees — settle globally in minutes","Download the bundle and deploy today","nowpayments, invoice, payment status"
8,YouTube Shorts,"Turn crypto payments into a predictable revenue system","Get the full premium guide + templates","automation, ops, support macros"
9,Blog,"Avoid the top 5 mistakes when selling digital goods for crypto","Copy the exact system and ship this week","automation, ops, support macros"
10,Reddit,"Stop paying card fees — settle globally in minutes","Copy the exact system and ship this week","conversion rate, funnel, landing page"
11,LinkedIn,"Upgrade conversion with trust blocks + proof metrics","Use the checklist and avoid expensive errors","nowpayments, invoice, payment status"
12,LinkedIn,"From 0 to first 10 sales: a realistic 7-day launch plan","Download the bundle and deploy today","web3 payments, digital product delivery"
13,X,"Avoid the top 5 mistakes when selling digital goods for crypto","Copy the exact system and ship this week","conversion rate, funnel, landing page"
14,TikTok,"Stop paying card fees — settle globally in minutes","Copy the exact system and ship this week","nowpayments, invoice, payment status"
15,Instagram,"Privacy-first: reduce payment traceability in your ops","Download the bundle and deploy today","web3 payments, digital product delivery"
16,YouTube Shorts,"Avoid the top 5 mistakes when selling digital goods for crypto","Copy the exact system and ship this week","conversion rate, funnel, landing page"
17,Reddit,"From 0 to first 10 sales: a realistic 7-day launch plan","Use the checklist and avoid expensive errors","crypto checkout, stablecoins, settlement"
18,Instagram,"Stop paying card fees — settle globally in minutes","Copy the exact system and ship this week","nowpayments, invoice, payment status"
19,Reddit,"Privacy-first: reduce payment traceability in your ops","Use the checklist and avoid expensive errors","conversion rate, funnel, landing page"
20,X,"Avoid the top 5 mistakes when selling digital goods for crypto","Get the full premium guide + templates","crypto checkout, stablecoins, settlement"
21,YouTube Shorts,"Privacy-first: reduce payment traceability in your ops","Download the bundle and deploy today","web3 payments, digital product delivery"
22,TikTok,"Stop paying card fees — settle globally in minutes","Download the bundle and deploy today","conversion rate, funnel, landing page"
23,Reddit,"Turn crypto payments into a predictable revenue system","Get the full premium guide + templates","conversion rate, funnel, landing page"
24,Blog,"Avoid the top 5 mistakes when selling digital goods for crypto","Use the checklist and avoid expensive errors","web3 payments, digital product delivery"
25,X,"Avoid the top 5 mistakes when selling digital goods for crypto","Copy the exact system and ship this week","conversion rate, funnel, landing page"
26,X,"From 0 to first 10 sales: a realistic 7-day launch plan","Download the bundle and deploy today","conversion rate, funnel, landing page"
27,YouTube Shorts,"Upgrade conversion with trust blocks + proof metrics","Download the bundle and deploy today","nowpayments, invoice, payment status"
28,Reddit,"Turn crypto payments into a predictable revenue system","Copy the exact system and ship this week","crypto checkout, stablecoins, settlement"
29,Blog,"From 0 to first 10 sales: a realistic 7-day launch plan","Use the checklist and avoid expensive errors","web3 payments, digital product delivery"
30,YouTube Shorts,"From 0 to first 10 sales: a realistic 7-day launch plan","Copy the exact system and ship this week","nowpayments, invoice, payment status"
