{
  "product_id": "20260213-145120-online-course-webinar-sales-pa",
  "output_dir": "d:\\auto\\MetaPassiveIncome_FINAL\\outputs\\20260213-145120-online-course-webinar-sales-pa",
  "main_asset": "d:\\auto\\MetaPassiveIncome_FINAL\\outputs\\20260213-145120-online-course-webinar-sales-pa\\index.html",
  "schema_path": "d:\\auto\\MetaPassiveIncome_FINAL\\outputs\\20260213-145120-online-course-webinar-sales-pa\\product_schema.json",
  "main_content_path": "d:\\auto\\MetaPassiveIncome_FINAL\\outputs\\20260213-145120-online-course-webinar-sales-pa\\product.md",
  "checksum": "27672b9fc1751b7072e0a32a8dfa649b99f0058d0f0a3df22bf1df10ba2f1b7b",
  "generated_at": "20260213-145121",
  "status": "GENERATED_SUCCESS",
  "schema_driven": true,
  "notes": [
    "스키마 기반 생성 (product_schema.json)",
    "단일 파일 랜딩 페이지 (CSS/JS 내장)",
    "데이터 액션 라우터를 통한 버튼 기능"
  ]
}