{
  "product_id": "20260219-182721-top-20-profitable-saas-startup",
  "output_dir": "d:\\auto\\MetaPassiveIncome_FINAL\\outputs\\20260219-182721-top-20-profitable-saas-startup",
  "main_asset": "d:\\auto\\MetaPassiveIncome_FINAL\\outputs\\20260219-182721-top-20-profitable-saas-startup\\index.html",
  "schema_path": "d:\\auto\\MetaPassiveIncome_FINAL\\outputs\\20260219-182721-top-20-profitable-saas-startup\\product_schema.json",
  "main_content_path": "d:\\auto\\MetaPassiveIncome_FINAL\\outputs\\20260219-182721-top-20-profitable-saas-startup\\product.pdf",
  "checksum": "4364e25e285656b500e0115e7aa866b792fd79d019664247c5b3e334fe6ee32e",
  "generated_at": "20260219-182732",
  "status": "GENERATED_SUCCESS",
  "schema_driven": true,
  "notes": [
    "스키마 기반 생성 (product_schema.json)",
    "단일 파일 랜딩 페이지 (CSS/JS 내장)",
    "데이터 액션 라우터를 통한 버튼 기능"
  ]
}