{
  "product_id": "20260213-110350-ai-saas-런칭-랜딩-페이지",
  "output_dir": "d:\\auto\\MetaPassiveIncome_FINAL\\outputs\\20260213-110350-ai-saas-런칭-랜딩-페이지",
  "main_asset": "d:\\auto\\MetaPassiveIncome_FINAL\\outputs\\20260213-110350-ai-saas-런칭-랜딩-페이지\\index.html",
  "schema_path": "d:\\auto\\MetaPassiveIncome_FINAL\\outputs\\20260213-110350-ai-saas-런칭-랜딩-페이지\\product_schema.json",
  "main_content_path": "d:\\auto\\MetaPassiveIncome_FINAL\\outputs\\20260213-110350-ai-saas-런칭-랜딩-페이지\\product.md",
  "checksum": "aec58f2fef2e6505e712b7a32b1f90456602e1287ee0a6b50fd66b9fcb82e1f0",
  "generated_at": "20260213-110350",
  "status": "GENERATED_SUCCESS",
  "schema_driven": true,
  "notes": [
    "스키마 기반 생성 (product_schema.json)",
    "단일 파일 랜딩 페이지 (CSS/JS 내장)",
    "데이터 액션 라우터를 통한 버튼 기능"
  ]
}