{
  "product_id": "20260220-043607-25-passive-income-ideas-to-mak",
  "title": "Unlock Your Passive Income with 25 Passive Income Ideas To Make Extra Money",
  "target_customer": "Creators and merchants interested in 25 Passive Income Ideas To Make Extra Money",
  "value_proposition": "Leverage AI to create and sell digital products based on: 25 Passive Income Ideas To Make Extra Money",
  "sections": {
    "hero": {
      "headline": "Unlock Your Passive Income with 25 Passive Income Ideas To Make Extra Money",
      "subheadline": "Leverage AI to create and sell digital products based on: 25 Passive Income Ideas To Make Extra Money"
    },
    "problem": {
      "description": "Financial operators struggle with manual reporting, volatile fees, and complex compliance. Without a professional system, trust decays and conversion drops."
    },
    "solution": {
      "description": "A hardened financial toolkit with automated tracking, fee-optimized checkout, and built-in compliance checklists. Designed for high-trust transactions."
    },
    "features": [
      "Fee-optimized wallet checkout for 25 Passive Income Ideas To Make Extra Money",
      "Automated transaction reconciliation log for 25 Passive Income Ideas To Make Extra Money",
      "Compliance & Tax reporting templates for 25 Passive Income Ideas To Make Extra Money",
      "Real-time network fee estimator for 25 Passive Income Ideas To Make Extra Money",
      "Secure, idempotent delivery system for 25 Passive Income Ideas To Make Extra Money"
    ],
    "benefits": [
      "Ship faster with ready 25 Passive Income Ideas To Make Extra Money templates",
      "Increase conversion with clear 25 Passive Income Ideas To Make Extra Money value prop",
      "Operate with predictable 25 Passive Income Ideas To Make Extra Money delivery flow",
      "Scale experimentation with simple 25 Passive Income Ideas To Make Extra Money A/B hooks"
    ],
    "pricing": {
      "tier_name": "Standard Access",
      "price": "$19.00"
    },
    "faq": [
      {
        "q": "What is included?",
        "a": "You get the full landing page, the 25 Passive Income Ideas To Make Extra Money guide, and automated delivery setup."
      },
      {
        "q": "How do I deploy?",
        "a": "Upload to Vercel, Netlify, or any static host. No backend needed."
      },
      {
        "q": "Is it secure?",
        "a": "Yes, it uses wallet-based authentication for delivery gating."
      }
    ],
    "cta": {
      "text": "Get Started Now"
    },
    "design": {
      "theme": "modern",
      "primary_color": "#ef4444",
      "secondary_color": "#ef4444",
      "font_family": "Inter, sans-serif",
      "layout_style": "minimalist"
    }
  },
  "assets": {
    "main_content_file": "product.pdf",
    "landing_page": "index.html"
  }
}