day,channel,hook,cta,keywords
1,YouTube Shorts,"Stop paying card fees — settle globally in minutes","Get the full premium guide + templates","web3 payments, digital product delivery"
2,LinkedIn,"Avoid the top 5 mistakes when selling digital goods for crypto","Get the full premium guide + templates","nowpayments, invoice, payment status"
3,TikTok,"Turn crypto payments into a predictable revenue system","Use the checklist and avoid expensive errors","web3 payments, digital product delivery"
4,Reddit,"From 0 to first 10 sales: a realistic 7-day launch plan","Get the full premium guide + templates","automation, ops, support macros"
5,X,"Upgrade conversion with trust blocks + proof metrics","Download the bundle and deploy today","automation, ops, support macros"
6,Instagram,"Turn crypto payments into a predictable revenue system","Copy the exact system and ship this week","conversion rate, funnel, landing page"
7,LinkedIn,"Avoid the top 5 mistakes when selling digital goods for crypto","Get the full premium guide + templates","automation, ops, support macros"
8,TikTok,"Stop paying card fees — settle globally in minutes","Download the bundle and deploy today","automation, ops, support macros"
9,Instagram,"Turn crypto payments into a predictable revenue system","Use the checklist and avoid expensive errors","conversion rate, funnel, landing page"
10,Reddit,"From 0 to first 10 sales: a realistic 7-day launch plan","Download the bundle and deploy today","automation, ops, support macros"
11,TikTok,"Stop paying card fees — settle globally in minutes","Download the bundle and deploy today","automation, ops, support macros"
12,TikTok,"Upgrade conversion with trust blocks + proof metrics","Download the bundle and deploy today","crypto checkout, stablecoins, settlement"
13,TikTok,"Stop paying card fees — settle globally in minutes","Download the bundle and deploy today","conversion rate, funnel, landing page"
14,TikTok,"Avoid the top 5 mistakes when selling digital goods for crypto","Get the full premium guide + templates","conversion rate, funnel, landing page"
15,TikTok,"From 0 to first 10 sales: a realistic 7-day launch plan","Download the bundle and deploy today","nowpayments, invoice, payment status"
16,Blog,"Privacy-first: reduce payment traceability in your ops","Use the checklist and avoid expensive errors","conversion rate, funnel, landing page"
17,YouTube Shorts,"Avoid the top 5 mistakes when selling digital goods for crypto","Download the bundle and deploy today","web3 payments, digital product delivery"
18,X,"Turn crypto payments into a predictable revenue system","Copy the exact system and ship this week","web3 payments, digital product delivery"
19,TikTok,"Privacy-first: reduce payment traceability in your ops","Use the checklist and avoid expensive errors","web3 payments, digital product delivery"
20,Instagram,"Turn crypto payments into a predictable revenue system","Copy the exact system and ship this week","nowpayments, invoice, payment status"
21,LinkedIn,"From 0 to first 10 sales: a realistic 7-day launch plan","Copy the exact system and ship this week","conversion rate, funnel, landing page"
22,Instagram,"Avoid the top 5 mistakes when selling digital goods for crypto","Use the checklist and avoid expensive errors","automation, ops, support macros"
23,X,"Turn crypto payments into a predictable revenue system","Copy the exact system and ship this week","web3 payments, digital product delivery"
24,TikTok,"Turn crypto payments into a predictable revenue system","Download the bundle and deploy today","conversion rate, funnel, landing page"
25,Instagram,"Turn crypto payments into a predictable revenue system","Download the bundle and deploy today","conversion rate, funnel, landing page"
26,Instagram,"Stop paying card fees — settle globally in minutes","Get the full premium guide + templates","nowpayments, invoice, payment status"
27,Instagram,"Privacy-first: reduce payment traceability in your ops","Use the checklist and avoid expensive errors","web3 payments, digital product delivery"
28,Reddit,"Privacy-first: reduce payment traceability in your ops","Copy the exact system and ship this week","conversion rate, funnel, landing page"
29,LinkedIn,"Upgrade conversion with trust blocks + proof metrics","Get the full premium guide + templates","automation, ops, support macros"
30,TikTok,"From 0 to first 10 sales: a realistic 7-day launch plan","Copy the exact system and ship this week","automation, ops, support macros"
