{
  "product_id": "20260208-095149-리드-생성용-e-book-다운로드-랜딩페이지",
  "output_dir": "d:\\auto\\MetaPassiveIncome_FINAL\\outputs\\20260208-095149-리드-생성용-e-book-다운로드-랜딩페이지",
  "main_asset": "d:\\auto\\MetaPassiveIncome_FINAL\\outputs\\20260208-095149-리드-생성용-e-book-다운로드-랜딩페이지\\index.html",
  "schema_path": "d:\\auto\\MetaPassiveIncome_FINAL\\outputs\\20260208-095149-리드-생성용-e-book-다운로드-랜딩페이지\\product_schema.json",
  "main_content_path": "d:\\auto\\MetaPassiveIncome_FINAL\\outputs\\20260208-095149-리드-생성용-e-book-다운로드-랜딩페이지\\product.md",
  "checksum": "6c08fddb55d70e7894df11711251c879bfe35949a0ce85d4ceefed8511ac48b9",
  "generated_at": "20260208-095149",
  "status": "GENERATED_SUCCESS",
  "schema_driven": true,
  "notes": [
    "스키마 기반 생성 (product_schema.json)",
    "단일 파일 랜딩 페이지 (CSS/JS 내장)",
    "데이터 액션 라우터를 통한 버튼 기능"
  ]
}