{
  "product_id": "20260219-060349-7-ai-generated-digital-product",
  "output_dir": "d:\\auto\\MetaPassiveIncome_FINAL\\outputs\\20260219-060349-7-ai-generated-digital-product",
  "main_asset": "d:\\auto\\MetaPassiveIncome_FINAL\\outputs\\20260219-060349-7-ai-generated-digital-product\\index.html",
  "schema_path": "d:\\auto\\MetaPassiveIncome_FINAL\\outputs\\20260219-060349-7-ai-generated-digital-product\\product_schema.json",
  "main_content_path": "d:\\auto\\MetaPassiveIncome_FINAL\\outputs\\20260219-060349-7-ai-generated-digital-product\\product.pdf",
  "checksum": "52f16bb51406aaca87078b53b2ce311141d8025e7b584ff3f2f615ec868e2916",
  "generated_at": "20260219-060405",
  "status": "GENERATED_SUCCESS",
  "schema_driven": true,
  "notes": [
    "스키마 기반 생성 (product_schema.json)",
    "단일 파일 랜딩 페이지 (CSS/JS 내장)",
    "데이터 액션 라우터를 통한 버튼 기능"
  ]
}