day,channel,hook,cta,keywords
1,Reddit,"⚠️ The #1 mistake digital sellers make with crypto (and how to fix it).","🛠 Copy my exact workflow and start shipping by tonight.","crypto automation, instant settlement, web3 commerce"
2,Blog,"🔥 Stop losing 3% to card fees — Settle globally in seconds, not days.","👉 Grab the Premium Bundle + Secret Templates [Limited Time]","nowpayments integration, automated fulfillment, high-ticket sales"
3,TikTok,"🔥 Stop losing 3% to card fees — Settle globally in seconds, not days.","👉 Grab the Premium Bundle + Secret Templates [Limited Time]","sales funnel design, trust-building metrics, automated operations"
4,Reddit,"⚠️ The #1 mistake digital sellers make with crypto (and how to fix it).","🛠 Copy my exact workflow and start shipping by tonight.","crypto automation, instant settlement, web3 commerce"
5,YouTube Shorts,"🔒 Privacy is a feature, not a luxury. Reduce payment traceability today.","🛠 Copy my exact workflow and start shipping by tonight.","digital product delivery, privacy-first payments, conversion optimization"
6,YouTube Shorts,"💎 From zero to automated crypto sales: The exact 7-day blueprint.","✅ Get the checklist and avoid the expensive mistakes I made.","digital product delivery, privacy-first payments, conversion optimization"
7,X,"🔥 Stop losing 3% to card fees — Settle globally in seconds, not days.","🛠 Copy my exact workflow and start shipping by tonight.","digital product delivery, privacy-first payments, conversion optimization"
8,YouTube Shorts,"💎 From zero to automated crypto sales: The exact 7-day blueprint.","📥 Download the complete system and launch your store today.","passive income system, crypto revenue, digital entrepreneurship"
9,YouTube Shorts,"🚀 Turn your crypto wallet into a high-performance revenue engine.","🛠 Copy my exact workflow and start shipping by tonight.","sales funnel design, trust-building metrics, automated operations"
10,Reddit,"📈 Double your conversion rates with 'Trust Blocks' + Proof Metrics.","👉 Grab the Premium Bundle + Secret Templates [Limited Time]","nowpayments integration, automated fulfillment, high-ticket sales"
11,TikTok,"🔥 Stop losing 3% to card fees — Settle globally in seconds, not days.","✅ Get the checklist and avoid the expensive mistakes I made.","sales funnel design, trust-building metrics, automated operations"
12,Instagram,"📈 Double your conversion rates with 'Trust Blocks' + Proof Metrics.","💰 Start accepting crypto like a pro — Download now.","sales funnel design, trust-building metrics, automated operations"
13,YouTube Shorts,"🔒 Privacy is a feature, not a luxury. Reduce payment traceability today.","📥 Download the complete system and launch your store today.","nowpayments integration, automated fulfillment, high-ticket sales"
14,YouTube Shorts,"⚠️ The #1 mistake digital sellers make with crypto (and how to fix it).","🛠 Copy my exact workflow and start shipping by tonight.","nowpayments integration, automated fulfillment, high-ticket sales"
15,TikTok,"🔥 Stop losing 3% to card fees — Settle globally in seconds, not days.","🛠 Copy my exact workflow and start shipping by tonight.","nowpayments integration, automated fulfillment, high-ticket sales"
16,Reddit,"💎 From zero to automated crypto sales: The exact 7-day blueprint.","🛠 Copy my exact workflow and start shipping by tonight.","passive income system, crypto revenue, digital entrepreneurship"
17,Reddit,"💎 From zero to automated crypto sales: The exact 7-day blueprint.","📥 Download the complete system and launch your store today.","crypto automation, instant settlement, web3 commerce"
18,X,"🔥 Stop losing 3% to card fees — Settle globally in seconds, not days.","💰 Start accepting crypto like a pro — Download now.","crypto automation, instant settlement, web3 commerce"
19,Instagram,"⚠️ The #1 mistake digital sellers make with crypto (and how to fix it).","👉 Grab the Premium Bundle + Secret Templates [Limited Time]","digital product delivery, privacy-first payments, conversion optimization"
20,Reddit,"🔒 Privacy is a feature, not a luxury. Reduce payment traceability today.","💰 Start accepting crypto like a pro — Download now.","nowpayments integration, automated fulfillment, high-ticket sales"
21,TikTok,"🌍 Global commerce without boundaries: Sell to anyone, anywhere, instantly.","💰 Start accepting crypto like a pro — Download now.","crypto automation, instant settlement, web3 commerce"
22,Instagram,"🌍 Global commerce without boundaries: Sell to anyone, anywhere, instantly.","🛠 Copy my exact workflow and start shipping by tonight.","crypto automation, instant settlement, web3 commerce"
23,LinkedIn,"⚠️ The #1 mistake digital sellers make with crypto (and how to fix it).","👉 Grab the Premium Bundle + Secret Templates [Limited Time]","passive income system, crypto revenue, digital entrepreneurship"
24,TikTok,"🔒 Privacy is a feature, not a luxury. Reduce payment traceability today.","✅ Get the checklist and avoid the expensive mistakes I made.","nowpayments integration, automated fulfillment, high-ticket sales"
25,Blog,"⚠️ The #1 mistake digital sellers make with crypto (and how to fix it).","✅ Get the checklist and avoid the expensive mistakes I made.","sales funnel design, trust-building metrics, automated operations"
26,LinkedIn,"🌍 Global commerce without boundaries: Sell to anyone, anywhere, instantly.","✅ Get the checklist and avoid the expensive mistakes I made.","sales funnel design, trust-building metrics, automated operations"
27,Reddit,"⚠️ The #1 mistake digital sellers make with crypto (and how to fix it).","📥 Download the complete system and launch your store today.","sales funnel design, trust-building metrics, automated operations"
28,Instagram,"📈 Double your conversion rates with 'Trust Blocks' + Proof Metrics.","📥 Download the complete system and launch your store today.","sales funnel design, trust-building metrics, automated operations"
29,Blog,"💎 From zero to automated crypto sales: The exact 7-day blueprint.","👉 Grab the Premium Bundle + Secret Templates [Limited Time]","crypto automation, instant settlement, web3 commerce"
30,Instagram,"🚀 Turn your crypto wallet into a high-performance revenue engine.","💰 Start accepting crypto like a pro — Download now.","digital product delivery, privacy-first payments, conversion optimization"
