{
  "product_id": "20260213-042956-token-gated-content-revenue-au",
  "output_dir": "d:\\auto\\MetaPassiveIncome_FINAL\\outputs\\20260213-042956-token-gated-content-revenue-au",
  "main_asset": "d:\\auto\\MetaPassiveIncome_FINAL\\outputs\\20260213-042956-token-gated-content-revenue-au\\index.html",
  "schema_path": "d:\\auto\\MetaPassiveIncome_FINAL\\outputs\\20260213-042956-token-gated-content-revenue-au\\product_schema.json",
  "main_content_path": "d:\\auto\\MetaPassiveIncome_FINAL\\outputs\\20260213-042956-token-gated-content-revenue-au\\product.md",
  "checksum": "03554e0b68a3b577a7a1c3d5c986144aa85d04a1d7dbe72044d098b62d5de5e8",
  "generated_at": "20260213-042956",
  "status": "GENERATED_SUCCESS",
  "schema_driven": true,
  "notes": [
    "스키마 기반 생성 (product_schema.json)",
    "단일 파일 랜딩 페이지 (CSS/JS 내장)",
    "데이터 액션 라우터를 통한 버튼 기능"
  ]
}