{
  "product_id": "20260215-120036-metaverse-real-estate-marketin",
  "output_dir": "d:\\auto\\MetaPassiveIncome_FINAL\\outputs\\20260215-120036-metaverse-real-estate-marketin",
  "main_asset": "d:\\auto\\MetaPassiveIncome_FINAL\\outputs\\20260215-120036-metaverse-real-estate-marketin\\index.html",
  "schema_path": "d:\\auto\\MetaPassiveIncome_FINAL\\outputs\\20260215-120036-metaverse-real-estate-marketin\\product_schema.json",
  "main_content_path": "d:\\auto\\MetaPassiveIncome_FINAL\\outputs\\20260215-120036-metaverse-real-estate-marketin\\product.pdf",
  "checksum": "094fe5c10e7b0c674bdcbc6e407c5262bf0614eac1a813ed90a41f4d1ba51d6b",
  "generated_at": "20260215-120036",
  "status": "GENERATED_SUCCESS",
  "schema_driven": true,
  "notes": [
    "스키마 기반 생성 (product_schema.json)",
    "단일 파일 랜딩 페이지 (CSS/JS 내장)",
    "데이터 액션 라우터를 통한 버튼 기능"
  ]
}