{
  "product_id": "20260215-120036-metaverse-real-estate-marketin",
  "title": "Unlock Your Passive Income with Metaverse-Real-Estate-Marketing-Guide",
  "target_customer": "Creators and merchants interested in Metaverse-Real-Estate-Marketing-Guide",
  "value_proposition": "Leverage AI to create and sell digital products based on: Metaverse-Real-Estate-Marketing-Guide",
  "sections": {
    "hero": {
      "headline": "Unlock Your Passive Income with Metaverse-Real-Estate-Marketing-Guide",
      "subheadline": "Leverage AI to create and sell digital products based on: Metaverse-Real-Estate-Marketing-Guide"
    },
    "problem": {
      "description": "Most marketing assets are generic and fail to convert. Without a high-converting system, traffic is wasted and acquisition costs skyrocket."
    },
    "solution": {
      "description": "A results-driven marketing vault with proven hooks, structured landing templates, and conversion-optimized copy. Designed for rapid scale."
    },
    "features": [
      "High-converting hook & headline library for Metaverse-Real-Estate-Marketing-Guide",
      "A/B test ready landing page templates for Metaverse-Real-Estate-Marketing-Guide",
      "Psychology-based sales copy frameworks for Metaverse-Real-Estate-Marketing-Guide",
      "Social proof & proof-block templates for Metaverse-Real-Estate-Marketing-Guide",
      "Multi-channel promotion sequences for Metaverse-Real-Estate-Marketing-Guide"
    ],
    "benefits": [
      "Ship faster with ready Metaverse-Real-Estate-Marketing-Guide templates",
      "Increase conversion with clear Metaverse-Real-Estate-Marketing-Guide value prop",
      "Operate with predictable Metaverse-Real-Estate-Marketing-Guide delivery flow",
      "Scale experimentation with simple Metaverse-Real-Estate-Marketing-Guide A/B hooks"
    ],
    "pricing": {
      "tier_name": "Standard Access",
      "price": "$19.00"
    },
    "faq": [
      {
        "q": "What is included?",
        "a": "You get the full landing page, the Metaverse-Real-Estate-Marketing-Guide guide, and automated delivery setup."
      },
      {
        "q": "How do I deploy?",
        "a": "Upload to Vercel, Netlify, or any static host. No backend needed."
      },
      {
        "q": "Is it secure?",
        "a": "Yes, it uses wallet-based authentication for delivery gating."
      }
    ],
    "cta": {
      "text": "Get Started Now"
    },
    "design": {
      "theme": "minimal",
      "primary_color": "#f59e0b",
      "secondary_color": "#f59e0b",
      "font_family": "Roboto, sans-serif",
      "layout_style": "bold"
    }
  },
  "assets": {
    "main_content_file": "product.pdf",
    "landing_page": "index.html"
  },
  "_injected_price": "$19.00",
  "metadata": {
    "final_price_usd": 25.0
  },
  "price": "19",
  "offers": {
    "@type": "Offer",
    "price": "19.00",
    "priceCurrency": "USD"
  },
  "_market_price": "$49.00",
  "market_analysis": {
    "category": "Template / Landing Page",
    "market_price": 49,
    "our_price": 19,
    "desc": "Ready-to-use web templates"
  }
}