{
  "product_id": "20260213-103804-마이크로-saas-대시보드-ui-mvp",
  "output_dir": "d:\\auto\\MetaPassiveIncome_FINAL\\outputs\\20260213-103804-마이크로-saas-대시보드-ui-mvp",
  "main_asset": "d:\\auto\\MetaPassiveIncome_FINAL\\outputs\\20260213-103804-마이크로-saas-대시보드-ui-mvp\\index.html",
  "schema_path": "d:\\auto\\MetaPassiveIncome_FINAL\\outputs\\20260213-103804-마이크로-saas-대시보드-ui-mvp\\product_schema.json",
  "main_content_path": "d:\\auto\\MetaPassiveIncome_FINAL\\outputs\\20260213-103804-마이크로-saas-대시보드-ui-mvp\\product.md",
  "checksum": "41e65aa65902b3163db40ac68d666d6be484233fd9beeee422497be623c82c3c",
  "generated_at": "20260213-103804",
  "status": "GENERATED_SUCCESS",
  "schema_driven": true,
  "notes": [
    "스키마 기반 생성 (product_schema.json)",
    "단일 파일 랜딩 페이지 (CSS/JS 내장)",
    "데이터 액션 라우터를 통한 버튼 기능"
  ]
}