day,channel,hook,cta,keywords
1,Blog,"🚀 Turn your crypto wallet into a high-performance revenue engine.","🛠 Copy my exact workflow and start shipping by tonight.","crypto automation, instant settlement, web3 commerce"
2,Blog,"⚠️ The #1 mistake digital sellers make with crypto (and how to fix it).","✅ Get the checklist and avoid the expensive mistakes I made.","nowpayments integration, automated fulfillment, high-ticket sales"
3,Blog,"⚠️ The #1 mistake digital sellers make with crypto (and how to fix it).","📥 Download the complete system and launch your store today.","nowpayments integration, automated fulfillment, high-ticket sales"
4,Instagram,"⚠️ The #1 mistake digital sellers make with crypto (and how to fix it).","💰 Start accepting crypto like a pro — Download now.","sales funnel design, trust-building metrics, automated operations"
5,Instagram,"💎 From zero to automated crypto sales: The exact 7-day blueprint.","👉 Grab the Premium Bundle + Secret Templates [Limited Time]","nowpayments integration, automated fulfillment, high-ticket sales"
6,Instagram,"⚠️ The #1 mistake digital sellers make with crypto (and how to fix it).","💰 Start accepting crypto like a pro — Download now.","digital product delivery, privacy-first payments, conversion optimization"
7,X,"⚠️ The #1 mistake digital sellers make with crypto (and how to fix it).","🛠 Copy my exact workflow and start shipping by tonight.","nowpayments integration, automated fulfillment, high-ticket sales"
8,YouTube Shorts,"📈 Double your conversion rates with 'Trust Blocks' + Proof Metrics.","👉 Grab the Premium Bundle + Secret Templates [Limited Time]","nowpayments integration, automated fulfillment, high-ticket sales"
9,TikTok,"🔥 Stop losing 3% to card fees — Settle globally in seconds, not days.","✅ Get the checklist and avoid the expensive mistakes I made.","sales funnel design, trust-building metrics, automated operations"
10,Instagram,"📈 Double your conversion rates with 'Trust Blocks' + Proof Metrics.","💰 Start accepting crypto like a pro — Download now.","sales funnel design, trust-building metrics, automated operations"
11,YouTube Shorts,"🔒 Privacy is a feature, not a luxury. Reduce payment traceability today.","📥 Download the complete system and launch your store today.","nowpayments integration, automated fulfillment, high-ticket sales"
12,YouTube Shorts,"⚠️ The #1 mistake digital sellers make with crypto (and how to fix it).","🛠 Copy my exact workflow and start shipping by tonight.","nowpayments integration, automated fulfillment, high-ticket sales"
13,TikTok,"🔥 Stop losing 3% to card fees — Settle globally in seconds, not days.","🛠 Copy my exact workflow and start shipping by tonight.","nowpayments integration, automated fulfillment, high-ticket sales"
14,Reddit,"💎 From zero to automated crypto sales: The exact 7-day blueprint.","🛠 Copy my exact workflow and start shipping by tonight.","passive income system, crypto revenue, digital entrepreneurship"
15,Reddit,"💎 From zero to automated crypto sales: The exact 7-day blueprint.","📥 Download the complete system and launch your store today.","crypto automation, instant settlement, web3 commerce"
16,X,"🔥 Stop losing 3% to card fees — Settle globally in seconds, not days.","💰 Start accepting crypto like a pro — Download now.","crypto automation, instant settlement, web3 commerce"
17,Instagram,"⚠️ The #1 mistake digital sellers make with crypto (and how to fix it).","👉 Grab the Premium Bundle + Secret Templates [Limited Time]","digital product delivery, privacy-first payments, conversion optimization"
18,Reddit,"🔒 Privacy is a feature, not a luxury. Reduce payment traceability today.","💰 Start accepting crypto like a pro — Download now.","nowpayments integration, automated fulfillment, high-ticket sales"
19,TikTok,"🌍 Global commerce without boundaries: Sell to anyone, anywhere, instantly.","💰 Start accepting crypto like a pro — Download now.","crypto automation, instant settlement, web3 commerce"
20,Instagram,"🌍 Global commerce without boundaries: Sell to anyone, anywhere, instantly.","🛠 Copy my exact workflow and start shipping by tonight.","crypto automation, instant settlement, web3 commerce"
21,LinkedIn,"⚠️ The #1 mistake digital sellers make with crypto (and how to fix it).","👉 Grab the Premium Bundle + Secret Templates [Limited Time]","passive income system, crypto revenue, digital entrepreneurship"
22,TikTok,"🔒 Privacy is a feature, not a luxury. Reduce payment traceability today.","✅ Get the checklist and avoid the expensive mistakes I made.","nowpayments integration, automated fulfillment, high-ticket sales"
23,Blog,"⚠️ The #1 mistake digital sellers make with crypto (and how to fix it).","✅ Get the checklist and avoid the expensive mistakes I made.","sales funnel design, trust-building metrics, automated operations"
24,LinkedIn,"🌍 Global commerce without boundaries: Sell to anyone, anywhere, instantly.","✅ Get the checklist and avoid the expensive mistakes I made.","sales funnel design, trust-building metrics, automated operations"
25,Reddit,"⚠️ The #1 mistake digital sellers make with crypto (and how to fix it).","📥 Download the complete system and launch your store today.","sales funnel design, trust-building metrics, automated operations"
26,Instagram,"📈 Double your conversion rates with 'Trust Blocks' + Proof Metrics.","📥 Download the complete system and launch your store today.","sales funnel design, trust-building metrics, automated operations"
27,Blog,"💎 From zero to automated crypto sales: The exact 7-day blueprint.","👉 Grab the Premium Bundle + Secret Templates [Limited Time]","crypto automation, instant settlement, web3 commerce"
28,Instagram,"🚀 Turn your crypto wallet into a high-performance revenue engine.","💰 Start accepting crypto like a pro — Download now.","digital product delivery, privacy-first payments, conversion optimization"
29,Instagram,"📈 Double your conversion rates with 'Trust Blocks' + Proof Metrics.","🛠 Copy my exact workflow and start shipping by tonight.","passive income system, crypto revenue, digital entrepreneurship"
30,X,"⚠️ The #1 mistake digital sellers make with crypto (and how to fix it).","💰 Start accepting crypto like a pro — Download now.","crypto automation, instant settlement, web3 commerce"
