{
  "product_id": "20260220-023210-digital-products-goldmine-200",
  "output_dir": "d:\\auto\\MetaPassiveIncome_FINAL\\outputs\\20260220-023210-digital-products-goldmine-200",
  "main_asset": "d:\\auto\\MetaPassiveIncome_FINAL\\outputs\\20260220-023210-digital-products-goldmine-200\\index.html",
  "schema_path": "d:\\auto\\MetaPassiveIncome_FINAL\\outputs\\20260220-023210-digital-products-goldmine-200\\product_schema.json",
  "main_content_path": "d:\\auto\\MetaPassiveIncome_FINAL\\outputs\\20260220-023210-digital-products-goldmine-200\\product.pdf",
  "checksum": "96773ae334543770c8860e755f07b5adc1c361b1f5333af0d23956bf9cea939f",
  "generated_at": "20260220-023218",
  "status": "GENERATED_SUCCESS",
  "schema_driven": true,
  "notes": [
    "스키마 기반 생성 (product_schema.json)",
    "단일 파일 랜딩 페이지 (CSS/JS 내장)",
    "데이터 액션 라우터를 통한 버튼 기능"
  ]
}