{
  "product_id": "20260220-072901-best-digital-product-ideas-to",
  "output_dir": "d:\\auto\\MetaPassiveIncome_FINAL\\outputs\\20260220-072901-best-digital-product-ideas-to",
  "main_asset": "d:\\auto\\MetaPassiveIncome_FINAL\\outputs\\20260220-072901-best-digital-product-ideas-to\\index.html",
  "schema_path": "d:\\auto\\MetaPassiveIncome_FINAL\\outputs\\20260220-072901-best-digital-product-ideas-to\\product_schema.json",
  "main_content_path": "d:\\auto\\MetaPassiveIncome_FINAL\\outputs\\20260220-072901-best-digital-product-ideas-to\\product.pdf",
  "checksum": "c5d61b6ea92e339045a33f8de43a282be2a4255c71ff8adf5a4c6c58e3a4f944",
  "generated_at": "20260220-072910",
  "status": "GENERATED_SUCCESS",
  "schema_driven": true,
  "notes": [
    "스키마 기반 생성 (product_schema.json)",
    "단일 파일 랜딩 페이지 (CSS/JS 내장)",
    "데이터 액션 라우터를 통한 버튼 기능"
  ]
}