{
  "product_id": "20260213-152146-간단-리드-마그넷-다운로드-페이지",
  "output_dir": "d:\\auto\\MetaPassiveIncome_FINAL\\outputs\\20260213-152146-간단-리드-마그넷-다운로드-페이지",
  "main_asset": "d:\\auto\\MetaPassiveIncome_FINAL\\outputs\\20260213-152146-간단-리드-마그넷-다운로드-페이지\\index.html",
  "schema_path": "d:\\auto\\MetaPassiveIncome_FINAL\\outputs\\20260213-152146-간단-리드-마그넷-다운로드-페이지\\product_schema.json",
  "main_content_path": "d:\\auto\\MetaPassiveIncome_FINAL\\outputs\\20260213-152146-간단-리드-마그넷-다운로드-페이지\\product.md",
  "checksum": "498ea0793486d1295457a4285b5706d5fe4dd07a502896d2503d9d6cdc076b90",
  "generated_at": "20260213-152146",
  "status": "GENERATED_SUCCESS",
  "schema_driven": true,
  "notes": [
    "스키마 기반 생성 (product_schema.json)",
    "단일 파일 랜딩 페이지 (CSS/JS 내장)",
    "데이터 액션 라우터를 통한 버튼 기능"
  ]
}