day,channel,hook,cta,keywords
1,Instagram,"Upgrade conversion with trust blocks + proof metrics","Copy the exact system and ship this week","conversion rate, funnel, landing page"
2,Reddit,"Avoid the top 5 mistakes when selling digital goods for crypto","Use the checklist and avoid expensive errors","automation, ops, support macros"
3,LinkedIn,"Turn crypto payments into a predictable revenue system","Copy the exact system and ship this week","crypto checkout, stablecoins, settlement"
4,Instagram,"Stop paying card fees — settle globally in minutes","Copy the exact system and ship this week","conversion rate, funnel, landing page"
5,X,"Stop paying card fees — settle globally in minutes","Get the full premium guide + templates","automation, ops, support macros"
6,YouTube Shorts,"Privacy-first: reduce payment traceability in your ops","Download the bundle and deploy today","crypto checkout, stablecoins, settlement"
7,Reddit,"Avoid the top 5 mistakes when selling digital goods for crypto","Get the full premium guide + templates","web3 payments, digital product delivery"
8,LinkedIn,"Stop paying card fees — settle globally in minutes","Download the bundle and deploy today","conversion rate, funnel, landing page"
9,Instagram,"Avoid the top 5 mistakes when selling digital goods for crypto","Get the full premium guide + templates","crypto checkout, stablecoins, settlement"
10,Blog,"From 0 to first 10 sales: a realistic 7-day launch plan","Download the bundle and deploy today","conversion rate, funnel, landing page"
11,TikTok,"Privacy-first: reduce payment traceability in your ops","Download the bundle and deploy today","nowpayments, invoice, payment status"
12,Blog,"Upgrade conversion with trust blocks + proof metrics","Download the bundle and deploy today","web3 payments, digital product delivery"
13,Reddit,"Upgrade conversion with trust blocks + proof metrics","Use the checklist and avoid expensive errors","nowpayments, invoice, payment status"
14,LinkedIn,"Privacy-first: reduce payment traceability in your ops","Use the checklist and avoid expensive errors","nowpayments, invoice, payment status"
15,TikTok,"Upgrade conversion with trust blocks + proof metrics","Get the full premium guide + templates","crypto checkout, stablecoins, settlement"
16,Blog,"Avoid the top 5 mistakes when selling digital goods for crypto","Use the checklist and avoid expensive errors","web3 payments, digital product delivery"
17,Blog,"Avoid the top 5 mistakes when selling digital goods for crypto","Use the checklist and avoid expensive errors","automation, ops, support macros"
18,Instagram,"Upgrade conversion with trust blocks + proof metrics","Get the full premium guide + templates","web3 payments, digital product delivery"
19,Blog,"Avoid the top 5 mistakes when selling digital goods for crypto","Download the bundle and deploy today","conversion rate, funnel, landing page"
20,Blog,"Upgrade conversion with trust blocks + proof metrics","Copy the exact system and ship this week","nowpayments, invoice, payment status"
21,YouTube Shorts,"Upgrade conversion with trust blocks + proof metrics","Use the checklist and avoid expensive errors","web3 payments, digital product delivery"
22,Reddit,"From 0 to first 10 sales: a realistic 7-day launch plan","Use the checklist and avoid expensive errors","crypto checkout, stablecoins, settlement"
23,LinkedIn,"Turn crypto payments into a predictable revenue system","Use the checklist and avoid expensive errors","automation, ops, support macros"
24,Blog,"Privacy-first: reduce payment traceability in your ops","Use the checklist and avoid expensive errors","conversion rate, funnel, landing page"
25,TikTok,"Privacy-first: reduce payment traceability in your ops","Get the full premium guide + templates","crypto checkout, stablecoins, settlement"
26,LinkedIn,"Privacy-first: reduce payment traceability in your ops","Copy the exact system and ship this week","conversion rate, funnel, landing page"
27,X,"Turn crypto payments into a predictable revenue system","Use the checklist and avoid expensive errors","nowpayments, invoice, payment status"
28,Blog,"Upgrade conversion with trust blocks + proof metrics","Copy the exact system and ship this week","conversion rate, funnel, landing page"
29,Reddit,"Privacy-first: reduce payment traceability in your ops","Download the bundle and deploy today","conversion rate, funnel, landing page"
30,Reddit,"Upgrade conversion with trust blocks + proof metrics","Download the bundle and deploy today","automation, ops, support macros"
