{
  "product_id": "20260213-111239-링크-인-바이오-link-in-bio-마이크로-랜딩-페",
  "output_dir": "d:\\auto\\MetaPassiveIncome_FINAL\\outputs\\20260213-111239-링크-인-바이오-link-in-bio-마이크로-랜딩-페",
  "main_asset": "d:\\auto\\MetaPassiveIncome_FINAL\\outputs\\20260213-111239-링크-인-바이오-link-in-bio-마이크로-랜딩-페\\index.html",
  "schema_path": "d:\\auto\\MetaPassiveIncome_FINAL\\outputs\\20260213-111239-링크-인-바이오-link-in-bio-마이크로-랜딩-페\\product_schema.json",
  "main_content_path": "d:\\auto\\MetaPassiveIncome_FINAL\\outputs\\20260213-111239-링크-인-바이오-link-in-bio-마이크로-랜딩-페\\product.md",
  "checksum": "a9a4f2e88e69f150c5e1f8cd387f0781aa416f1a7aabff1551cef1ea60f0bda7",
  "generated_at": "20260213-111239",
  "status": "GENERATED_SUCCESS",
  "schema_driven": true,
  "notes": [
    "스키마 기반 생성 (product_schema.json)",
    "단일 파일 랜딩 페이지 (CSS/JS 내장)",
    "데이터 액션 라우터를 통한 버튼 기능"
  ]
}