{
  "product_id": "20260221-154313-niche-college-search-reviews-a",
  "title": "Unlock Your Passive Income with Niche: College Search, Reviews, and Rankings",
  "target_customer": "Creators and merchants interested in Niche: College Search, Reviews, and Rankings",
  "value_proposition": "Leverage AI to create and sell digital products based on: Niche: College Search, Reviews, and Rankings",
  "sections": {
    "hero": {
      "headline": "Unlock Your Passive Income with Niche: College Search, Reviews, and Rankings",
      "subheadline": "Leverage AI to create and sell digital products based on: Niche: College Search, Reviews, and Rankings"
    },
    "problem": {
      "description": "Creating and selling digital products is complex and time-consuming. Most creators fail due to technical friction and lack of a structured system."
    },
    "solution": {
      "description": "A professional-grade implementation system that handles everything from landing to delivery. Focus on your content, we handle the infrastructure."
    },
    "features": [
      "One-file deployment architecture for Niche: College Search, Reviews, and Rankings",
      "Secure token-gated delivery for Niche: College Search, Reviews, and Rankings",
      "Conversion-optimized landing components for Niche: College Search, Reviews, and Rankings",
      "Built-in analytics & tracking for Niche: College Search, Reviews, and Rankings",
      "Automated promotion asset generator for Niche: College Search, Reviews, and Rankings"
    ],
    "benefits": [
      "Ship faster with ready Niche: College Search, Reviews, and Rankings templates",
      "Increase conversion with clear Niche: College Search, Reviews, and Rankings value prop",
      "Operate with predictable Niche: College Search, Reviews, and Rankings delivery flow",
      "Scale experimentation with simple Niche: College Search, Reviews, and Rankings A/B hooks"
    ],
    "pricing": {
      "tier_name": "Standard Access",
      "price": "$59.00"
    },
    "faq": [
      {
        "q": "What is included?",
        "a": "You get the full landing page, the Niche: College Search, Reviews, and Rankings guide, and automated delivery setup."
      },
      {
        "q": "How do I deploy?",
        "a": "Upload to Vercel, Netlify, or any static host. No backend needed."
      },
      {
        "q": "Is it secure?",
        "a": "Yes, it uses wallet-based authentication for delivery gating."
      }
    ],
    "cta": {
      "text": "Get Started Now"
    },
    "design": {
      "theme": "modern",
      "primary_color": "#10b981",
      "secondary_color": "#10b981",
      "font_family": "system-ui, sans-serif",
      "layout_style": "professional"
    }
  },
  "assets": {
    "main_content_file": "product.pdf",
    "landing_page": "index.html"
  }
}