{
  "product_id": "20260213-103306-saas-coming-soon-waitlist-페이지",
  "output_dir": "d:\\auto\\MetaPassiveIncome_FINAL\\outputs\\20260213-103306-saas-coming-soon-waitlist-페이지",
  "main_asset": "d:\\auto\\MetaPassiveIncome_FINAL\\outputs\\20260213-103306-saas-coming-soon-waitlist-페이지\\index.html",
  "schema_path": "d:\\auto\\MetaPassiveIncome_FINAL\\outputs\\20260213-103306-saas-coming-soon-waitlist-페이지\\product_schema.json",
  "main_content_path": "d:\\auto\\MetaPassiveIncome_FINAL\\outputs\\20260213-103306-saas-coming-soon-waitlist-페이지\\product.md",
  "checksum": "cdd3fc78e3e913990a3d189a80bef52b1e405647523eeee71130297e4c3b7e66",
  "generated_at": "20260213-103306",
  "status": "GENERATED_SUCCESS",
  "schema_driven": true,
  "notes": [
    "스키마 기반 생성 (product_schema.json)",
    "단일 파일 랜딩 페이지 (CSS/JS 내장)",
    "데이터 액션 라우터를 통한 버튼 기능"
  ]
}