{
  "product_id": "20260220-080937-build-your-ultimate-course",
  "title": "Unlock Your Passive Income with Build Your Ultimate Course",
  "target_customer": "Creators and merchants interested in Build Your Ultimate Course",
  "value_proposition": "Leverage AI to create and sell digital products based on: Build Your Ultimate Course",
  "sections": {
    "hero": {
      "headline": "Unlock Your Passive Income with Build Your Ultimate Course",
      "subheadline": "Leverage AI to create and sell digital products based on: Build Your Ultimate Course"
    },
    "problem": {
      "description": "Creating and selling digital products is complex and time-consuming. Most creators fail due to technical friction and lack of a structured system."
    },
    "solution": {
      "description": "A professional-grade implementation system that handles everything from landing to delivery. Focus on your content, we handle the infrastructure."
    },
    "features": [
      "One-file deployment architecture for Build Your Ultimate Course",
      "Secure token-gated delivery for Build Your Ultimate Course",
      "Conversion-optimized landing components for Build Your Ultimate Course",
      "Built-in analytics & tracking for Build Your Ultimate Course",
      "Automated promotion asset generator for Build Your Ultimate Course"
    ],
    "benefits": [
      "Ship faster with ready Build Your Ultimate Course templates",
      "Increase conversion with clear Build Your Ultimate Course value prop",
      "Operate with predictable Build Your Ultimate Course delivery flow",
      "Scale experimentation with simple Build Your Ultimate Course A/B hooks"
    ],
    "pricing": {
      "tier_name": "Standard Access",
      "price": "$29.00"
    },
    "faq": [
      {
        "q": "What is included?",
        "a": "You get the full landing page, the Build Your Ultimate Course guide, and automated delivery setup."
      },
      {
        "q": "How do I deploy?",
        "a": "Upload to Vercel, Netlify, or any static host. No backend needed."
      },
      {
        "q": "Is it secure?",
        "a": "Yes, it uses wallet-based authentication for delivery gating."
      }
    ],
    "cta": {
      "text": "Get Started Now"
    },
    "design": {
      "theme": "saas",
      "primary_color": "#f59e0b",
      "secondary_color": "#f59e0b",
      "font_family": "Roboto, sans-serif",
      "layout_style": "bold"
    }
  },
  "assets": {
    "main_content_file": "product.pdf",
    "landing_page": "index.html"
  }
}