{
  "product_id": "20260213-154208-마이크로-saas-대시보드-ui-mvp",
  "output_dir": "d:\\auto\\MetaPassiveIncome_FINAL\\outputs\\20260213-154208-마이크로-saas-대시보드-ui-mvp",
  "main_asset": "d:\\auto\\MetaPassiveIncome_FINAL\\outputs\\20260213-154208-마이크로-saas-대시보드-ui-mvp\\index.html",
  "schema_path": "d:\\auto\\MetaPassiveIncome_FINAL\\outputs\\20260213-154208-마이크로-saas-대시보드-ui-mvp\\product_schema.json",
  "main_content_path": "d:\\auto\\MetaPassiveIncome_FINAL\\outputs\\20260213-154208-마이크로-saas-대시보드-ui-mvp\\product.md",
  "checksum": "93e680374aa779398a908b4815d315b9bdb874dadd2dbfd872ae6933653b6bcf",
  "generated_at": "20260213-154209",
  "status": "GENERATED_SUCCESS",
  "schema_driven": true,
  "notes": [
    "스키마 기반 생성 (product_schema.json)",
    "단일 파일 랜딩 페이지 (CSS/JS 내장)",
    "데이터 액션 라우터를 통한 버튼 기능"
  ]
}