{
  "product_id": "20260219-060347-saas-ideas-150-profitable-saas",
  "output_dir": "d:\\auto\\MetaPassiveIncome_FINAL\\outputs\\20260219-060347-saas-ideas-150-profitable-saas",
  "main_asset": "d:\\auto\\MetaPassiveIncome_FINAL\\outputs\\20260219-060347-saas-ideas-150-profitable-saas\\index.html",
  "schema_path": "d:\\auto\\MetaPassiveIncome_FINAL\\outputs\\20260219-060347-saas-ideas-150-profitable-saas\\product_schema.json",
  "main_content_path": "d:\\auto\\MetaPassiveIncome_FINAL\\outputs\\20260219-060347-saas-ideas-150-profitable-saas\\product.pdf",
  "checksum": "9f13482322dc01e5cb093da9f99ee4df94b261683fb7cffb9e3147f6197aa4c4",
  "generated_at": "20260219-060405",
  "status": "GENERATED_SUCCESS",
  "schema_driven": true,
  "notes": [
    "스키마 기반 생성 (product_schema.json)",
    "단일 파일 랜딩 페이지 (CSS/JS 내장)",
    "데이터 액션 라우터를 통한 버튼 기능"
  ]
}