{
  "product_id": "20260220-194413-ielts-speaking-part-1-topics-q",
  "title": "Unlock Your Passive Income with IELTS Speaking Part 1 Topics & Questions",
  "target_customer": "Creators and merchants interested in IELTS Speaking Part 1 Topics & Questions",
  "value_proposition": "Leverage AI to create and sell digital products based on: IELTS Speaking Part 1 Topics & Questions",
  "sections": {
    "hero": {
      "headline": "Unlock Your Passive Income with IELTS Speaking Part 1 Topics & Questions",
      "subheadline": "Leverage AI to create and sell digital products based on: IELTS Speaking Part 1 Topics & Questions"
    },
    "problem": {
      "description": "Creating and selling digital products is complex and time-consuming. Most creators fail due to technical friction and lack of a structured system."
    },
    "solution": {
      "description": "A professional-grade implementation system that handles everything from landing to delivery. Focus on your content, we handle the infrastructure."
    },
    "features": [
      "One-file deployment architecture for IELTS Speaking Part 1 Topics & Questions",
      "Secure token-gated delivery for IELTS Speaking Part 1 Topics & Questions",
      "Conversion-optimized landing components for IELTS Speaking Part 1 Topics & Questions",
      "Built-in analytics & tracking for IELTS Speaking Part 1 Topics & Questions",
      "Automated promotion asset generator for IELTS Speaking Part 1 Topics & Questions"
    ],
    "benefits": [
      "Ship faster with ready IELTS Speaking Part 1 Topics & Questions templates",
      "Increase conversion with clear IELTS Speaking Part 1 Topics & Questions value prop",
      "Operate with predictable IELTS Speaking Part 1 Topics & Questions delivery flow",
      "Scale experimentation with simple IELTS Speaking Part 1 Topics & Questions A/B hooks"
    ],
    "pricing": {
      "tier_name": "Standard Access",
      "price": "$49.00"
    },
    "faq": [
      {
        "q": "What is included?",
        "a": "You get the full landing page, the IELTS Speaking Part 1 Topics & Questions guide, and automated delivery setup."
      },
      {
        "q": "How do I deploy?",
        "a": "Upload to Vercel, Netlify, or any static host. No backend needed."
      },
      {
        "q": "Is it secure?",
        "a": "Yes, it uses wallet-based authentication for delivery gating."
      }
    ],
    "cta": {
      "text": "Get Started Now"
    },
    "design": {
      "theme": "elegant",
      "primary_color": "#00b4ff",
      "secondary_color": "#00b4ff",
      "font_family": "system-ui, sans-serif",
      "layout_style": "professional"
    }
  },
  "assets": {
    "main_content_file": "product.pdf",
    "landing_page": "index.html"
  }
}