{
  "product_id": "20260213-111900-crypto-wallet-buyer-playbook-p",
  "output_dir": "d:\\auto\\MetaPassiveIncome_FINAL\\outputs\\20260213-111900-crypto-wallet-buyer-playbook-p",
  "main_asset": "d:\\auto\\MetaPassiveIncome_FINAL\\outputs\\20260213-111900-crypto-wallet-buyer-playbook-p\\index.html",
  "schema_path": "d:\\auto\\MetaPassiveIncome_FINAL\\outputs\\20260213-111900-crypto-wallet-buyer-playbook-p\\product_schema.json",
  "main_content_path": "d:\\auto\\MetaPassiveIncome_FINAL\\outputs\\20260213-111900-crypto-wallet-buyer-playbook-p\\product.md",
  "checksum": "c6ea519f0af69595a041c327b0e3c36700db76f025f0f28c29391bcbdf17316c",
  "generated_at": "20260213-111900",
  "status": "GENERATED_SUCCESS",
  "schema_driven": true,
  "notes": [
    "스키마 기반 생성 (product_schema.json)",
    "단일 파일 랜딩 페이지 (CSS/JS 내장)",
    "데이터 액션 라우터를 통한 버튼 기능"
  ]
}