{
  "product_id": "20260213-013121-crypto-wallet-buyer-playbook-p",
  "output_dir": "d:\\auto\\MetaPassiveIncome_FINAL\\outputs\\20260213-013121-crypto-wallet-buyer-playbook-p",
  "main_asset": "d:\\auto\\MetaPassiveIncome_FINAL\\outputs\\20260213-013121-crypto-wallet-buyer-playbook-p\\index.html",
  "schema_path": "d:\\auto\\MetaPassiveIncome_FINAL\\outputs\\20260213-013121-crypto-wallet-buyer-playbook-p\\product_schema.json",
  "main_content_path": "d:\\auto\\MetaPassiveIncome_FINAL\\outputs\\20260213-013121-crypto-wallet-buyer-playbook-p\\product.md",
  "checksum": "5d950aaef813375b5b77b1198835c14a572402d3e2f326bb405a2e7459c920dd",
  "generated_at": "20260213-013121",
  "status": "GENERATED_SUCCESS",
  "schema_driven": true,
  "notes": [
    "스키마 기반 생성 (product_schema.json)",
    "단일 파일 랜딩 페이지 (CSS/JS 내장)",
    "데이터 액션 라우터를 통한 버튼 기능"
  ]
}