{
  "product_id": "20260213-111412-소셜-미디어-프로필-링크-페이지",
  "output_dir": "d:\\auto\\MetaPassiveIncome_FINAL\\outputs\\20260213-111412-소셜-미디어-프로필-링크-페이지",
  "main_asset": "d:\\auto\\MetaPassiveIncome_FINAL\\outputs\\20260213-111412-소셜-미디어-프로필-링크-페이지\\index.html",
  "schema_path": "d:\\auto\\MetaPassiveIncome_FINAL\\outputs\\20260213-111412-소셜-미디어-프로필-링크-페이지\\product_schema.json",
  "main_content_path": "d:\\auto\\MetaPassiveIncome_FINAL\\outputs\\20260213-111412-소셜-미디어-프로필-링크-페이지\\product.md",
  "checksum": "8cd81eed13f413119fd11adc900096d46e6283e657b0d9bcd462bd676c3616c4",
  "generated_at": "20260213-111412",
  "status": "GENERATED_SUCCESS",
  "schema_driven": true,
  "notes": [
    "스키마 기반 생성 (product_schema.json)",
    "단일 파일 랜딩 페이지 (CSS/JS 내장)",
    "데이터 액션 라우터를 통한 버튼 기능"
  ]
}