{
  "product_id": "20260208-095133-온라인-강의-디지털-상품-판매-페이지",
  "output_dir": "d:\\auto\\MetaPassiveIncome_FINAL\\outputs\\20260208-095133-온라인-강의-디지털-상품-판매-페이지",
  "main_asset": "d:\\auto\\MetaPassiveIncome_FINAL\\outputs\\20260208-095133-온라인-강의-디지털-상품-판매-페이지\\index.html",
  "schema_path": "d:\\auto\\MetaPassiveIncome_FINAL\\outputs\\20260208-095133-온라인-강의-디지털-상품-판매-페이지\\product_schema.json",
  "main_content_path": "d:\\auto\\MetaPassiveIncome_FINAL\\outputs\\20260208-095133-온라인-강의-디지털-상품-판매-페이지\\product.md",
  "checksum": "3b2732e0617d58d2208e9788581ef6d42ebb7c4e3d0dcd50dbdad5bcc66e71bd",
  "generated_at": "20260208-095133",
  "status": "GENERATED_SUCCESS",
  "schema_driven": true,
  "notes": [
    "스키마 기반 생성 (product_schema.json)",
    "단일 파일 랜딩 페이지 (CSS/JS 내장)",
    "데이터 액션 라우터를 통한 버튼 기능"
  ]
}