{
  "product_id": "20260220-084011-15-best-notion-freelance-templ",
  "title": "Unlock Your Passive Income with 15+ Best Notion Freelance Templates",
  "target_customer": "Creators and merchants interested in 15+ Best Notion Freelance Templates",
  "value_proposition": "Leverage AI to create and sell digital products based on: 15+ Best Notion Freelance Templates",
  "sections": {
    "hero": {
      "headline": "Unlock Your Passive Income with 15+ Best Notion Freelance Templates",
      "subheadline": "Leverage AI to create and sell digital products based on: 15+ Best Notion Freelance Templates"
    },
    "problem": {
      "description": "Creating and selling digital products is complex and time-consuming. Most creators fail due to technical friction and lack of a structured system."
    },
    "solution": {
      "description": "A professional-grade implementation system that handles everything from landing to delivery. Focus on your content, we handle the infrastructure."
    },
    "features": [
      "One-file deployment architecture for 15+ Best Notion Freelance Templates",
      "Secure token-gated delivery for 15+ Best Notion Freelance Templates",
      "Conversion-optimized landing components for 15+ Best Notion Freelance Templates",
      "Built-in analytics & tracking for 15+ Best Notion Freelance Templates",
      "Automated promotion asset generator for 15+ Best Notion Freelance Templates"
    ],
    "benefits": [
      "Ship faster with ready 15+ Best Notion Freelance Templates templates",
      "Increase conversion with clear 15+ Best Notion Freelance Templates value prop",
      "Operate with predictable 15+ Best Notion Freelance Templates delivery flow",
      "Scale experimentation with simple 15+ Best Notion Freelance Templates A/B hooks"
    ],
    "pricing": {
      "tier_name": "Standard Access",
      "price": "$49.00"
    },
    "faq": [
      {
        "q": "What is included?",
        "a": "You get the full landing page, the 15+ Best Notion Freelance Templates guide, and automated delivery setup."
      },
      {
        "q": "How do I deploy?",
        "a": "Upload to Vercel, Netlify, or any static host. No backend needed."
      },
      {
        "q": "Is it secure?",
        "a": "Yes, it uses wallet-based authentication for delivery gating."
      }
    ],
    "cta": {
      "text": "Get Started Now"
    },
    "design": {
      "theme": "minimal",
      "primary_color": "#ef4444",
      "secondary_color": "#ef4444",
      "font_family": "system-ui, sans-serif",
      "layout_style": "professional"
    }
  },
  "assets": {
    "main_content_file": "product.pdf",
    "landing_page": "index.html"
  }
}