{
  "product_id": "20260213-151710-saas-waitlist-pre-launch-landi",
  "output_dir": "d:\\auto\\MetaPassiveIncome_FINAL\\outputs\\20260213-151710-saas-waitlist-pre-launch-landi",
  "main_asset": "d:\\auto\\MetaPassiveIncome_FINAL\\outputs\\20260213-151710-saas-waitlist-pre-launch-landi\\index.html",
  "schema_path": "d:\\auto\\MetaPassiveIncome_FINAL\\outputs\\20260213-151710-saas-waitlist-pre-launch-landi\\product_schema.json",
  "main_content_path": "d:\\auto\\MetaPassiveIncome_FINAL\\outputs\\20260213-151710-saas-waitlist-pre-launch-landi\\product.md",
  "checksum": "a07309723a3a229209db1b50c1487c1630965e71d51f3c0849a67d7d3ee8d098",
  "generated_at": "20260213-151710",
  "status": "GENERATED_SUCCESS",
  "schema_driven": true,
  "notes": [
    "스키마 기반 생성 (product_schema.json)",
    "단일 파일 랜딩 페이지 (CSS/JS 내장)",
    "데이터 액션 라우터를 통한 버튼 기능"
  ]
}