day,channel,hook,cta,keywords
1,YouTube Shorts,"Avoid the top 5 mistakes when selling digital goods for crypto","Copy the exact system and ship this week","crypto checkout, stablecoins, settlement"
2,YouTube Shorts,"Turn crypto payments into a predictable revenue system","Download the bundle and deploy today","automation, ops, support macros"
3,X,"Stop paying card fees — settle globally in minutes","Copy the exact system and ship this week","conversion rate, funnel, landing page"
4,YouTube Shorts,"Avoid the top 5 mistakes when selling digital goods for crypto","Use the checklist and avoid expensive errors","nowpayments, invoice, payment status"
5,Reddit,"Upgrade conversion with trust blocks + proof metrics","Use the checklist and avoid expensive errors","conversion rate, funnel, landing page"
6,YouTube Shorts,"Turn crypto payments into a predictable revenue system","Use the checklist and avoid expensive errors","web3 payments, digital product delivery"
7,TikTok,"Turn crypto payments into a predictable revenue system","Get the full premium guide + templates","conversion rate, funnel, landing page"
8,TikTok,"From 0 to first 10 sales: a realistic 7-day launch plan","Copy the exact system and ship this week","automation, ops, support macros"
9,YouTube Shorts,"Privacy-first: reduce payment traceability in your ops","Download the bundle and deploy today","nowpayments, invoice, payment status"
10,YouTube Shorts,"Turn crypto payments into a predictable revenue system","Download the bundle and deploy today","crypto checkout, stablecoins, settlement"
11,TikTok,"Stop paying card fees — settle globally in minutes","Download the bundle and deploy today","nowpayments, invoice, payment status"
12,X,"Avoid the top 5 mistakes when selling digital goods for crypto","Copy the exact system and ship this week","web3 payments, digital product delivery"
13,X,"Turn crypto payments into a predictable revenue system","Get the full premium guide + templates","automation, ops, support macros"
14,X,"Turn crypto payments into a predictable revenue system","Download the bundle and deploy today","conversion rate, funnel, landing page"
15,LinkedIn,"Privacy-first: reduce payment traceability in your ops","Download the bundle and deploy today","nowpayments, invoice, payment status"
16,TikTok,"Upgrade conversion with trust blocks + proof metrics","Get the full premium guide + templates","crypto checkout, stablecoins, settlement"
17,LinkedIn,"From 0 to first 10 sales: a realistic 7-day launch plan","Use the checklist and avoid expensive errors","crypto checkout, stablecoins, settlement"
18,TikTok,"Avoid the top 5 mistakes when selling digital goods for crypto","Copy the exact system and ship this week","nowpayments, invoice, payment status"
19,Reddit,"Turn crypto payments into a predictable revenue system","Use the checklist and avoid expensive errors","crypto checkout, stablecoins, settlement"
20,YouTube Shorts,"Upgrade conversion with trust blocks + proof metrics","Use the checklist and avoid expensive errors","web3 payments, digital product delivery"
21,X,"Avoid the top 5 mistakes when selling digital goods for crypto","Download the bundle and deploy today","web3 payments, digital product delivery"
22,Instagram,"Privacy-first: reduce payment traceability in your ops","Download the bundle and deploy today","conversion rate, funnel, landing page"
23,Reddit,"From 0 to first 10 sales: a realistic 7-day launch plan","Download the bundle and deploy today","automation, ops, support macros"
24,LinkedIn,"Privacy-first: reduce payment traceability in your ops","Use the checklist and avoid expensive errors","nowpayments, invoice, payment status"
25,Blog,"Avoid the top 5 mistakes when selling digital goods for crypto","Download the bundle and deploy today","nowpayments, invoice, payment status"
26,Reddit,"Upgrade conversion with trust blocks + proof metrics","Download the bundle and deploy today","automation, ops, support macros"
27,Reddit,"Privacy-first: reduce payment traceability in your ops","Copy the exact system and ship this week","crypto checkout, stablecoins, settlement"
28,LinkedIn,"From 0 to first 10 sales: a realistic 7-day launch plan","Copy the exact system and ship this week","conversion rate, funnel, landing page"
29,YouTube Shorts,"Stop paying card fees — settle globally in minutes","Download the bundle and deploy today","crypto checkout, stablecoins, settlement"
30,TikTok,"Turn crypto payments into a predictable revenue system","Copy the exact system and ship this week","web3 payments, digital product delivery"
