{
  "product_id": "20260219-141036-11-b2b-ecommerce-examples-and",
  "output_dir": "d:\\auto\\MetaPassiveIncome_FINAL\\outputs\\20260219-141036-11-b2b-ecommerce-examples-and",
  "main_asset": "d:\\auto\\MetaPassiveIncome_FINAL\\outputs\\20260219-141036-11-b2b-ecommerce-examples-and\\index.html",
  "schema_path": "d:\\auto\\MetaPassiveIncome_FINAL\\outputs\\20260219-141036-11-b2b-ecommerce-examples-and\\product_schema.json",
  "main_content_path": "d:\\auto\\MetaPassiveIncome_FINAL\\outputs\\20260219-141036-11-b2b-ecommerce-examples-and\\product.pdf",
  "checksum": "bea3d8a9b2bdff31516282a342d30b6736fb32454023ee96bfbcd5de1054a119",
  "generated_at": "20260219-141046",
  "status": "GENERATED_SUCCESS",
  "schema_driven": true,
  "notes": [
    "스키마 기반 생성 (product_schema.json)",
    "단일 파일 랜딩 페이지 (CSS/JS 내장)",
    "데이터 액션 라우터를 통한 버튼 기능"
  ]
}