day,channel,hook,cta,keywords
1,X,"Upgrade conversion with trust blocks + proof metrics","Copy the exact system and ship this week","web3 payments, digital product delivery"
2,Reddit,"Turn crypto payments into a predictable revenue system","Get the full premium guide + templates","crypto checkout, stablecoins, settlement"
3,Instagram,"Privacy-first: reduce payment traceability in your ops","Copy the exact system and ship this week","automation, ops, support macros"
4,Blog,"Privacy-first: reduce payment traceability in your ops","Copy the exact system and ship this week","nowpayments, invoice, payment status"
5,Reddit,"From 0 to first 10 sales: a realistic 7-day launch plan","Get the full premium guide + templates","automation, ops, support macros"
6,YouTube Shorts,"Turn crypto payments into a predictable revenue system","Get the full premium guide + templates","conversion rate, funnel, landing page"
7,Blog,"Upgrade conversion with trust blocks + proof metrics","Use the checklist and avoid expensive errors","automation, ops, support macros"
8,LinkedIn,"Stop paying card fees — settle globally in minutes","Get the full premium guide + templates","nowpayments, invoice, payment status"
9,X,"Turn crypto payments into a predictable revenue system","Download the bundle and deploy today","nowpayments, invoice, payment status"
10,LinkedIn,"Stop paying card fees — settle globally in minutes","Download the bundle and deploy today","automation, ops, support macros"
11,YouTube Shorts,"From 0 to first 10 sales: a realistic 7-day launch plan","Copy the exact system and ship this week","nowpayments, invoice, payment status"
12,X,"Avoid the top 5 mistakes when selling digital goods for crypto","Get the full premium guide + templates","nowpayments, invoice, payment status"
13,YouTube Shorts,"Privacy-first: reduce payment traceability in your ops","Use the checklist and avoid expensive errors","crypto checkout, stablecoins, settlement"
14,Blog,"From 0 to first 10 sales: a realistic 7-day launch plan","Download the bundle and deploy today","crypto checkout, stablecoins, settlement"
15,YouTube Shorts,"From 0 to first 10 sales: a realistic 7-day launch plan","Get the full premium guide + templates","conversion rate, funnel, landing page"
16,Blog,"Avoid the top 5 mistakes when selling digital goods for crypto","Get the full premium guide + templates","nowpayments, invoice, payment status"
17,Reddit,"Upgrade conversion with trust blocks + proof metrics","Use the checklist and avoid expensive errors","crypto checkout, stablecoins, settlement"
18,TikTok,"From 0 to first 10 sales: a realistic 7-day launch plan","Use the checklist and avoid expensive errors","conversion rate, funnel, landing page"
19,TikTok,"Avoid the top 5 mistakes when selling digital goods for crypto","Copy the exact system and ship this week","conversion rate, funnel, landing page"
20,Instagram,"Stop paying card fees — settle globally in minutes","Copy the exact system and ship this week","nowpayments, invoice, payment status"
21,YouTube Shorts,"From 0 to first 10 sales: a realistic 7-day launch plan","Get the full premium guide + templates","nowpayments, invoice, payment status"
22,Blog,"Avoid the top 5 mistakes when selling digital goods for crypto","Use the checklist and avoid expensive errors","crypto checkout, stablecoins, settlement"
23,Blog,"Turn crypto payments into a predictable revenue system","Download the bundle and deploy today","nowpayments, invoice, payment status"
24,Reddit,"Privacy-first: reduce payment traceability in your ops","Use the checklist and avoid expensive errors","conversion rate, funnel, landing page"
25,X,"From 0 to first 10 sales: a realistic 7-day launch plan","Get the full premium guide + templates","conversion rate, funnel, landing page"
26,YouTube Shorts,"Avoid the top 5 mistakes when selling digital goods for crypto","Copy the exact system and ship this week","web3 payments, digital product delivery"
27,X,"Privacy-first: reduce payment traceability in your ops","Use the checklist and avoid expensive errors","conversion rate, funnel, landing page"
28,LinkedIn,"Turn crypto payments into a predictable revenue system","Get the full premium guide + templates","conversion rate, funnel, landing page"
29,X,"Privacy-first: reduce payment traceability in your ops","Copy the exact system and ship this week","automation, ops, support macros"
30,X,"Privacy-first: reduce payment traceability in your ops","Use the checklist and avoid expensive errors","web3 payments, digital product delivery"
