day,channel,hook,cta,keywords
1,Blog,"Turn crypto payments into a predictable revenue system","Download the bundle and deploy today","conversion rate, funnel, landing page"
2,YouTube Shorts,"Stop paying card fees — settle globally in minutes","Copy the exact system and ship this week","conversion rate, funnel, landing page"
3,X,"Privacy-first: reduce payment traceability in your ops","Use the checklist and avoid expensive errors","nowpayments, invoice, payment status"
4,Blog,"Stop paying card fees — settle globally in minutes","Use the checklist and avoid expensive errors","crypto checkout, stablecoins, settlement"
5,Blog,"Stop paying card fees — settle globally in minutes","Copy the exact system and ship this week","crypto checkout, stablecoins, settlement"
6,TikTok,"Stop paying card fees — settle globally in minutes","Download the bundle and deploy today","web3 payments, digital product delivery"
7,Blog,"Upgrade conversion with trust blocks + proof metrics","Copy the exact system and ship this week","automation, ops, support macros"
8,X,"Upgrade conversion with trust blocks + proof metrics","Download the bundle and deploy today","automation, ops, support macros"
9,X,"Privacy-first: reduce payment traceability in your ops","Get the full premium guide + templates","conversion rate, funnel, landing page"
10,YouTube Shorts,"Upgrade conversion with trust blocks + proof metrics","Use the checklist and avoid expensive errors","web3 payments, digital product delivery"
11,YouTube Shorts,"Privacy-first: reduce payment traceability in your ops","Get the full premium guide + templates","crypto checkout, stablecoins, settlement"
12,Instagram,"Stop paying card fees — settle globally in minutes","Use the checklist and avoid expensive errors","conversion rate, funnel, landing page"
13,Instagram,"Turn crypto payments into a predictable revenue system","Copy the exact system and ship this week","web3 payments, digital product delivery"
14,Reddit,"Turn crypto payments into a predictable revenue system","Use the checklist and avoid expensive errors","automation, ops, support macros"
15,Reddit,"Upgrade conversion with trust blocks + proof metrics","Get the full premium guide + templates","crypto checkout, stablecoins, settlement"
16,Instagram,"Stop paying card fees — settle globally in minutes","Use the checklist and avoid expensive errors","web3 payments, digital product delivery"
17,YouTube Shorts,"Stop paying card fees — settle globally in minutes","Get the full premium guide + templates","crypto checkout, stablecoins, settlement"
18,Reddit,"Upgrade conversion with trust blocks + proof metrics","Download the bundle and deploy today","conversion rate, funnel, landing page"
19,X,"Avoid the top 5 mistakes when selling digital goods for crypto","Download the bundle and deploy today","conversion rate, funnel, landing page"
20,LinkedIn,"From 0 to first 10 sales: a realistic 7-day launch plan","Get the full premium guide + templates","web3 payments, digital product delivery"
21,LinkedIn,"Stop paying card fees — settle globally in minutes","Copy the exact system and ship this week","conversion rate, funnel, landing page"
22,LinkedIn,"Avoid the top 5 mistakes when selling digital goods for crypto","Use the checklist and avoid expensive errors","nowpayments, invoice, payment status"
23,Blog,"From 0 to first 10 sales: a realistic 7-day launch plan","Copy the exact system and ship this week","crypto checkout, stablecoins, settlement"
24,LinkedIn,"From 0 to first 10 sales: a realistic 7-day launch plan","Download the bundle and deploy today","conversion rate, funnel, landing page"
25,Blog,"Privacy-first: reduce payment traceability in your ops","Use the checklist and avoid expensive errors","conversion rate, funnel, landing page"
26,Blog,"Upgrade conversion with trust blocks + proof metrics","Get the full premium guide + templates","conversion rate, funnel, landing page"
27,LinkedIn,"From 0 to first 10 sales: a realistic 7-day launch plan","Use the checklist and avoid expensive errors","automation, ops, support macros"
28,Blog,"Stop paying card fees — settle globally in minutes","Download the bundle and deploy today","crypto checkout, stablecoins, settlement"
29,LinkedIn,"Privacy-first: reduce payment traceability in your ops","Get the full premium guide + templates","web3 payments, digital product delivery"
30,Reddit,"Upgrade conversion with trust blocks + proof metrics","Copy the exact system and ship this week","web3 payments, digital product delivery"
