{
  "product_id": "20260218-225010-etsy-digital-products-2026-how",
  "title": "Unlock Your Passive Income with Etsy Digital Products 2026: How to Make $2,000-$10,000/Month ...",
  "target_customer": "Creators and merchants interested in Etsy Digital Products 2026: How to Make $2,000-$10,000/Month ...",
  "value_proposition": "Leverage AI to create and sell digital products based on: Etsy Digital Products 2026: How to Make $2,000-$10,000/Month ...",
  "sections": {
    "hero": {
      "headline": "Unlock Your Passive Income with Etsy Digital Products 2026: How to Make $2,000-$10,000/Month ...",
      "subheadline": "Leverage AI to create and sell digital products based on: Etsy Digital Products 2026: How to Make $2,000-$10,000/Month ..."
    },
    "problem": {
      "description": "Generic e-commerce stores fail to build trust and suffer from high cart abandonment. Without a high-performance storefront, conversion remains stagnant."
    },
    "solution": {
      "description": "A conversion-optimized e-commerce engine with mobile-first UI, friction-free checkout, and built-in trust triggers. Built for modern digital merchants."
    },
    "features": [
      "Mobile-optimized high-speed landing UI for Etsy Digital Products 2026: How to Make $2,000-$10,000/Month ...",
      "Trust-building proof & badge templates for Etsy Digital Products 2026: How to Make $2,000-$10,000/Month ...",
      "Frictionless 1-click checkout flow for Etsy Digital Products 2026: How to Make $2,000-$10,000/Month ...",
      "Automated order confirmation & tracking for Etsy Digital Products 2026: How to Make $2,000-$10,000/Month ...",
      "Urgency & scarcity trigger system for Etsy Digital Products 2026: How to Make $2,000-$10,000/Month ..."
    ],
    "benefits": [
      "Ship faster with ready Etsy Digital Products 2026: How to Make $2,000-$10,000/Month ... templates",
      "Increase conversion with clear Etsy Digital Products 2026: How to Make $2,000-$10,000/Month ... value prop",
      "Operate with predictable Etsy Digital Products 2026: How to Make $2,000-$10,000/Month ... delivery flow",
      "Scale experimentation with simple Etsy Digital Products 2026: How to Make $2,000-$10,000/Month ... A/B hooks"
    ],
    "pricing": {
      "tier_name": "Standard Access",
      "price": "$29.00"
    },
    "faq": [
      {
        "q": "What is included?",
        "a": "You get the full landing page, the Etsy Digital Products 2026: How to Make $2,000-$10,000/Month ... guide, and automated delivery setup."
      },
      {
        "q": "How do I deploy?",
        "a": "Upload to Vercel, Netlify, or any static host. No backend needed."
      },
      {
        "q": "Is it secure?",
        "a": "Yes, it uses wallet-based authentication for delivery gating."
      }
    ],
    "cta": {
      "text": "Get Started Now"
    },
    "design": {
      "theme": "saas",
      "primary_color": "#00b4ff",
      "secondary_color": "#00b4ff",
      "font_family": "Inter, sans-serif",
      "layout_style": "minimalist"
    }
  },
  "assets": {
    "main_content_file": "product.pdf",
    "landing_page": "index.html"
  },
  "metadata": {
    "final_price_usd": 29.0
  },
  "_injected_price": "$29.00",
  "price": "29",
  "offers": {
    "@type": "Offer",
    "price": "29.00",
    "priceCurrency": "USD"
  },
  "_market_price": "$49.00",
  "market_analysis": {
    "category": "Standard Digital Asset",
    "market_price": 49,
    "our_price": 29,
    "desc": "High-quality digital resource"
  }
}