{
  "product_id": "20260219-145247-ultimate-guide-to-passive-inco",
  "title": "Unlock Your Passive Income with Ultimate Guide to Passive Income Digital Products 2025",
  "target_customer": "Creators and merchants interested in Ultimate Guide to Passive Income Digital Products 2025",
  "value_proposition": "Leverage AI to create and sell digital products based on: Ultimate Guide to Passive Income Digital Products 2025",
  "sections": {
    "hero": {
      "headline": "Unlock Your Passive Income with Ultimate Guide to Passive Income Digital Products 2025",
      "subheadline": "Leverage AI to create and sell digital products based on: Ultimate Guide to Passive Income Digital Products 2025"
    },
    "problem": {
      "description": "Generic e-commerce stores fail to build trust and suffer from high cart abandonment. Without a high-performance storefront, conversion remains stagnant."
    },
    "solution": {
      "description": "A conversion-optimized e-commerce engine with mobile-first UI, friction-free checkout, and built-in trust triggers. Built for modern digital merchants."
    },
    "features": [
      "Mobile-optimized high-speed landing UI for Ultimate Guide to Passive Income Digital Products 2025",
      "Trust-building proof & badge templates for Ultimate Guide to Passive Income Digital Products 2025",
      "Frictionless 1-click checkout flow for Ultimate Guide to Passive Income Digital Products 2025",
      "Automated order confirmation & tracking for Ultimate Guide to Passive Income Digital Products 2025",
      "Urgency & scarcity trigger system for Ultimate Guide to Passive Income Digital Products 2025"
    ],
    "benefits": [
      "Ship faster with ready Ultimate Guide to Passive Income Digital Products 2025 templates",
      "Increase conversion with clear Ultimate Guide to Passive Income Digital Products 2025 value prop",
      "Operate with predictable Ultimate Guide to Passive Income Digital Products 2025 delivery flow",
      "Scale experimentation with simple Ultimate Guide to Passive Income Digital Products 2025 A/B hooks"
    ],
    "pricing": {
      "tier_name": "Standard Access",
      "price": "$19.00"
    },
    "faq": [
      {
        "q": "What is included?",
        "a": "You get the full landing page, the Ultimate Guide to Passive Income Digital Products 2025 guide, and automated delivery setup."
      },
      {
        "q": "How do I deploy?",
        "a": "Upload to Vercel, Netlify, or any static host. No backend needed."
      },
      {
        "q": "Is it secure?",
        "a": "Yes, it uses wallet-based authentication for delivery gating."
      }
    ],
    "cta": {
      "text": "Get Started Now"
    },
    "design": {
      "theme": "landing",
      "primary_color": "#00b4ff",
      "secondary_color": "#00b4ff",
      "font_family": "Inter, sans-serif",
      "layout_style": "minimalist"
    }
  },
  "assets": {
    "main_content_file": "product.pdf",
    "landing_page": "index.html"
  },
  "metadata": {
    "final_price_usd": 25.0
  },
  "_injected_price": "$19.00",
  "price": "19",
  "offers": {
    "@type": "Offer",
    "price": "19.00",
    "priceCurrency": "USD"
  },
  "_market_price": "$49.00",
  "market_analysis": {
    "category": "Template / Landing Page",
    "market_price": 49,
    "our_price": 19,
    "desc": "Ready-to-use web templates"
  }
}