day,channel,hook,cta,keywords
1,X,"Upgrade conversion with trust blocks + proof metrics","Use the checklist and avoid expensive errors","crypto checkout, stablecoins, settlement"
2,Blog,"From 0 to first 10 sales: a realistic 7-day launch plan","Download the bundle and deploy today","web3 payments, digital product delivery"
3,LinkedIn,"Turn crypto payments into a predictable revenue system","Get the full premium guide + templates","crypto checkout, stablecoins, settlement"
4,Instagram,"Privacy-first: reduce payment traceability in your ops","Copy the exact system and ship this week","automation, ops, support macros"
5,LinkedIn,"Stop paying card fees — settle globally in minutes","Get the full premium guide + templates","nowpayments, invoice, payment status"
6,LinkedIn,"Avoid the top 5 mistakes when selling digital goods for crypto","Download the bundle and deploy today","web3 payments, digital product delivery"
7,YouTube Shorts,"Turn crypto payments into a predictable revenue system","Download the bundle and deploy today","automation, ops, support macros"
8,TikTok,"Turn crypto payments into a predictable revenue system","Download the bundle and deploy today","nowpayments, invoice, payment status"
9,X,"Upgrade conversion with trust blocks + proof metrics","Get the full premium guide + templates","web3 payments, digital product delivery"
10,Reddit,"Upgrade conversion with trust blocks + proof metrics","Copy the exact system and ship this week","automation, ops, support macros"
11,X,"Stop paying card fees — settle globally in minutes","Use the checklist and avoid expensive errors","conversion rate, funnel, landing page"
12,TikTok,"Privacy-first: reduce payment traceability in your ops","Download the bundle and deploy today","automation, ops, support macros"
13,Instagram,"Stop paying card fees — settle globally in minutes","Copy the exact system and ship this week","automation, ops, support macros"
14,YouTube Shorts,"Privacy-first: reduce payment traceability in your ops","Use the checklist and avoid expensive errors","nowpayments, invoice, payment status"
15,LinkedIn,"Privacy-first: reduce payment traceability in your ops","Get the full premium guide + templates","crypto checkout, stablecoins, settlement"
16,YouTube Shorts,"Avoid the top 5 mistakes when selling digital goods for crypto","Copy the exact system and ship this week","automation, ops, support macros"
17,Reddit,"Stop paying card fees — settle globally in minutes","Copy the exact system and ship this week","web3 payments, digital product delivery"
18,X,"Avoid the top 5 mistakes when selling digital goods for crypto","Use the checklist and avoid expensive errors","automation, ops, support macros"
19,Blog,"From 0 to first 10 sales: a realistic 7-day launch plan","Use the checklist and avoid expensive errors","conversion rate, funnel, landing page"
20,Instagram,"From 0 to first 10 sales: a realistic 7-day launch plan","Download the bundle and deploy today","web3 payments, digital product delivery"
21,Blog,"Upgrade conversion with trust blocks + proof metrics","Copy the exact system and ship this week","conversion rate, funnel, landing page"
22,X,"Privacy-first: reduce payment traceability in your ops","Use the checklist and avoid expensive errors","web3 payments, digital product delivery"
23,TikTok,"Upgrade conversion with trust blocks + proof metrics","Download the bundle and deploy today","nowpayments, invoice, payment status"
24,LinkedIn,"From 0 to first 10 sales: a realistic 7-day launch plan","Copy the exact system and ship this week","web3 payments, digital product delivery"
25,YouTube Shorts,"Avoid the top 5 mistakes when selling digital goods for crypto","Use the checklist and avoid expensive errors","crypto checkout, stablecoins, settlement"
26,Blog,"From 0 to first 10 sales: a realistic 7-day launch plan","Get the full premium guide + templates","crypto checkout, stablecoins, settlement"
27,Blog,"Avoid the top 5 mistakes when selling digital goods for crypto","Download the bundle and deploy today","web3 payments, digital product delivery"
28,X,"From 0 to first 10 sales: a realistic 7-day launch plan","Copy the exact system and ship this week","nowpayments, invoice, payment status"
29,YouTube Shorts,"From 0 to first 10 sales: a realistic 7-day launch plan","Download the bundle and deploy today","conversion rate, funnel, landing page"
30,Blog,"From 0 to first 10 sales: a realistic 7-day launch plan","Use the checklist and avoid expensive errors","conversion rate, funnel, landing page"
