{
  "product_id": "20260213-053125-crypto-first-email-funnel-syst",
  "output_dir": "d:\\auto\\MetaPassiveIncome_FINAL\\outputs\\20260213-053125-crypto-first-email-funnel-syst",
  "main_asset": "d:\\auto\\MetaPassiveIncome_FINAL\\outputs\\20260213-053125-crypto-first-email-funnel-syst\\index.html",
  "schema_path": "d:\\auto\\MetaPassiveIncome_FINAL\\outputs\\20260213-053125-crypto-first-email-funnel-syst\\product_schema.json",
  "main_content_path": "d:\\auto\\MetaPassiveIncome_FINAL\\outputs\\20260213-053125-crypto-first-email-funnel-syst\\product.md",
  "checksum": "784a41736923582d994e41d054f6633495f0f47f54d0be8eccb29ad95b6dd832",
  "generated_at": "20260213-053125",
  "status": "GENERATED_SUCCESS",
  "schema_driven": true,
  "notes": [
    "스키마 기반 생성 (product_schema.json)",
    "단일 파일 랜딩 페이지 (CSS/JS 내장)",
    "데이터 액션 라우터를 통한 버튼 기능"
  ]
}