{
  "product_id": "20260213-151740-마이크로-saas-대시보드-ui-mvp",
  "output_dir": "d:\\auto\\MetaPassiveIncome_FINAL\\outputs\\20260213-151740-마이크로-saas-대시보드-ui-mvp",
  "main_asset": "d:\\auto\\MetaPassiveIncome_FINAL\\outputs\\20260213-151740-마이크로-saas-대시보드-ui-mvp\\index.html",
  "schema_path": "d:\\auto\\MetaPassiveIncome_FINAL\\outputs\\20260213-151740-마이크로-saas-대시보드-ui-mvp\\product_schema.json",
  "main_content_path": "d:\\auto\\MetaPassiveIncome_FINAL\\outputs\\20260213-151740-마이크로-saas-대시보드-ui-mvp\\product.md",
  "checksum": "c7a7c9e7e60edc5484620f817ed47be1aad0145b6bfb3b10ec594af1b45a0e53",
  "generated_at": "20260213-151740",
  "status": "GENERATED_SUCCESS",
  "schema_driven": true,
  "notes": [
    "스키마 기반 생성 (product_schema.json)",
    "단일 파일 랜딩 페이지 (CSS/JS 내장)",
    "데이터 액션 라우터를 통한 버튼 기능"
  ]
}