{
  "product_id": "20260220-180209-7-hidden-no-code-ai-saas-ideas",
  "title": "Unlock Your Passive Income with 7 “Hidden” No-Code AI SaaS Ideas for 2026 That...",
  "target_customer": "Creators and merchants interested in 7 “Hidden” No-Code AI SaaS Ideas for 2026 That...",
  "value_proposition": "Leverage AI to create and sell digital products based on: 7 “Hidden” No-Code AI SaaS Ideas for 2026 That...",
  "sections": {
    "hero": {
      "headline": "Unlock Your Passive Income with 7 “Hidden” No-Code AI SaaS Ideas for 2026 That...",
      "subheadline": "Leverage AI to create and sell digital products based on: 7 “Hidden” No-Code AI SaaS Ideas for 2026 That..."
    },
    "problem": {
      "description": "Manual AI workflows are slow and error-prone. Without a structured automation system, scaling AI-driven tasks leads to inconsistent quality and high operational costs."
    },
    "solution": {
      "description": "A robust AI automation framework with pre-built prompt templates, error-handling logic, and automated quality gates. Designed for high-scale AI operations."
    },
    "features": [
      "Hardened prompt engineering library for 7 “Hidden” No-Code AI SaaS Ideas for 2026 That...",
      "Automated quality gate & validation logic for 7 “Hidden” No-Code AI SaaS Ideas for 2026 That...",
      "Rate-limit & retry handling system for 7 “Hidden” No-Code AI SaaS Ideas for 2026 That...",
      "Structured output (JSON/Markdown) templates for 7 “Hidden” No-Code AI SaaS Ideas for 2026 That...",
      "AI-to-Human handoff workflows for 7 “Hidden” No-Code AI SaaS Ideas for 2026 That..."
    ],
    "benefits": [
      "Ship faster with ready 7 “Hidden” No-Code AI SaaS Ideas for 2026 That... templates",
      "Increase conversion with clear 7 “Hidden” No-Code AI SaaS Ideas for 2026 That... value prop",
      "Operate with predictable 7 “Hidden” No-Code AI SaaS Ideas for 2026 That... delivery flow",
      "Scale experimentation with simple 7 “Hidden” No-Code AI SaaS Ideas for 2026 That... A/B hooks"
    ],
    "pricing": {
      "tier_name": "Standard Access",
      "price": "$29.00"
    },
    "faq": [
      {
        "q": "What is included?",
        "a": "You get the full landing page, the 7 “Hidden” No-Code AI SaaS Ideas for 2026 That... guide, and automated delivery setup."
      },
      {
        "q": "How do I deploy?",
        "a": "Upload to Vercel, Netlify, or any static host. No backend needed."
      },
      {
        "q": "Is it secure?",
        "a": "Yes, it uses wallet-based authentication for delivery gating."
      }
    ],
    "cta": {
      "text": "Get Started Now"
    },
    "design": {
      "theme": "landing",
      "primary_color": "#00b4ff",
      "secondary_color": "#00b4ff",
      "font_family": "system-ui, sans-serif",
      "layout_style": "professional"
    }
  },
  "assets": {
    "main_content_file": "product.pdf",
    "landing_page": "index.html"
  }
}