{
  "product_id": "20260221-032731-13-profitable-niche-digital-pr",
  "output_dir": "d:\\auto\\MetaPassiveIncome_FINAL\\outputs\\20260221-032731-13-profitable-niche-digital-pr",
  "main_asset": "d:\\auto\\MetaPassiveIncome_FINAL\\outputs\\20260221-032731-13-profitable-niche-digital-pr\\index.html",
  "schema_path": "d:\\auto\\MetaPassiveIncome_FINAL\\outputs\\20260221-032731-13-profitable-niche-digital-pr\\product_schema.json",
  "main_content_path": "d:\\auto\\MetaPassiveIncome_FINAL\\outputs\\20260221-032731-13-profitable-niche-digital-pr\\product.pdf",
  "checksum": "da1cc933cbf53713226e3774fdcfcd4c53eb9cda939e9a473b6175415c97cf69",
  "generated_at": "20260221-032739",
  "status": "GENERATED_SUCCESS",
  "schema_driven": true,
  "notes": [
    "스키마 기반 생성 (product_schema.json)",
    "단일 파일 랜딩 페이지 (CSS/JS 내장)",
    "데이터 액션 라우터를 통한 버튼 기능"
  ]
}