{
  "product_id": "20260220-110614-10-best-digital-products-for-p",
  "output_dir": "d:\\auto\\MetaPassiveIncome_FINAL\\outputs\\20260220-110614-10-best-digital-products-for-p",
  "main_asset": "d:\\auto\\MetaPassiveIncome_FINAL\\outputs\\20260220-110614-10-best-digital-products-for-p\\index.html",
  "schema_path": "d:\\auto\\MetaPassiveIncome_FINAL\\outputs\\20260220-110614-10-best-digital-products-for-p\\product_schema.json",
  "main_content_path": "d:\\auto\\MetaPassiveIncome_FINAL\\outputs\\20260220-110614-10-best-digital-products-for-p\\product.pdf",
  "checksum": "91a517bb0522ae45a045f915de2009a3cca944b36949da2601d74ada6b1de004",
  "generated_at": "20260220-110622",
  "status": "GENERATED_SUCCESS",
  "schema_driven": true,
  "notes": [
    "스키마 기반 생성 (product_schema.json)",
    "단일 파일 랜딩 페이지 (CSS/JS 내장)",
    "데이터 액션 라우터를 통한 버튼 기능"
  ]
}