{
  "product_id": "20260220-110614-10-best-digital-products-for-p",
  "title": "Unlock Your Passive Income with 10 Best Digital Products for Passive Income in 2025 (Proven Ideas to ...",
  "target_customer": "Creators and merchants interested in 10 Best Digital Products for Passive Income in 2025 (Proven Ideas to ...",
  "value_proposition": "Leverage AI to create and sell digital products based on: 10 Best Digital Products for Passive Income in 2025 (Proven Ideas to ...",
  "sections": {
    "hero": {
      "headline": "Unlock Your Passive Income with 10 Best Digital Products for Passive Income in 2025 (Proven Ideas to ...",
      "subheadline": "Leverage AI to create and sell digital products based on: 10 Best Digital Products for Passive Income in 2025 (Proven Ideas to ..."
    },
    "problem": {
      "description": "Generic e-commerce stores fail to build trust and suffer from high cart abandonment. Without a high-performance storefront, conversion remains stagnant."
    },
    "solution": {
      "description": "A conversion-optimized e-commerce engine with mobile-first UI, friction-free checkout, and built-in trust triggers. Built for modern digital merchants."
    },
    "features": [
      "Mobile-optimized high-speed landing UI for 10 Best Digital Products for Passive Income in 2025 (Proven Ideas to ...",
      "Trust-building proof & badge templates for 10 Best Digital Products for Passive Income in 2025 (Proven Ideas to ...",
      "Frictionless 1-click checkout flow for 10 Best Digital Products for Passive Income in 2025 (Proven Ideas to ...",
      "Automated order confirmation & tracking for 10 Best Digital Products for Passive Income in 2025 (Proven Ideas to ...",
      "Urgency & scarcity trigger system for 10 Best Digital Products for Passive Income in 2025 (Proven Ideas to ..."
    ],
    "benefits": [
      "Ship faster with ready 10 Best Digital Products for Passive Income in 2025 (Proven Ideas to ... templates",
      "Increase conversion with clear 10 Best Digital Products for Passive Income in 2025 (Proven Ideas to ... value prop",
      "Operate with predictable 10 Best Digital Products for Passive Income in 2025 (Proven Ideas to ... delivery flow",
      "Scale experimentation with simple 10 Best Digital Products for Passive Income in 2025 (Proven Ideas to ... A/B hooks"
    ],
    "pricing": {
      "tier_name": "Standard Access",
      "price": "$19.00"
    },
    "faq": [
      {
        "q": "What is included?",
        "a": "You get the full landing page, the 10 Best Digital Products for Passive Income in 2025 (Proven Ideas to ... guide, and automated delivery setup."
      },
      {
        "q": "How do I deploy?",
        "a": "Upload to Vercel, Netlify, or any static host. No backend needed."
      },
      {
        "q": "Is it secure?",
        "a": "Yes, it uses wallet-based authentication for delivery gating."
      }
    ],
    "cta": {
      "text": "Get Started Now"
    },
    "design": {
      "theme": "modern",
      "primary_color": "#6366f1",
      "secondary_color": "#6366f1",
      "font_family": "Roboto, sans-serif",
      "layout_style": "bold"
    }
  },
  "assets": {
    "main_content_file": "product.pdf",
    "landing_page": "index.html"
  }
}