{
  "product_id": "20260215-081614-saas-marketing",
  "output_dir": "d:\\auto\\MetaPassiveIncome_FINAL\\outputs\\20260215-081614-saas-marketing",
  "main_asset": "d:\\auto\\MetaPassiveIncome_FINAL\\outputs\\20260215-081614-saas-marketing\\index.html",
  "schema_path": "d:\\auto\\MetaPassiveIncome_FINAL\\outputs\\20260215-081614-saas-marketing\\product_schema.json",
  "main_content_path": "d:\\auto\\MetaPassiveIncome_FINAL\\outputs\\20260215-081614-saas-marketing\\product.pdf",
  "checksum": "2c1cd92c7046bd679fb266a5592eba6b4492754b772f8871386b23fb0307770e",
  "generated_at": "20260215-081614",
  "status": "GENERATED_SUCCESS",
  "schema_driven": true,
  "notes": [
    "스키마 기반 생성 (product_schema.json)",
    "단일 파일 랜딩 페이지 (CSS/JS 내장)",
    "데이터 액션 라우터를 통한 버튼 기능"
  ]
}