{
  "product_id": "20260215-081614-saas-marketing",
  "created_at": "2026-02-14T23:16:15Z",
  "files": [
    "blog_longform.md",
    "blog_outline.md",
    "blog_post.md",
    "instagram_post.txt",
    "linkedin_posts.txt",
    "newsletter_email.txt",
    "promo_calendar_30d.csv",
    "promo_pack.zip",
    "reddit_posts.txt",
    "sales_page_copy.md",
    "seo.txt",
    "shortform_scripts.txt",
    "shortform_video_script.txt",
    "x_posts.txt",
    "x_threads.txt"
  ],
  "validation": {
    "passed": true,
    "score": 0.97,
    "feedback": [],
    "schema_errors": []
  }
}