day,channel,hook,cta,keywords
1,Blog,"Upgrade conversion with trust blocks + proof metrics","Get the full premium guide + templates","automation, ops, support macros"
2,Instagram,"From 0 to first 10 sales: a realistic 7-day launch plan","Download the bundle and deploy today","crypto checkout, stablecoins, settlement"
3,YouTube Shorts,"Upgrade conversion with trust blocks + proof metrics","Use the checklist and avoid expensive errors","nowpayments, invoice, payment status"
4,Blog,"Upgrade conversion with trust blocks + proof metrics","Use the checklist and avoid expensive errors","nowpayments, invoice, payment status"
5,Blog,"Privacy-first: reduce payment traceability in your ops","Copy the exact system and ship this week","crypto checkout, stablecoins, settlement"
6,Instagram,"From 0 to first 10 sales: a realistic 7-day launch plan","Download the bundle and deploy today","conversion rate, funnel, landing page"
7,YouTube Shorts,"Avoid the top 5 mistakes when selling digital goods for crypto","Use the checklist and avoid expensive errors","crypto checkout, stablecoins, settlement"
8,Instagram,"Upgrade conversion with trust blocks + proof metrics","Download the bundle and deploy today","web3 payments, digital product delivery"
9,YouTube Shorts,"Stop paying card fees — settle globally in minutes","Use the checklist and avoid expensive errors","web3 payments, digital product delivery"
10,Reddit,"From 0 to first 10 sales: a realistic 7-day launch plan","Use the checklist and avoid expensive errors","nowpayments, invoice, payment status"
11,Instagram,"Stop paying card fees — settle globally in minutes","Copy the exact system and ship this week","automation, ops, support macros"
12,Blog,"Upgrade conversion with trust blocks + proof metrics","Download the bundle and deploy today","automation, ops, support macros"
13,LinkedIn,"From 0 to first 10 sales: a realistic 7-day launch plan","Get the full premium guide + templates","nowpayments, invoice, payment status"
14,Reddit,"Upgrade conversion with trust blocks + proof metrics","Get the full premium guide + templates","nowpayments, invoice, payment status"
15,YouTube Shorts,"Privacy-first: reduce payment traceability in your ops","Use the checklist and avoid expensive errors","crypto checkout, stablecoins, settlement"
16,YouTube Shorts,"Upgrade conversion with trust blocks + proof metrics","Use the checklist and avoid expensive errors","web3 payments, digital product delivery"
17,Reddit,"Upgrade conversion with trust blocks + proof metrics","Get the full premium guide + templates","nowpayments, invoice, payment status"
18,Reddit,"Stop paying card fees — settle globally in minutes","Download the bundle and deploy today","automation, ops, support macros"
19,Instagram,"Avoid the top 5 mistakes when selling digital goods for crypto","Copy the exact system and ship this week","automation, ops, support macros"
20,Blog,"Privacy-first: reduce payment traceability in your ops","Use the checklist and avoid expensive errors","nowpayments, invoice, payment status"
21,YouTube Shorts,"Stop paying card fees — settle globally in minutes","Use the checklist and avoid expensive errors","nowpayments, invoice, payment status"
22,TikTok,"Stop paying card fees — settle globally in minutes","Get the full premium guide + templates","nowpayments, invoice, payment status"
23,YouTube Shorts,"Upgrade conversion with trust blocks + proof metrics","Download the bundle and deploy today","conversion rate, funnel, landing page"
24,TikTok,"Privacy-first: reduce payment traceability in your ops","Copy the exact system and ship this week","conversion rate, funnel, landing page"
25,Instagram,"Stop paying card fees — settle globally in minutes","Download the bundle and deploy today","crypto checkout, stablecoins, settlement"
26,YouTube Shorts,"Turn crypto payments into a predictable revenue system","Get the full premium guide + templates","web3 payments, digital product delivery"
27,Blog,"Upgrade conversion with trust blocks + proof metrics","Use the checklist and avoid expensive errors","automation, ops, support macros"
28,Blog,"From 0 to first 10 sales: a realistic 7-day launch plan","Get the full premium guide + templates","automation, ops, support macros"
29,X,"Privacy-first: reduce payment traceability in your ops","Copy the exact system and ship this week","web3 payments, digital product delivery"
30,Reddit,"Avoid the top 5 mistakes when selling digital goods for crypto","Copy the exact system and ship this week","automation, ops, support macros"
