{
  "product_id": "20260213-153358-ai-saas-런칭-랜딩-페이지",
  "output_dir": "d:\\auto\\MetaPassiveIncome_FINAL\\outputs\\20260213-153358-ai-saas-런칭-랜딩-페이지",
  "main_asset": "d:\\auto\\MetaPassiveIncome_FINAL\\outputs\\20260213-153358-ai-saas-런칭-랜딩-페이지\\index.html",
  "schema_path": "d:\\auto\\MetaPassiveIncome_FINAL\\outputs\\20260213-153358-ai-saas-런칭-랜딩-페이지\\product_schema.json",
  "main_content_path": "d:\\auto\\MetaPassiveIncome_FINAL\\outputs\\20260213-153358-ai-saas-런칭-랜딩-페이지\\product.md",
  "checksum": "38e93acf8d41278afd5db0064f3a63f662747d3d4b0d42c2b17563bda75bcd4a",
  "generated_at": "20260213-153358",
  "status": "GENERATED_SUCCESS",
  "schema_driven": true,
  "notes": [
    "스키마 기반 생성 (product_schema.json)",
    "단일 파일 랜딩 페이지 (CSS/JS 내장)",
    "데이터 액션 라우터를 통한 버튼 기능"
  ]
}