{
  "product_id": "20260208-074713-coming-soon-대기자-명단-페이지",
  "output_dir": "d:\\auto\\MetaPassiveIncome_FINAL\\outputs\\20260208-074713-coming-soon-대기자-명단-페이지",
  "main_asset": "d:\\auto\\MetaPassiveIncome_FINAL\\outputs\\20260208-074713-coming-soon-대기자-명단-페이지\\index.html",
  "schema_path": "d:\\auto\\MetaPassiveIncome_FINAL\\outputs\\20260208-074713-coming-soon-대기자-명단-페이지\\product_schema.json",
  "main_content_path": "d:\\auto\\MetaPassiveIncome_FINAL\\outputs\\20260208-074713-coming-soon-대기자-명단-페이지\\product.md",
  "checksum": "d848b8bad1546fb8bfc84882a5cbba2db79fd0ef064bb9e97b42d43c158a07a7",
  "generated_at": "20260208-074713",
  "status": "GENERATED_SUCCESS",
  "schema_driven": true,
  "notes": [
    "스키마 기반 생성 (product_schema.json)",
    "단일 파일 랜딩 페이지 (CSS/JS 내장)",
    "데이터 액션 라우터를 통한 버튼 기능"
  ]
}