{
  "product_id": "20260219-045803-9-b2b-ecommerce-examples-for-s",
  "title": "Unlock Your Passive Income with 9 B2B eCommerce Examples for Streamlined Digital Purchasing",
  "target_customer": "Creators and merchants interested in 9 B2B eCommerce Examples for Streamlined Digital Purchasing",
  "value_proposition": "Leverage AI to create and sell digital products based on: 9 B2B eCommerce Examples for Streamlined Digital Purchasing",
  "sections": {
    "hero": {
      "headline": "Unlock Your Passive Income with 9 B2B eCommerce Examples for Streamlined Digital Purchasing",
      "subheadline": "Leverage AI to create and sell digital products based on: 9 B2B eCommerce Examples for Streamlined Digital Purchasing"
    },
    "problem": {
      "description": "Generic e-commerce stores fail to build trust and suffer from high cart abandonment. Without a high-performance storefront, conversion remains stagnant."
    },
    "solution": {
      "description": "A conversion-optimized e-commerce engine with mobile-first UI, friction-free checkout, and built-in trust triggers. Built for modern digital merchants."
    },
    "features": [
      "Mobile-optimized high-speed landing UI for 9 B2B eCommerce Examples for Streamlined Digital Purchasing",
      "Trust-building proof & badge templates for 9 B2B eCommerce Examples for Streamlined Digital Purchasing",
      "Frictionless 1-click checkout flow for 9 B2B eCommerce Examples for Streamlined Digital Purchasing",
      "Automated order confirmation & tracking for 9 B2B eCommerce Examples for Streamlined Digital Purchasing",
      "Urgency & scarcity trigger system for 9 B2B eCommerce Examples for Streamlined Digital Purchasing"
    ],
    "benefits": [
      "Ship faster with ready 9 B2B eCommerce Examples for Streamlined Digital Purchasing templates",
      "Increase conversion with clear 9 B2B eCommerce Examples for Streamlined Digital Purchasing value prop",
      "Operate with predictable 9 B2B eCommerce Examples for Streamlined Digital Purchasing delivery flow",
      "Scale experimentation with simple 9 B2B eCommerce Examples for Streamlined Digital Purchasing A/B hooks"
    ],
    "pricing": {
      "tier_name": "Standard Access",
      "price": "$19.00"
    },
    "faq": [
      {
        "q": "What is included?",
        "a": "You get the full landing page, the 9 B2B eCommerce Examples for Streamlined Digital Purchasing guide, and automated delivery setup."
      },
      {
        "q": "How do I deploy?",
        "a": "Upload to Vercel, Netlify, or any static host. No backend needed."
      },
      {
        "q": "Is it secure?",
        "a": "Yes, it uses wallet-based authentication for delivery gating."
      }
    ],
    "cta": {
      "text": "Get Started Now"
    },
    "design": {
      "theme": "landing",
      "primary_color": "#f59e0b",
      "secondary_color": "#f59e0b",
      "font_family": "Roboto, sans-serif",
      "layout_style": "bold"
    }
  },
  "assets": {
    "main_content_file": "product.pdf",
    "landing_page": "index.html"
  }
}