day,channel,hook,cta,keywords
1,Instagram,"From 0 to first 10 sales: a realistic 7-day launch plan","Download the bundle and deploy today","automation, ops, support macros"
2,LinkedIn,"Stop paying card fees — settle globally in minutes","Download the bundle and deploy today","conversion rate, funnel, landing page"
3,Reddit,"From 0 to first 10 sales: a realistic 7-day launch plan","Get the full premium guide + templates","web3 payments, digital product delivery"
4,Blog,"Upgrade conversion with trust blocks + proof metrics","Get the full premium guide + templates","conversion rate, funnel, landing page"
5,TikTok,"Privacy-first: reduce payment traceability in your ops","Use the checklist and avoid expensive errors","web3 payments, digital product delivery"
6,Reddit,"Stop paying card fees — settle globally in minutes","Get the full premium guide + templates","automation, ops, support macros"
7,Instagram,"Upgrade conversion with trust blocks + proof metrics","Get the full premium guide + templates","automation, ops, support macros"
8,YouTube Shorts,"From 0 to first 10 sales: a realistic 7-day launch plan","Copy the exact system and ship this week","web3 payments, digital product delivery"
9,TikTok,"Turn crypto payments into a predictable revenue system","Download the bundle and deploy today","crypto checkout, stablecoins, settlement"
10,X,"Upgrade conversion with trust blocks + proof metrics","Get the full premium guide + templates","automation, ops, support macros"
11,Reddit,"Privacy-first: reduce payment traceability in your ops","Use the checklist and avoid expensive errors","conversion rate, funnel, landing page"
12,Reddit,"Privacy-first: reduce payment traceability in your ops","Use the checklist and avoid expensive errors","crypto checkout, stablecoins, settlement"
13,YouTube Shorts,"Turn crypto payments into a predictable revenue system","Copy the exact system and ship this week","automation, ops, support macros"
14,Blog,"Avoid the top 5 mistakes when selling digital goods for crypto","Copy the exact system and ship this week","web3 payments, digital product delivery"
15,TikTok,"Turn crypto payments into a predictable revenue system","Download the bundle and deploy today","crypto checkout, stablecoins, settlement"
16,YouTube Shorts,"From 0 to first 10 sales: a realistic 7-day launch plan","Get the full premium guide + templates","web3 payments, digital product delivery"
17,Blog,"Privacy-first: reduce payment traceability in your ops","Get the full premium guide + templates","automation, ops, support macros"
18,TikTok,"Upgrade conversion with trust blocks + proof metrics","Get the full premium guide + templates","conversion rate, funnel, landing page"
19,X,"From 0 to first 10 sales: a realistic 7-day launch plan","Download the bundle and deploy today","conversion rate, funnel, landing page"
20,Instagram,"Stop paying card fees — settle globally in minutes","Use the checklist and avoid expensive errors","crypto checkout, stablecoins, settlement"
21,X,"Upgrade conversion with trust blocks + proof metrics","Get the full premium guide + templates","automation, ops, support macros"
22,X,"Upgrade conversion with trust blocks + proof metrics","Download the bundle and deploy today","nowpayments, invoice, payment status"
23,Reddit,"From 0 to first 10 sales: a realistic 7-day launch plan","Copy the exact system and ship this week","nowpayments, invoice, payment status"
24,X,"Privacy-first: reduce payment traceability in your ops","Get the full premium guide + templates","conversion rate, funnel, landing page"
25,Reddit,"Privacy-first: reduce payment traceability in your ops","Get the full premium guide + templates","conversion rate, funnel, landing page"
26,LinkedIn,"Turn crypto payments into a predictable revenue system","Copy the exact system and ship this week","nowpayments, invoice, payment status"
27,LinkedIn,"Stop paying card fees — settle globally in minutes","Download the bundle and deploy today","conversion rate, funnel, landing page"
28,Instagram,"From 0 to first 10 sales: a realistic 7-day launch plan","Get the full premium guide + templates","conversion rate, funnel, landing page"
29,LinkedIn,"Turn crypto payments into a predictable revenue system","Use the checklist and avoid expensive errors","crypto checkout, stablecoins, settlement"
30,X,"Avoid the top 5 mistakes when selling digital goods for crypto","Download the bundle and deploy today","nowpayments, invoice, payment status"
