{
  "product_id": "20260219-111848-notion",
  "output_dir": "d:\\auto\\MetaPassiveIncome_FINAL\\outputs\\20260219-111848-notion",
  "main_asset": "d:\\auto\\MetaPassiveIncome_FINAL\\outputs\\20260219-111848-notion\\index.html",
  "schema_path": "d:\\auto\\MetaPassiveIncome_FINAL\\outputs\\20260219-111848-notion\\product_schema.json",
  "main_content_path": "d:\\auto\\MetaPassiveIncome_FINAL\\outputs\\20260219-111848-notion\\product.pdf",
  "checksum": "0147257ca67a64df531a0a0e6f93e4c0da9c082152c04881e990f2d257553be0",
  "generated_at": "20260219-111908",
  "status": "GENERATED_SUCCESS",
  "schema_driven": true,
  "notes": [
    "스키마 기반 생성 (product_schema.json)",
    "단일 파일 랜딩 페이지 (CSS/JS 내장)",
    "데이터 액션 라우터를 통한 버튼 기능"
  ]
}