{
  "product_id": "20260219-111848-notion",
  "title": "Unlock Your Passive Income with Шаблоны Notion на русском",
  "target_customer": "Creators and merchants interested in Шаблоны Notion на русском",
  "value_proposition": "Leverage AI to create and sell digital products based on: Шаблоны Notion на русском",
  "sections": {
    "hero": {
      "headline": "Unlock Your Passive Income with Шаблоны Notion на русском",
      "subheadline": "Leverage AI to create and sell digital products based on: Шаблоны Notion на русском"
    },
    "problem": {
      "description": "Creating and selling digital products is complex and time-consuming. Most creators fail due to technical friction and lack of a structured system."
    },
    "solution": {
      "description": "A professional-grade implementation system that handles everything from landing to delivery. Focus on your content, we handle the infrastructure."
    },
    "features": [
      "One-file deployment architecture for Шаблоны Notion на русском",
      "Secure token-gated delivery for Шаблоны Notion на русском",
      "Conversion-optimized landing components for Шаблоны Notion на русском",
      "Built-in analytics & tracking for Шаблоны Notion на русском",
      "Automated promotion asset generator for Шаблоны Notion на русском"
    ],
    "benefits": [
      "Ship faster with ready Шаблоны Notion на русском templates",
      "Increase conversion with clear Шаблоны Notion на русском value prop",
      "Operate with predictable Шаблоны Notion на русском delivery flow",
      "Scale experimentation with simple Шаблоны Notion на русском A/B hooks"
    ],
    "pricing": {
      "tier_name": "Standard Access",
      "price": "$29.00"
    },
    "faq": [
      {
        "q": "What is included?",
        "a": "You get the full landing page, the Шаблоны Notion на русском guide, and automated delivery setup."
      },
      {
        "q": "How do I deploy?",
        "a": "Upload to Vercel, Netlify, or any static host. No backend needed."
      },
      {
        "q": "Is it secure?",
        "a": "Yes, it uses wallet-based authentication for delivery gating."
      }
    ],
    "cta": {
      "text": "Get Started Now"
    },
    "design": {
      "theme": "elegant",
      "primary_color": "#ef4444",
      "secondary_color": "#ef4444",
      "font_family": "Inter, sans-serif",
      "layout_style": "minimalist"
    }
  },
  "assets": {
    "main_content_file": "product.pdf",
    "landing_page": "index.html"
  },
  "metadata": {
    "final_price_usd": 29.0
  },
  "_injected_price": "$29.00",
  "price": "29",
  "offers": {
    "@type": "Offer",
    "price": "29.00",
    "priceCurrency": "USD"
  },
  "_market_price": "$49.00",
  "market_analysis": {
    "category": "Standard Digital Asset",
    "market_price": 49,
    "our_price": 29,
    "desc": "High-quality digital resource"
  }
}