{
  "product_id": "20260213-153108-ai-도구-대기열-랜딩-페이지",
  "output_dir": "d:\\auto\\MetaPassiveIncome_FINAL\\outputs\\20260213-153108-ai-도구-대기열-랜딩-페이지",
  "main_asset": "d:\\auto\\MetaPassiveIncome_FINAL\\outputs\\20260213-153108-ai-도구-대기열-랜딩-페이지\\index.html",
  "schema_path": "d:\\auto\\MetaPassiveIncome_FINAL\\outputs\\20260213-153108-ai-도구-대기열-랜딩-페이지\\product_schema.json",
  "main_content_path": "d:\\auto\\MetaPassiveIncome_FINAL\\outputs\\20260213-153108-ai-도구-대기열-랜딩-페이지\\product.md",
  "checksum": "f41fc679787643b0f4f9e5346aae0dd686c3b2b16c1253d732736e52b68d30b5",
  "generated_at": "20260213-153108",
  "status": "GENERATED_SUCCESS",
  "schema_driven": true,
  "notes": [
    "스키마 기반 생성 (product_schema.json)",
    "단일 파일 랜딩 페이지 (CSS/JS 내장)",
    "데이터 액션 라우터를 통한 버튼 기능"
  ]
}