{
  "product_id": "20260219-211904-ai-powered-digital-product-ide",
  "output_dir": "d:\\auto\\MetaPassiveIncome_FINAL\\outputs\\20260219-211904-ai-powered-digital-product-ide",
  "main_asset": "d:\\auto\\MetaPassiveIncome_FINAL\\outputs\\20260219-211904-ai-powered-digital-product-ide\\index.html",
  "schema_path": "d:\\auto\\MetaPassiveIncome_FINAL\\outputs\\20260219-211904-ai-powered-digital-product-ide\\product_schema.json",
  "main_content_path": "d:\\auto\\MetaPassiveIncome_FINAL\\outputs\\20260219-211904-ai-powered-digital-product-ide\\product.pdf",
  "checksum": "53d2e425ec476b28548c9c2395bca7c15f85b34060f5882e83cf70f4a71571b6",
  "generated_at": "20260219-211914",
  "status": "GENERATED_SUCCESS",
  "schema_driven": true,
  "notes": [
    "스키마 기반 생성 (product_schema.json)",
    "단일 파일 랜딩 페이지 (CSS/JS 내장)",
    "데이터 액션 라우터를 통한 버튼 기능"
  ]
}