{
  "product_id": "20260219-211904-ai-powered-digital-product-ide",
  "title": "Unlock Your Passive Income with AI-Powered Digital Product Ideas: 15 Profitable Offers to Launch…",
  "target_customer": "Creators and merchants interested in AI-Powered Digital Product Ideas: 15 Profitable Offers to Launch…",
  "value_proposition": "Leverage AI to create and sell digital products based on: AI-Powered Digital Product Ideas: 15 Profitable Offers to Launch…",
  "sections": {
    "hero": {
      "headline": "Unlock Your Passive Income with AI-Powered Digital Product Ideas: 15 Profitable Offers to Launch…",
      "subheadline": "Leverage AI to create and sell digital products based on: AI-Powered Digital Product Ideas: 15 Profitable Offers to Launch…"
    },
    "problem": {
      "description": "Manual AI workflows are slow and error-prone. Without a structured automation system, scaling AI-driven tasks leads to inconsistent quality and high operational costs."
    },
    "solution": {
      "description": "A robust AI automation framework with pre-built prompt templates, error-handling logic, and automated quality gates. Designed for high-scale AI operations."
    },
    "features": [
      "Hardened prompt engineering library for AI-Powered Digital Product Ideas: 15 Profitable Offers to Launch…",
      "Automated quality gate & validation logic for AI-Powered Digital Product Ideas: 15 Profitable Offers to Launch…",
      "Rate-limit & retry handling system for AI-Powered Digital Product Ideas: 15 Profitable Offers to Launch…",
      "Structured output (JSON/Markdown) templates for AI-Powered Digital Product Ideas: 15 Profitable Offers to Launch…",
      "AI-to-Human handoff workflows for AI-Powered Digital Product Ideas: 15 Profitable Offers to Launch…"
    ],
    "benefits": [
      "Ship faster with ready AI-Powered Digital Product Ideas: 15 Profitable Offers to Launch… templates",
      "Increase conversion with clear AI-Powered Digital Product Ideas: 15 Profitable Offers to Launch… value prop",
      "Operate with predictable AI-Powered Digital Product Ideas: 15 Profitable Offers to Launch… delivery flow",
      "Scale experimentation with simple AI-Powered Digital Product Ideas: 15 Profitable Offers to Launch… A/B hooks"
    ],
    "pricing": {
      "tier_name": "Standard Access",
      "price": "$19.00"
    },
    "faq": [
      {
        "q": "What is included?",
        "a": "You get the full landing page, the AI-Powered Digital Product Ideas: 15 Profitable Offers to Launch… guide, and automated delivery setup."
      },
      {
        "q": "How do I deploy?",
        "a": "Upload to Vercel, Netlify, or any static host. No backend needed."
      },
      {
        "q": "Is it secure?",
        "a": "Yes, it uses wallet-based authentication for delivery gating."
      }
    ],
    "cta": {
      "text": "Get Started Now"
    },
    "design": {
      "theme": "landing",
      "primary_color": "#6366f1",
      "secondary_color": "#6366f1",
      "font_family": "Roboto, sans-serif",
      "layout_style": "bold"
    }
  },
  "assets": {
    "main_content_file": "product.pdf",
    "landing_page": "index.html"
  }
}