{
  "product_id": "20260213-150857-개인-브랜딩-link-in-bio-페이지",
  "output_dir": "d:\\auto\\MetaPassiveIncome_FINAL\\outputs\\20260213-150857-개인-브랜딩-link-in-bio-페이지",
  "main_asset": "d:\\auto\\MetaPassiveIncome_FINAL\\outputs\\20260213-150857-개인-브랜딩-link-in-bio-페이지\\index.html",
  "schema_path": "d:\\auto\\MetaPassiveIncome_FINAL\\outputs\\20260213-150857-개인-브랜딩-link-in-bio-페이지\\product_schema.json",
  "main_content_path": "d:\\auto\\MetaPassiveIncome_FINAL\\outputs\\20260213-150857-개인-브랜딩-link-in-bio-페이지\\product.md",
  "checksum": "e13b34e327b66b3ed0f67c5ad550770430b36ca62a6e6d7d9862ee5a1b0777dc",
  "generated_at": "20260213-150857",
  "status": "GENERATED_SUCCESS",
  "schema_driven": true,
  "notes": [
    "스키마 기반 생성 (product_schema.json)",
    "단일 파일 랜딩 페이지 (CSS/JS 내장)",
    "데이터 액션 라우터를 통한 버튼 기능"
  ]
}