{
  "product_id": "20260218-232911-20-untapped-etsy-niches-for-20",
  "output_dir": "d:\\auto\\MetaPassiveIncome_FINAL\\outputs\\20260218-232911-20-untapped-etsy-niches-for-20",
  "main_asset": "d:\\auto\\MetaPassiveIncome_FINAL\\outputs\\20260218-232911-20-untapped-etsy-niches-for-20\\index.html",
  "schema_path": "d:\\auto\\MetaPassiveIncome_FINAL\\outputs\\20260218-232911-20-untapped-etsy-niches-for-20\\product_schema.json",
  "main_content_path": "d:\\auto\\MetaPassiveIncome_FINAL\\outputs\\20260218-232911-20-untapped-etsy-niches-for-20\\product.pdf",
  "checksum": "2d7f89f1ceaa3c39e81617dd10495d05c5c00b46fb5f0de62ef5561361fa5b89",
  "generated_at": "20260218-232924",
  "status": "GENERATED_SUCCESS",
  "schema_driven": true,
  "notes": [
    "스키마 기반 생성 (product_schema.json)",
    "단일 파일 랜딩 페이지 (CSS/JS 내장)",
    "데이터 액션 라우터를 통한 버튼 기능"
  ]
}