{
  "product_id": "20260218-232911-20-untapped-etsy-niches-for-20",
  "title": "Unlock Your Passive Income with 20 Untapped Etsy Niches for 2026",
  "target_customer": "Creators and merchants interested in 20 Untapped Etsy Niches for 2026",
  "value_proposition": "Leverage AI to create and sell digital products based on: 20 Untapped Etsy Niches for 2026",
  "sections": {
    "hero": {
      "headline": "Unlock Your Passive Income with 20 Untapped Etsy Niches for 2026",
      "subheadline": "Leverage AI to create and sell digital products based on: 20 Untapped Etsy Niches for 2026"
    },
    "problem": {
      "description": "Creating and selling digital products is complex and time-consuming. Most creators fail due to technical friction and lack of a structured system."
    },
    "solution": {
      "description": "A professional-grade implementation system that handles everything from landing to delivery. Focus on your content, we handle the infrastructure."
    },
    "features": [
      "One-file deployment architecture for 20 Untapped Etsy Niches for 2026",
      "Secure token-gated delivery for 20 Untapped Etsy Niches for 2026",
      "Conversion-optimized landing components for 20 Untapped Etsy Niches for 2026",
      "Built-in analytics & tracking for 20 Untapped Etsy Niches for 2026",
      "Automated promotion asset generator for 20 Untapped Etsy Niches for 2026"
    ],
    "benefits": [
      "Ship faster with ready 20 Untapped Etsy Niches for 2026 templates",
      "Increase conversion with clear 20 Untapped Etsy Niches for 2026 value prop",
      "Operate with predictable 20 Untapped Etsy Niches for 2026 delivery flow",
      "Scale experimentation with simple 20 Untapped Etsy Niches for 2026 A/B hooks"
    ],
    "pricing": {
      "tier_name": "Standard Access",
      "price": "$29.00"
    },
    "faq": [
      {
        "q": "What is included?",
        "a": "You get the full landing page, the 20 Untapped Etsy Niches for 2026 guide, and automated delivery setup."
      },
      {
        "q": "How do I deploy?",
        "a": "Upload to Vercel, Netlify, or any static host. No backend needed."
      },
      {
        "q": "Is it secure?",
        "a": "Yes, it uses wallet-based authentication for delivery gating."
      }
    ],
    "cta": {
      "text": "Get Started Now"
    },
    "design": {
      "theme": "saas",
      "primary_color": "#10b981",
      "secondary_color": "#10b981",
      "font_family": "Inter, sans-serif",
      "layout_style": "minimalist"
    }
  },
  "assets": {
    "main_content_file": "product.pdf",
    "landing_page": "index.html"
  },
  "metadata": {
    "final_price_usd": 29.0
  },
  "_injected_price": "$29.00",
  "price": "29",
  "offers": {
    "@type": "Offer",
    "price": "29.00",
    "priceCurrency": "USD"
  },
  "_market_price": "$49.00",
  "market_analysis": {
    "category": "Standard Digital Asset",
    "market_price": 49,
    "our_price": 29,
    "desc": "High-quality digital resource"
  }
}