{
  "product_id": "20260214-133737-ai-powered-passive-income-syst",
  "output_dir": "d:\\auto\\MetaPassiveIncome_FINAL\\outputs\\20260214-133737-ai-powered-passive-income-syst",
  "main_asset": "d:\\auto\\MetaPassiveIncome_FINAL\\outputs\\20260214-133737-ai-powered-passive-income-syst\\index.html",
  "schema_path": "d:\\auto\\MetaPassiveIncome_FINAL\\outputs\\20260214-133737-ai-powered-passive-income-syst\\product_schema.json",
  "main_content_path": "d:\\auto\\MetaPassiveIncome_FINAL\\outputs\\20260214-133737-ai-powered-passive-income-syst\\product.pdf",
  "checksum": "d650cfe0340144c78bbd31dcd4d85989dfdea8fddd4580401a90f5f0009928fb",
  "generated_at": "20260214-133738",
  "status": "GENERATED_SUCCESS",
  "schema_driven": true,
  "notes": [
    "스키마 기반 생성 (product_schema.json)",
    "단일 파일 랜딩 페이지 (CSS/JS 내장)",
    "데이터 액션 라우터를 통한 버튼 기능"
  ]
}