day,channel,hook,cta,keywords
1,Blog,"Turn crypto payments into a predictable revenue system","Use the checklist and avoid expensive errors","web3 payments, digital product delivery"
2,Instagram,"Turn crypto payments into a predictable revenue system","Use the checklist and avoid expensive errors","crypto checkout, stablecoins, settlement"
3,YouTube Shorts,"From 0 to first 10 sales: a realistic 7-day launch plan","Copy the exact system and ship this week","conversion rate, funnel, landing page"
4,Reddit,"Privacy-first: reduce payment traceability in your ops","Get the full premium guide + templates","conversion rate, funnel, landing page"
5,Blog,"Turn crypto payments into a predictable revenue system","Copy the exact system and ship this week","conversion rate, funnel, landing page"
6,TikTok,"Stop paying card fees — settle globally in minutes","Download the bundle and deploy today","conversion rate, funnel, landing page"
7,YouTube Shorts,"From 0 to first 10 sales: a realistic 7-day launch plan","Copy the exact system and ship this week","web3 payments, digital product delivery"
8,Reddit,"From 0 to first 10 sales: a realistic 7-day launch plan","Use the checklist and avoid expensive errors","nowpayments, invoice, payment status"
9,LinkedIn,"Turn crypto payments into a predictable revenue system","Use the checklist and avoid expensive errors","web3 payments, digital product delivery"
10,YouTube Shorts,"Privacy-first: reduce payment traceability in your ops","Get the full premium guide + templates","crypto checkout, stablecoins, settlement"
11,Blog,"Avoid the top 5 mistakes when selling digital goods for crypto","Download the bundle and deploy today","web3 payments, digital product delivery"
12,LinkedIn,"From 0 to first 10 sales: a realistic 7-day launch plan","Get the full premium guide + templates","conversion rate, funnel, landing page"
13,LinkedIn,"Turn crypto payments into a predictable revenue system","Get the full premium guide + templates","conversion rate, funnel, landing page"
14,Reddit,"Avoid the top 5 mistakes when selling digital goods for crypto","Copy the exact system and ship this week","web3 payments, digital product delivery"
15,Reddit,"Privacy-first: reduce payment traceability in your ops","Get the full premium guide + templates","automation, ops, support macros"
16,Reddit,"From 0 to first 10 sales: a realistic 7-day launch plan","Copy the exact system and ship this week","crypto checkout, stablecoins, settlement"
17,TikTok,"Avoid the top 5 mistakes when selling digital goods for crypto","Get the full premium guide + templates","crypto checkout, stablecoins, settlement"
18,YouTube Shorts,"Turn crypto payments into a predictable revenue system","Get the full premium guide + templates","nowpayments, invoice, payment status"
19,LinkedIn,"Privacy-first: reduce payment traceability in your ops","Get the full premium guide + templates","conversion rate, funnel, landing page"
20,Reddit,"Avoid the top 5 mistakes when selling digital goods for crypto","Copy the exact system and ship this week","crypto checkout, stablecoins, settlement"
21,X,"Privacy-first: reduce payment traceability in your ops","Get the full premium guide + templates","nowpayments, invoice, payment status"
22,LinkedIn,"Avoid the top 5 mistakes when selling digital goods for crypto","Copy the exact system and ship this week","crypto checkout, stablecoins, settlement"
23,Instagram,"From 0 to first 10 sales: a realistic 7-day launch plan","Copy the exact system and ship this week","crypto checkout, stablecoins, settlement"
24,TikTok,"Stop paying card fees — settle globally in minutes","Get the full premium guide + templates","conversion rate, funnel, landing page"
25,LinkedIn,"Upgrade conversion with trust blocks + proof metrics","Use the checklist and avoid expensive errors","web3 payments, digital product delivery"
26,YouTube Shorts,"From 0 to first 10 sales: a realistic 7-day launch plan","Use the checklist and avoid expensive errors","automation, ops, support macros"
27,YouTube Shorts,"Privacy-first: reduce payment traceability in your ops","Get the full premium guide + templates","conversion rate, funnel, landing page"
28,X,"Upgrade conversion with trust blocks + proof metrics","Use the checklist and avoid expensive errors","automation, ops, support macros"
29,X,"From 0 to first 10 sales: a realistic 7-day launch plan","Use the checklist and avoid expensive errors","crypto checkout, stablecoins, settlement"
30,Blog,"Upgrade conversion with trust blocks + proof metrics","Download the bundle and deploy today","automation, ops, support macros"
