{
  "product_id": "20260213-103837-소셜-미디어-link-in-bio-페이지",
  "output_dir": "d:\\auto\\MetaPassiveIncome_FINAL\\outputs\\20260213-103837-소셜-미디어-link-in-bio-페이지",
  "main_asset": "d:\\auto\\MetaPassiveIncome_FINAL\\outputs\\20260213-103837-소셜-미디어-link-in-bio-페이지\\index.html",
  "schema_path": "d:\\auto\\MetaPassiveIncome_FINAL\\outputs\\20260213-103837-소셜-미디어-link-in-bio-페이지\\product_schema.json",
  "main_content_path": "d:\\auto\\MetaPassiveIncome_FINAL\\outputs\\20260213-103837-소셜-미디어-link-in-bio-페이지\\product.md",
  "checksum": "c7a099574991aefe1fa7c6ea24287107fe8407ec96afc17ba01bf6ed3fcd0e5c",
  "generated_at": "20260213-103837",
  "status": "GENERATED_SUCCESS",
  "schema_driven": true,
  "notes": [
    "스키마 기반 생성 (product_schema.json)",
    "단일 파일 랜딩 페이지 (CSS/JS 내장)",
    "데이터 액션 라우터를 통한 버튼 기능"
  ]
}