{
  "product_id": "20260213-111715-link-in-bio-페이지-고급형",
  "output_dir": "d:\\auto\\MetaPassiveIncome_FINAL\\outputs\\20260213-111715-link-in-bio-페이지-고급형",
  "main_asset": "d:\\auto\\MetaPassiveIncome_FINAL\\outputs\\20260213-111715-link-in-bio-페이지-고급형\\index.html",
  "schema_path": "d:\\auto\\MetaPassiveIncome_FINAL\\outputs\\20260213-111715-link-in-bio-페이지-고급형\\product_schema.json",
  "main_content_path": "d:\\auto\\MetaPassiveIncome_FINAL\\outputs\\20260213-111715-link-in-bio-페이지-고급형\\product.md",
  "checksum": "85c177cb89b58dfd01eba40bd2d679c819366bee04a58db19bade55e57b4552e",
  "generated_at": "20260213-111715",
  "status": "GENERATED_SUCCESS",
  "schema_driven": true,
  "notes": [
    "스키마 기반 생성 (product_schema.json)",
    "단일 파일 랜딩 페이지 (CSS/JS 내장)",
    "데이터 액션 라우터를 통한 버튼 기능"
  ]
}