{
  "product_id": "20260220-200310-400-high-ticket-product-ideas",
  "output_dir": "d:\\auto\\MetaPassiveIncome_FINAL\\outputs\\20260220-200310-400-high-ticket-product-ideas",
  "main_asset": "d:\\auto\\MetaPassiveIncome_FINAL\\outputs\\20260220-200310-400-high-ticket-product-ideas\\index.html",
  "schema_path": "d:\\auto\\MetaPassiveIncome_FINAL\\outputs\\20260220-200310-400-high-ticket-product-ideas\\product_schema.json",
  "main_content_path": "d:\\auto\\MetaPassiveIncome_FINAL\\outputs\\20260220-200310-400-high-ticket-product-ideas\\product.pdf",
  "checksum": "c8d0eb08dcee2aa44cfdc2de769a6775f3f3001c92ea5a1d907b0d7c89e9d568",
  "generated_at": "20260220-200321",
  "status": "GENERATED_SUCCESS",
  "schema_driven": true,
  "notes": [
    "스키마 기반 생성 (product_schema.json)",
    "단일 파일 랜딩 페이지 (CSS/JS 내장)",
    "데이터 액션 라우터를 통한 버튼 기능"
  ]
}