{
  "product_id": "20260220-200310-400-high-ticket-product-ideas",
  "title": "Unlock Your Passive Income with 400+ High-Ticket Product Ideas to Sell !! ( 2026 List)",
  "target_customer": "Creators and merchants interested in 400+ High-Ticket Product Ideas to Sell !! ( 2026 List)",
  "value_proposition": "Leverage AI to create and sell digital products based on: 400+ High-Ticket Product Ideas to Sell !! ( 2026 List)",
  "sections": {
    "hero": {
      "headline": "Unlock Your Passive Income with 400+ High-Ticket Product Ideas to Sell !! ( 2026 List)",
      "subheadline": "Leverage AI to create and sell digital products based on: 400+ High-Ticket Product Ideas to Sell !! ( 2026 List)"
    },
    "problem": {
      "description": "Generic e-commerce stores fail to build trust and suffer from high cart abandonment. Without a high-performance storefront, conversion remains stagnant."
    },
    "solution": {
      "description": "A conversion-optimized e-commerce engine with mobile-first UI, friction-free checkout, and built-in trust triggers. Built for modern digital merchants."
    },
    "features": [
      "Mobile-optimized high-speed landing UI for 400+ High-Ticket Product Ideas to Sell !! ( 2026 List)",
      "Trust-building proof & badge templates for 400+ High-Ticket Product Ideas to Sell !! ( 2026 List)",
      "Frictionless 1-click checkout flow for 400+ High-Ticket Product Ideas to Sell !! ( 2026 List)",
      "Automated order confirmation & tracking for 400+ High-Ticket Product Ideas to Sell !! ( 2026 List)",
      "Urgency & scarcity trigger system for 400+ High-Ticket Product Ideas to Sell !! ( 2026 List)"
    ],
    "benefits": [
      "Ship faster with ready 400+ High-Ticket Product Ideas to Sell !! ( 2026 List) templates",
      "Increase conversion with clear 400+ High-Ticket Product Ideas to Sell !! ( 2026 List) value prop",
      "Operate with predictable 400+ High-Ticket Product Ideas to Sell !! ( 2026 List) delivery flow",
      "Scale experimentation with simple 400+ High-Ticket Product Ideas to Sell !! ( 2026 List) A/B hooks"
    ],
    "pricing": {
      "tier_name": "Standard Access",
      "price": "$29.00"
    },
    "faq": [
      {
        "q": "What is included?",
        "a": "You get the full landing page, the 400+ High-Ticket Product Ideas to Sell !! ( 2026 List) guide, and automated delivery setup."
      },
      {
        "q": "How do I deploy?",
        "a": "Upload to Vercel, Netlify, or any static host. No backend needed."
      },
      {
        "q": "Is it secure?",
        "a": "Yes, it uses wallet-based authentication for delivery gating."
      }
    ],
    "cta": {
      "text": "Get Started Now"
    },
    "design": {
      "theme": "elegant",
      "primary_color": "#8b5cf6",
      "secondary_color": "#8b5cf6",
      "font_family": "Roboto, sans-serif",
      "layout_style": "bold"
    }
  },
  "assets": {
    "main_content_file": "product.pdf",
    "landing_page": "index.html"
  }
}