day,channel,hook,cta,keywords
1,YouTube Shorts,"🔥 Stop losing 3% to card fees — Settle globally in seconds, not days.","👉 Grab the Premium Bundle + Secret Templates [Limited Time]","digital product delivery, privacy-first payments, conversion optimization"
2,LinkedIn,"📈 Double your conversion rates with 'Trust Blocks' + Proof Metrics.","🛠 Copy my exact workflow and start shipping by tonight.","nowpayments integration, automated fulfillment, high-ticket sales"
3,Instagram,"⚠️ The #1 mistake digital sellers make with crypto (and how to fix it).","👉 Grab the Premium Bundle + Secret Templates [Limited Time]","passive income system, crypto revenue, digital entrepreneurship"
4,Instagram,"📈 Double your conversion rates with 'Trust Blocks' + Proof Metrics.","👉 Grab the Premium Bundle + Secret Templates [Limited Time]","nowpayments integration, automated fulfillment, high-ticket sales"
5,Reddit,"🔥 Stop losing 3% to card fees — Settle globally in seconds, not days.","🛠 Copy my exact workflow and start shipping by tonight.","nowpayments integration, automated fulfillment, high-ticket sales"
6,X,"🚀 Turn your crypto wallet into a high-performance revenue engine.","👉 Grab the Premium Bundle + Secret Templates [Limited Time]","sales funnel design, trust-building metrics, automated operations"
7,Reddit,"🌍 Global commerce without boundaries: Sell to anyone, anywhere, instantly.","💰 Start accepting crypto like a pro — Download now.","nowpayments integration, automated fulfillment, high-ticket sales"
8,TikTok,"⚠️ The #1 mistake digital sellers make with crypto (and how to fix it).","👉 Grab the Premium Bundle + Secret Templates [Limited Time]","crypto automation, instant settlement, web3 commerce"
9,Reddit,"⚠️ The #1 mistake digital sellers make with crypto (and how to fix it).","👉 Grab the Premium Bundle + Secret Templates [Limited Time]","crypto automation, instant settlement, web3 commerce"
10,Blog,"⚠️ The #1 mistake digital sellers make with crypto (and how to fix it).","👉 Grab the Premium Bundle + Secret Templates [Limited Time]","nowpayments integration, automated fulfillment, high-ticket sales"
11,Reddit,"⚠️ The #1 mistake digital sellers make with crypto (and how to fix it).","🛠 Copy my exact workflow and start shipping by tonight.","sales funnel design, trust-building metrics, automated operations"
12,X,"🚀 Turn your crypto wallet into a high-performance revenue engine.","👉 Grab the Premium Bundle + Secret Templates [Limited Time]","passive income system, crypto revenue, digital entrepreneurship"
13,X,"🚀 Turn your crypto wallet into a high-performance revenue engine.","✅ Get the checklist and avoid the expensive mistakes I made.","digital product delivery, privacy-first payments, conversion optimization"
14,LinkedIn,"⚠️ The #1 mistake digital sellers make with crypto (and how to fix it).","👉 Grab the Premium Bundle + Secret Templates [Limited Time]","passive income system, crypto revenue, digital entrepreneurship"
15,Instagram,"🚀 Turn your crypto wallet into a high-performance revenue engine.","✅ Get the checklist and avoid the expensive mistakes I made.","nowpayments integration, automated fulfillment, high-ticket sales"
16,Reddit,"🌍 Global commerce without boundaries: Sell to anyone, anywhere, instantly.","💰 Start accepting crypto like a pro — Download now.","digital product delivery, privacy-first payments, conversion optimization"
17,Instagram,"⚠️ The #1 mistake digital sellers make with crypto (and how to fix it).","💰 Start accepting crypto like a pro — Download now.","passive income system, crypto revenue, digital entrepreneurship"
18,Instagram,"⚠️ The #1 mistake digital sellers make with crypto (and how to fix it).","👉 Grab the Premium Bundle + Secret Templates [Limited Time]","sales funnel design, trust-building metrics, automated operations"
19,YouTube Shorts,"🚀 Turn your crypto wallet into a high-performance revenue engine.","✅ Get the checklist and avoid the expensive mistakes I made.","crypto automation, instant settlement, web3 commerce"
20,Instagram,"⚠️ The #1 mistake digital sellers make with crypto (and how to fix it).","👉 Grab the Premium Bundle + Secret Templates [Limited Time]","nowpayments integration, automated fulfillment, high-ticket sales"
21,Reddit,"🔒 Privacy is a feature, not a luxury. Reduce payment traceability today.","👉 Grab the Premium Bundle + Secret Templates [Limited Time]","crypto automation, instant settlement, web3 commerce"
22,X,"🔥 Stop losing 3% to card fees — Settle globally in seconds, not days.","✅ Get the checklist and avoid the expensive mistakes I made.","passive income system, crypto revenue, digital entrepreneurship"
23,YouTube Shorts,"🌍 Global commerce without boundaries: Sell to anyone, anywhere, instantly.","💰 Start accepting crypto like a pro — Download now.","digital product delivery, privacy-first payments, conversion optimization"
24,YouTube Shorts,"🔥 Stop losing 3% to card fees — Settle globally in seconds, not days.","🛠 Copy my exact workflow and start shipping by tonight.","digital product delivery, privacy-first payments, conversion optimization"
25,X,"🔒 Privacy is a feature, not a luxury. Reduce payment traceability today.","💰 Start accepting crypto like a pro — Download now.","nowpayments integration, automated fulfillment, high-ticket sales"
26,TikTok,"🔒 Privacy is a feature, not a luxury. Reduce payment traceability today.","📥 Download the complete system and launch your store today.","passive income system, crypto revenue, digital entrepreneurship"
27,LinkedIn,"💎 From zero to automated crypto sales: The exact 7-day blueprint.","✅ Get the checklist and avoid the expensive mistakes I made.","nowpayments integration, automated fulfillment, high-ticket sales"
28,LinkedIn,"🔥 Stop losing 3% to card fees — Settle globally in seconds, not days.","💰 Start accepting crypto like a pro — Download now.","sales funnel design, trust-building metrics, automated operations"
29,Instagram,"🌍 Global commerce without boundaries: Sell to anyone, anywhere, instantly.","🛠 Copy my exact workflow and start shipping by tonight.","nowpayments integration, automated fulfillment, high-ticket sales"
30,LinkedIn,"🌍 Global commerce without boundaries: Sell to anyone, anywhere, instantly.","✅ Get the checklist and avoid the expensive mistakes I made.","passive income system, crypto revenue, digital entrepreneurship"
