{
  "product_id": "20260208-091337-간편-예약-상담-신청-폼-랜딩-페이지",
  "output_dir": "d:\\auto\\MetaPassiveIncome_FINAL\\outputs\\20260208-091337-간편-예약-상담-신청-폼-랜딩-페이지",
  "main_asset": "d:\\auto\\MetaPassiveIncome_FINAL\\outputs\\20260208-091337-간편-예약-상담-신청-폼-랜딩-페이지\\index.html",
  "schema_path": "d:\\auto\\MetaPassiveIncome_FINAL\\outputs\\20260208-091337-간편-예약-상담-신청-폼-랜딩-페이지\\product_schema.json",
  "main_content_path": "d:\\auto\\MetaPassiveIncome_FINAL\\outputs\\20260208-091337-간편-예약-상담-신청-폼-랜딩-페이지\\product.md",
  "checksum": "31747da61d321b1689a82185938e5cdf30394d163794e54503ce8a7036309f78",
  "generated_at": "20260208-091337",
  "status": "GENERATED_SUCCESS",
  "schema_driven": true,
  "notes": [
    "스키마 기반 생성 (product_schema.json)",
    "단일 파일 랜딩 페이지 (CSS/JS 내장)",
    "데이터 액션 라우터를 통한 버튼 기능"
  ]
}