{
  "product_id": "20260213-052710-global-merchant-crypto-checkou",
  "output_dir": "d:\\auto\\MetaPassiveIncome_FINAL\\outputs\\20260213-052710-global-merchant-crypto-checkou",
  "main_asset": "d:\\auto\\MetaPassiveIncome_FINAL\\outputs\\20260213-052710-global-merchant-crypto-checkou\\index.html",
  "schema_path": "d:\\auto\\MetaPassiveIncome_FINAL\\outputs\\20260213-052710-global-merchant-crypto-checkou\\product_schema.json",
  "main_content_path": "d:\\auto\\MetaPassiveIncome_FINAL\\outputs\\20260213-052710-global-merchant-crypto-checkou\\product.md",
  "checksum": "ab5780c8b2e3d56e93b35a7fccebf958c798c60fd3d50318b148deee75812113",
  "generated_at": "20260213-052710",
  "status": "GENERATED_SUCCESS",
  "schema_driven": true,
  "notes": [
    "스키마 기반 생성 (product_schema.json)",
    "단일 파일 랜딩 페이지 (CSS/JS 내장)",
    "데이터 액션 라우터를 통한 버튼 기능"
  ]
}