{
  "product_id": "20260213-145203-saas-waitlist-coming-soon-page",
  "output_dir": "d:\\auto\\MetaPassiveIncome_FINAL\\outputs\\20260213-145203-saas-waitlist-coming-soon-page",
  "main_asset": "d:\\auto\\MetaPassiveIncome_FINAL\\outputs\\20260213-145203-saas-waitlist-coming-soon-page\\index.html",
  "schema_path": "d:\\auto\\MetaPassiveIncome_FINAL\\outputs\\20260213-145203-saas-waitlist-coming-soon-page\\product_schema.json",
  "main_content_path": "d:\\auto\\MetaPassiveIncome_FINAL\\outputs\\20260213-145203-saas-waitlist-coming-soon-page\\product.md",
  "checksum": "89521bf856cbcd4eb44fbc2da4f381d0928c8731a34b5e3e87130e454e20aa18",
  "generated_at": "20260213-145203",
  "status": "GENERATED_SUCCESS",
  "schema_driven": true,
  "notes": [
    "스키마 기반 생성 (product_schema.json)",
    "단일 파일 랜딩 페이지 (CSS/JS 내장)",
    "데이터 액션 라우터를 통한 버튼 기능"
  ]
}