{
  "product_id": "20260213-144919-crypto-wallet-checkout-token-g",
  "output_dir": "d:\\auto\\MetaPassiveIncome_FINAL\\outputs\\20260213-144919-crypto-wallet-checkout-token-g",
  "main_asset": "d:\\auto\\MetaPassiveIncome_FINAL\\outputs\\20260213-144919-crypto-wallet-checkout-token-g\\index.html",
  "schema_path": "d:\\auto\\MetaPassiveIncome_FINAL\\outputs\\20260213-144919-crypto-wallet-checkout-token-g\\product_schema.json",
  "main_content_path": "d:\\auto\\MetaPassiveIncome_FINAL\\outputs\\20260213-144919-crypto-wallet-checkout-token-g\\product.md",
  "checksum": "bb0a3770935727719ceb95c333b0feeb067ca52fc74efed81dfc17b5756fafc3",
  "generated_at": "20260213-144919",
  "status": "GENERATED_SUCCESS",
  "schema_driven": true,
  "notes": [
    "스키마 기반 생성 (product_schema.json)",
    "단일 파일 랜딩 페이지 (CSS/JS 내장)",
    "데이터 액션 라우터를 통한 버튼 기능"
  ]
}