{
  "product_id": "20260219-135543-как-открыть-магазин-на-etsy-и",
  "topic": "Как открыть магазин на Etsy и что там продавать в 2026 году...",
  "sections": [
    "executive_overview",
    "strategic_foundation",
    "implementation_framework",
    "case_study",
    "tool_stack",
    "execution_checklist",
    "advanced_strategies",
    "troubleshooting",
    "roadmap",
    "bonus_vault"
  ],
  "price_band": "$19.00",
  "price_wei": 11600000000000000
}