{
  "product_id": "20260220-103030-the-hottest-etsy-trends-for-20",
  "output_dir": "d:\\auto\\MetaPassiveIncome_FINAL\\outputs\\20260220-103030-the-hottest-etsy-trends-for-20",
  "main_asset": "d:\\auto\\MetaPassiveIncome_FINAL\\outputs\\20260220-103030-the-hottest-etsy-trends-for-20\\index.html",
  "schema_path": "d:\\auto\\MetaPassiveIncome_FINAL\\outputs\\20260220-103030-the-hottest-etsy-trends-for-20\\product_schema.json",
  "main_content_path": "d:\\auto\\MetaPassiveIncome_FINAL\\outputs\\20260220-103030-the-hottest-etsy-trends-for-20\\product.pdf",
  "checksum": "9fe7fa3b87eeb3fc5e719b44f6d2d2c5d60b52ae8886f5b7ff3b74dbc874d0f0",
  "generated_at": "20260220-103045",
  "status": "GENERATED_SUCCESS",
  "schema_driven": true,
  "notes": [
    "스키마 기반 생성 (product_schema.json)",
    "단일 파일 랜딩 페이지 (CSS/JS 내장)",
    "데이터 액션 라우터를 통한 버튼 기능"
  ]
}