{
  "product_id": "20260220-103030-the-hottest-etsy-trends-for-20",
  "title": "Unlock Your Passive Income with The Hottest Etsy Trends for 2026",
  "target_customer": "Creators and merchants interested in The Hottest Etsy Trends for 2026",
  "value_proposition": "Leverage AI to create and sell digital products based on: The Hottest Etsy Trends for 2026",
  "sections": {
    "hero": {
      "headline": "Unlock Your Passive Income with The Hottest Etsy Trends for 2026",
      "subheadline": "Leverage AI to create and sell digital products based on: The Hottest Etsy Trends for 2026"
    },
    "problem": {
      "description": "Creating and selling digital products is complex and time-consuming. Most creators fail due to technical friction and lack of a structured system."
    },
    "solution": {
      "description": "A professional-grade implementation system that handles everything from landing to delivery. Focus on your content, we handle the infrastructure."
    },
    "features": [
      "One-file deployment architecture for The Hottest Etsy Trends for 2026",
      "Secure token-gated delivery for The Hottest Etsy Trends for 2026",
      "Conversion-optimized landing components for The Hottest Etsy Trends for 2026",
      "Built-in analytics & tracking for The Hottest Etsy Trends for 2026",
      "Automated promotion asset generator for The Hottest Etsy Trends for 2026"
    ],
    "benefits": [
      "Ship faster with ready The Hottest Etsy Trends for 2026 templates",
      "Increase conversion with clear The Hottest Etsy Trends for 2026 value prop",
      "Operate with predictable The Hottest Etsy Trends for 2026 delivery flow",
      "Scale experimentation with simple The Hottest Etsy Trends for 2026 A/B hooks"
    ],
    "pricing": {
      "tier_name": "Standard Access",
      "price": "$29"
    },
    "faq": [
      {
        "q": "What is included?",
        "a": "You get the full landing page, the The Hottest Etsy Trends for 2026 guide, and automated delivery setup."
      },
      {
        "q": "How do I deploy?",
        "a": "Upload to Vercel, Netlify, or any static host. No backend needed."
      },
      {
        "q": "Is it secure?",
        "a": "Yes, it uses wallet-based authentication for delivery gating."
      }
    ],
    "cta": {
      "text": "Get Started Now"
    },
    "design": {
      "theme": "elegant",
      "primary_color": "#8b5cf6",
      "secondary_color": "#8b5cf6",
      "font_family": "Georgia, serif",
      "layout_style": "creative"
    }
  },
  "assets": {
    "main_content_file": "product.pdf",
    "landing_page": "index.html"
  }
}