{
  "product_id": "20260220-212906-1000-ielts-speaking-questions",
  "output_dir": "d:\\auto\\MetaPassiveIncome_FINAL\\outputs\\20260220-212906-1000-ielts-speaking-questions",
  "main_asset": "d:\\auto\\MetaPassiveIncome_FINAL\\outputs\\20260220-212906-1000-ielts-speaking-questions\\index.html",
  "schema_path": "d:\\auto\\MetaPassiveIncome_FINAL\\outputs\\20260220-212906-1000-ielts-speaking-questions\\product_schema.json",
  "main_content_path": "d:\\auto\\MetaPassiveIncome_FINAL\\outputs\\20260220-212906-1000-ielts-speaking-questions\\product.pdf",
  "checksum": "33de0c81abcdd2f3f31d8ff8493a400ab1cf541abc8d136be2103043a6add93e",
  "generated_at": "20260220-212914",
  "status": "GENERATED_SUCCESS",
  "schema_driven": true,
  "notes": [
    "스키마 기반 생성 (product_schema.json)",
    "단일 파일 랜딩 페이지 (CSS/JS 내장)",
    "데이터 액션 라우터를 통한 버튼 기능"
  ]
}