{
  "product_id": "20260213-101856-개인-브랜딩-link-in-bio-페이지",
  "output_dir": "d:\\auto\\MetaPassiveIncome_FINAL\\outputs\\20260213-101856-개인-브랜딩-link-in-bio-페이지",
  "main_asset": "d:\\auto\\MetaPassiveIncome_FINAL\\outputs\\20260213-101856-개인-브랜딩-link-in-bio-페이지\\index.html",
  "schema_path": "d:\\auto\\MetaPassiveIncome_FINAL\\outputs\\20260213-101856-개인-브랜딩-link-in-bio-페이지\\product_schema.json",
  "main_content_path": "d:\\auto\\MetaPassiveIncome_FINAL\\outputs\\20260213-101856-개인-브랜딩-link-in-bio-페이지\\product.md",
  "checksum": "86915ffd36b0a01618cb7f7e1a47cffc149bfc33aff82d73859a04543065237b",
  "generated_at": "20260213-101856",
  "status": "GENERATED_SUCCESS",
  "schema_driven": true,
  "notes": [
    "스키마 기반 생성 (product_schema.json)",
    "단일 파일 랜딩 페이지 (CSS/JS 내장)",
    "데이터 액션 라우터를 통한 버튼 기능"
  ]
}