{
  "product_id": "20260214-075721-global-merchant-crypto-checkou",
  "output_dir": "d:\\auto\\MetaPassiveIncome_FINAL\\outputs\\20260214-075721-global-merchant-crypto-checkou",
  "main_asset": "d:\\auto\\MetaPassiveIncome_FINAL\\outputs\\20260214-075721-global-merchant-crypto-checkou\\index.html",
  "schema_path": "d:\\auto\\MetaPassiveIncome_FINAL\\outputs\\20260214-075721-global-merchant-crypto-checkou\\product_schema.json",
  "main_content_path": "d:\\auto\\MetaPassiveIncome_FINAL\\outputs\\20260214-075721-global-merchant-crypto-checkou\\product.md",
  "checksum": "e1f06efe3133d42852aaed546a7785052888cce674c0038113bfa4b2a0923c22",
  "generated_at": "20260214-075721",
  "status": "GENERATED_SUCCESS",
  "schema_driven": true,
  "notes": [
    "스키마 기반 생성 (product_schema.json)",
    "단일 파일 랜딩 페이지 (CSS/JS 내장)",
    "데이터 액션 라우터를 통한 버튼 기능"
  ]
}