{
  "product_id": "20260219-214518-10-profitable-saas-ideas-to-ex",
  "title": "Unlock Your Passive Income with 10 Profitable SaaS Ideas to Explore in 2026",
  "target_customer": "Creators and merchants interested in 10 Profitable SaaS Ideas to Explore in 2026",
  "value_proposition": "Leverage AI to create and sell digital products based on: 10 Profitable SaaS Ideas to Explore in 2026",
  "sections": {
    "hero": {
      "headline": "Unlock Your Passive Income with 10 Profitable SaaS Ideas to Explore in 2026",
      "subheadline": "Leverage AI to create and sell digital products based on: 10 Profitable SaaS Ideas to Explore in 2026"
    },
    "problem": {
      "description": "Creating and selling digital products is complex and time-consuming. Most creators fail due to technical friction and lack of a structured system."
    },
    "solution": {
      "description": "A professional-grade implementation system that handles everything from landing to delivery. Focus on your content, we handle the infrastructure."
    },
    "features": [
      "One-file deployment architecture for 10 Profitable SaaS Ideas to Explore in 2026",
      "Secure token-gated delivery for 10 Profitable SaaS Ideas to Explore in 2026",
      "Conversion-optimized landing components for 10 Profitable SaaS Ideas to Explore in 2026",
      "Built-in analytics & tracking for 10 Profitable SaaS Ideas to Explore in 2026",
      "Automated promotion asset generator for 10 Profitable SaaS Ideas to Explore in 2026"
    ],
    "benefits": [
      "Ship faster with ready 10 Profitable SaaS Ideas to Explore in 2026 templates",
      "Increase conversion with clear 10 Profitable SaaS Ideas to Explore in 2026 value prop",
      "Operate with predictable 10 Profitable SaaS Ideas to Explore in 2026 delivery flow",
      "Scale experimentation with simple 10 Profitable SaaS Ideas to Explore in 2026 A/B hooks"
    ],
    "pricing": {
      "tier_name": "Standard Access",
      "price": "$59.00"
    },
    "faq": [
      {
        "q": "What is included?",
        "a": "You get the full landing page, the 10 Profitable SaaS Ideas to Explore in 2026 guide, and automated delivery setup."
      },
      {
        "q": "How do I deploy?",
        "a": "Upload to Vercel, Netlify, or any static host. No backend needed."
      },
      {
        "q": "Is it secure?",
        "a": "Yes, it uses wallet-based authentication for delivery gating."
      }
    ],
    "cta": {
      "text": "Get Started Now"
    },
    "design": {
      "theme": "tech",
      "primary_color": "#00b4ff",
      "secondary_color": "#00b4ff",
      "font_family": "system-ui, sans-serif",
      "layout_style": "professional"
    }
  },
  "assets": {
    "main_content_file": "product.pdf",
    "landing_page": "index.html"
  },
  "_injected_price": "$59.00",
  "_market_price": "$179.00",
  "market_analysis": {
    "category": "SaaS / System",
    "market_price": 179,
    "our_price": 59,
    "desc": "High-value functional software/system"
  },
  "price": "59",
  "offers": {
    "@type": "Offer",
    "price": "59.00"
  }
}