{
  "product_id": "20260213-154109-saas-demo-request-landing-page",
  "output_dir": "d:\\auto\\MetaPassiveIncome_FINAL\\outputs\\20260213-154109-saas-demo-request-landing-page",
  "main_asset": "d:\\auto\\MetaPassiveIncome_FINAL\\outputs\\20260213-154109-saas-demo-request-landing-page\\index.html",
  "schema_path": "d:\\auto\\MetaPassiveIncome_FINAL\\outputs\\20260213-154109-saas-demo-request-landing-page\\product_schema.json",
  "main_content_path": "d:\\auto\\MetaPassiveIncome_FINAL\\outputs\\20260213-154109-saas-demo-request-landing-page\\product.md",
  "checksum": "d154fc1f3dfc9c8dbe7013115f53d07342dfb1dfa1c0d5023ce7feec96d1a4a8",
  "generated_at": "20260213-154110",
  "status": "GENERATED_SUCCESS",
  "schema_driven": true,
  "notes": [
    "스키마 기반 생성 (product_schema.json)",
    "단일 파일 랜딩 페이지 (CSS/JS 내장)",
    "데이터 액션 라우터를 통한 버튼 기능"
  ]
}