{
  "product_id": "20260219-032754-720-business-2-ideas-to-save-i",
  "output_dir": "d:\\auto\\MetaPassiveIncome_FINAL\\outputs\\20260219-032754-720-business-2-ideas-to-save-i",
  "main_asset": "d:\\auto\\MetaPassiveIncome_FINAL\\outputs\\20260219-032754-720-business-2-ideas-to-save-i\\index.html",
  "schema_path": "d:\\auto\\MetaPassiveIncome_FINAL\\outputs\\20260219-032754-720-business-2-ideas-to-save-i\\product_schema.json",
  "main_content_path": "d:\\auto\\MetaPassiveIncome_FINAL\\outputs\\20260219-032754-720-business-2-ideas-to-save-i\\product.pdf",
  "checksum": "726ee812f85ab13acde7c1fa893e70c6bed9d650b99c19d060b56b3e19dd2e17",
  "generated_at": "20260219-032815",
  "status": "GENERATED_SUCCESS",
  "schema_driven": true,
  "notes": [
    "스키마 기반 생성 (product_schema.json)",
    "단일 파일 랜딩 페이지 (CSS/JS 내장)",
    "데이터 액션 라우터를 통한 버튼 기능"
  ]
}