{
  "product_id": "20260213-150539-ai-도구-대기열-랜딩-페이지",
  "output_dir": "d:\\auto\\MetaPassiveIncome_FINAL\\outputs\\20260213-150539-ai-도구-대기열-랜딩-페이지",
  "main_asset": "d:\\auto\\MetaPassiveIncome_FINAL\\outputs\\20260213-150539-ai-도구-대기열-랜딩-페이지\\index.html",
  "schema_path": "d:\\auto\\MetaPassiveIncome_FINAL\\outputs\\20260213-150539-ai-도구-대기열-랜딩-페이지\\product_schema.json",
  "main_content_path": "d:\\auto\\MetaPassiveIncome_FINAL\\outputs\\20260213-150539-ai-도구-대기열-랜딩-페이지\\product.md",
  "checksum": "88ae80e75e97129f689d2a7477c420354821d8f6a8a60d46e10858641faa9e64",
  "generated_at": "20260213-150539",
  "status": "GENERATED_SUCCESS",
  "schema_driven": true,
  "notes": [
    "스키마 기반 생성 (product_schema.json)",
    "단일 파일 랜딩 페이지 (CSS/JS 내장)",
    "데이터 액션 라우터를 통한 버튼 기능"
  ]
}