day,channel,hook,cta,keywords
1,LinkedIn,"⚠️ The #1 mistake digital sellers make with crypto (and how to fix it).","🛠 Copy my exact workflow and start shipping by tonight.","digital product delivery, privacy-first payments, conversion optimization"
2,LinkedIn,"🚀 Turn your crypto wallet into a high-performance revenue engine.","🛠 Copy my exact workflow and start shipping by tonight.","crypto automation, instant settlement, web3 commerce"
3,Reddit,"🚀 Turn your crypto wallet into a high-performance revenue engine.","🛠 Copy my exact workflow and start shipping by tonight.","digital product delivery, privacy-first payments, conversion optimization"
4,LinkedIn,"📈 Double your conversion rates with 'Trust Blocks' + Proof Metrics.","📥 Download the complete system and launch your store today.","nowpayments integration, automated fulfillment, high-ticket sales"
5,X,"🚀 Turn your crypto wallet into a high-performance revenue engine.","💰 Start accepting crypto like a pro — Download now.","sales funnel design, trust-building metrics, automated operations"
6,Instagram,"🔥 Stop losing 3% to card fees — Settle globally in seconds, not days.","💰 Start accepting crypto like a pro — Download now.","digital product delivery, privacy-first payments, conversion optimization"
7,TikTok,"⚠️ The #1 mistake digital sellers make with crypto (and how to fix it).","🛠 Copy my exact workflow and start shipping by tonight.","crypto automation, instant settlement, web3 commerce"
8,Reddit,"🔥 Stop losing 3% to card fees — Settle globally in seconds, not days.","👉 Grab the Premium Bundle + Secret Templates [Limited Time]","crypto automation, instant settlement, web3 commerce"
9,TikTok,"📈 Double your conversion rates with 'Trust Blocks' + Proof Metrics.","📥 Download the complete system and launch your store today.","passive income system, crypto revenue, digital entrepreneurship"
10,Instagram,"📈 Double your conversion rates with 'Trust Blocks' + Proof Metrics.","💰 Start accepting crypto like a pro — Download now.","crypto automation, instant settlement, web3 commerce"
11,TikTok,"🚀 Turn your crypto wallet into a high-performance revenue engine.","✅ Get the checklist and avoid the expensive mistakes I made.","nowpayments integration, automated fulfillment, high-ticket sales"
12,LinkedIn,"🔒 Privacy is a feature, not a luxury. Reduce payment traceability today.","📥 Download the complete system and launch your store today.","sales funnel design, trust-building metrics, automated operations"
13,X,"🚀 Turn your crypto wallet into a high-performance revenue engine.","✅ Get the checklist and avoid the expensive mistakes I made.","passive income system, crypto revenue, digital entrepreneurship"
14,Instagram,"🔒 Privacy is a feature, not a luxury. Reduce payment traceability today.","📥 Download the complete system and launch your store today.","nowpayments integration, automated fulfillment, high-ticket sales"
15,Reddit,"💎 From zero to automated crypto sales: The exact 7-day blueprint.","🛠 Copy my exact workflow and start shipping by tonight.","nowpayments integration, automated fulfillment, high-ticket sales"
16,TikTok,"💎 From zero to automated crypto sales: The exact 7-day blueprint.","📥 Download the complete system and launch your store today.","digital product delivery, privacy-first payments, conversion optimization"
17,TikTok,"🌍 Global commerce without boundaries: Sell to anyone, anywhere, instantly.","📥 Download the complete system and launch your store today.","passive income system, crypto revenue, digital entrepreneurship"
18,Instagram,"💎 From zero to automated crypto sales: The exact 7-day blueprint.","✅ Get the checklist and avoid the expensive mistakes I made.","passive income system, crypto revenue, digital entrepreneurship"
19,YouTube Shorts,"🔥 Stop losing 3% to card fees — Settle globally in seconds, not days.","📥 Download the complete system and launch your store today.","nowpayments integration, automated fulfillment, high-ticket sales"
20,Instagram,"💎 From zero to automated crypto sales: The exact 7-day blueprint.","✅ Get the checklist and avoid the expensive mistakes I made.","nowpayments integration, automated fulfillment, high-ticket sales"
21,YouTube Shorts,"🔥 Stop losing 3% to card fees — Settle globally in seconds, not days.","✅ Get the checklist and avoid the expensive mistakes I made.","crypto automation, instant settlement, web3 commerce"
22,Reddit,"🌍 Global commerce without boundaries: Sell to anyone, anywhere, instantly.","✅ Get the checklist and avoid the expensive mistakes I made.","digital product delivery, privacy-first payments, conversion optimization"
23,Instagram,"🔒 Privacy is a feature, not a luxury. Reduce payment traceability today.","💰 Start accepting crypto like a pro — Download now.","digital product delivery, privacy-first payments, conversion optimization"
24,Reddit,"📈 Double your conversion rates with 'Trust Blocks' + Proof Metrics.","✅ Get the checklist and avoid the expensive mistakes I made.","sales funnel design, trust-building metrics, automated operations"
25,TikTok,"📈 Double your conversion rates with 'Trust Blocks' + Proof Metrics.","✅ Get the checklist and avoid the expensive mistakes I made.","digital product delivery, privacy-first payments, conversion optimization"
26,LinkedIn,"🚀 Turn your crypto wallet into a high-performance revenue engine.","📥 Download the complete system and launch your store today.","nowpayments integration, automated fulfillment, high-ticket sales"
27,TikTok,"🚀 Turn your crypto wallet into a high-performance revenue engine.","📥 Download the complete system and launch your store today.","nowpayments integration, automated fulfillment, high-ticket sales"
28,X,"📈 Double your conversion rates with 'Trust Blocks' + Proof Metrics.","🛠 Copy my exact workflow and start shipping by tonight.","sales funnel design, trust-building metrics, automated operations"
29,Blog,"📈 Double your conversion rates with 'Trust Blocks' + Proof Metrics.","💰 Start accepting crypto like a pro — Download now.","passive income system, crypto revenue, digital entrepreneurship"
30,X,"🌍 Global commerce without boundaries: Sell to anyone, anywhere, instantly.","💰 Start accepting crypto like a pro — Download now.","crypto automation, instant settlement, web3 commerce"
