{
  "product_id": "20260213-150947-saas-coming-soon-waitlist-페이지",
  "output_dir": "d:\\auto\\MetaPassiveIncome_FINAL\\outputs\\20260213-150947-saas-coming-soon-waitlist-페이지",
  "main_asset": "d:\\auto\\MetaPassiveIncome_FINAL\\outputs\\20260213-150947-saas-coming-soon-waitlist-페이지\\index.html",
  "schema_path": "d:\\auto\\MetaPassiveIncome_FINAL\\outputs\\20260213-150947-saas-coming-soon-waitlist-페이지\\product_schema.json",
  "main_content_path": "d:\\auto\\MetaPassiveIncome_FINAL\\outputs\\20260213-150947-saas-coming-soon-waitlist-페이지\\product.md",
  "checksum": "3bf8d5ea15a2fbb338c7f5664609c26a53e01f7d6989a8f9ba97f3babe688442",
  "generated_at": "20260213-150947",
  "status": "GENERATED_SUCCESS",
  "schema_driven": true,
  "notes": [
    "스키마 기반 생성 (product_schema.json)",
    "단일 파일 랜딩 페이지 (CSS/JS 내장)",
    "데이터 액션 라우터를 통한 버튼 기능"
  ]
}