{
  "product_id": "20260213-110837-stablecoin-settlement-handbook",
  "output_dir": "d:\\auto\\MetaPassiveIncome_FINAL\\outputs\\20260213-110837-stablecoin-settlement-handbook",
  "main_asset": "d:\\auto\\MetaPassiveIncome_FINAL\\outputs\\20260213-110837-stablecoin-settlement-handbook\\index.html",
  "schema_path": "d:\\auto\\MetaPassiveIncome_FINAL\\outputs\\20260213-110837-stablecoin-settlement-handbook\\product_schema.json",
  "main_content_path": "d:\\auto\\MetaPassiveIncome_FINAL\\outputs\\20260213-110837-stablecoin-settlement-handbook\\product.md",
  "checksum": "3b16b09432a0d4e13e7724c5b32f10fa1d4c7fe4f0456178e432251a7a847fb6",
  "generated_at": "20260213-110837",
  "status": "GENERATED_SUCCESS",
  "schema_driven": true,
  "notes": [
    "스키마 기반 생성 (product_schema.json)",
    "단일 파일 랜딩 페이지 (CSS/JS 내장)",
    "데이터 액션 라우터를 통한 버튼 기능"
  ]
}