{
  "product_id": "20260213-070809-how-to-sell-high-ticket-digita",
  "output_dir": "d:\\auto\\MetaPassiveIncome_FINAL\\outputs\\20260213-070809-how-to-sell-high-ticket-digita",
  "main_asset": "d:\\auto\\MetaPassiveIncome_FINAL\\outputs\\20260213-070809-how-to-sell-high-ticket-digita\\index.html",
  "schema_path": "d:\\auto\\MetaPassiveIncome_FINAL\\outputs\\20260213-070809-how-to-sell-high-ticket-digita\\product_schema.json",
  "main_content_path": "d:\\auto\\MetaPassiveIncome_FINAL\\outputs\\20260213-070809-how-to-sell-high-ticket-digita\\product.md",
  "checksum": "2ba344c6d39657a811fe23fbc83614d019a778a906247b6e9103f87de50d37c5",
  "generated_at": "20260213-070809",
  "status": "GENERATED_SUCCESS",
  "schema_driven": true,
  "notes": [
    "스키마 기반 생성 (product_schema.json)",
    "단일 파일 랜딩 페이지 (CSS/JS 내장)",
    "데이터 액션 라우터를 통한 버튼 기능"
  ]
}