{
  "product_id": "20260213-112117-ai-saas-waitlist-landing-page",
  "output_dir": "d:\\auto\\MetaPassiveIncome_FINAL\\outputs\\20260213-112117-ai-saas-waitlist-landing-page",
  "main_asset": "d:\\auto\\MetaPassiveIncome_FINAL\\outputs\\20260213-112117-ai-saas-waitlist-landing-page\\index.html",
  "schema_path": "d:\\auto\\MetaPassiveIncome_FINAL\\outputs\\20260213-112117-ai-saas-waitlist-landing-page\\product_schema.json",
  "main_content_path": "d:\\auto\\MetaPassiveIncome_FINAL\\outputs\\20260213-112117-ai-saas-waitlist-landing-page\\product.md",
  "checksum": "4d35624341a714ccab69d4e92a22560da3ba60b734a8120d6a7b69cbc2ba669d",
  "generated_at": "20260213-112117",
  "status": "GENERATED_SUCCESS",
  "schema_driven": true,
  "notes": [
    "스키마 기반 생성 (product_schema.json)",
    "단일 파일 랜딩 페이지 (CSS/JS 내장)",
    "데이터 액션 라우터를 통한 버튼 기능"
  ]
}