{
  "product_id": "20260208-093257-free-consultation-discovery-ca",
  "output_dir": "d:\\auto\\MetaPassiveIncome_FINAL\\outputs\\20260208-093257-free-consultation-discovery-ca",
  "main_asset": "d:\\auto\\MetaPassiveIncome_FINAL\\outputs\\20260208-093257-free-consultation-discovery-ca\\index.html",
  "schema_path": "d:\\auto\\MetaPassiveIncome_FINAL\\outputs\\20260208-093257-free-consultation-discovery-ca\\product_schema.json",
  "main_content_path": "d:\\auto\\MetaPassiveIncome_FINAL\\outputs\\20260208-093257-free-consultation-discovery-ca\\product.md",
  "checksum": "a37a0843ef958339c4766bc19e1fa06baf9c18bc2ae7191c9a80ef7f987bfa02",
  "generated_at": "20260208-093257",
  "status": "GENERATED_SUCCESS",
  "schema_driven": true,
  "notes": [
    "스키마 기반 생성 (product_schema.json)",
    "단일 파일 랜딩 페이지 (CSS/JS 내장)",
    "데이터 액션 라우터를 통한 버튼 기능"
  ]
}