day,channel,hook,cta,keywords
1,TikTok,"🔥 Stop losing 3% to card fees — Settle globally in seconds, not days.","🛠 Copy my exact workflow and start shipping by tonight.","digital product delivery, privacy-first payments, conversion optimization"
2,Reddit,"🚀 Turn your crypto wallet into a high-performance revenue engine.","👉 Grab the Premium Bundle + Secret Templates [Limited Time]","digital product delivery, privacy-first payments, conversion optimization"
3,Reddit,"📈 Double your conversion rates with 'Trust Blocks' + Proof Metrics.","👉 Grab the Premium Bundle + Secret Templates [Limited Time]","nowpayments integration, automated fulfillment, high-ticket sales"
4,Blog,"🌍 Global commerce without boundaries: Sell to anyone, anywhere, instantly.","🛠 Copy my exact workflow and start shipping by tonight.","nowpayments integration, automated fulfillment, high-ticket sales"
5,YouTube Shorts,"📈 Double your conversion rates with 'Trust Blocks' + Proof Metrics.","👉 Grab the Premium Bundle + Secret Templates [Limited Time]","sales funnel design, trust-building metrics, automated operations"
6,Reddit,"🔒 Privacy is a feature, not a luxury. Reduce payment traceability today.","📥 Download the complete system and launch your store today.","passive income system, crypto revenue, digital entrepreneurship"
7,Blog,"🌍 Global commerce without boundaries: Sell to anyone, anywhere, instantly.","✅ Get the checklist and avoid the expensive mistakes I made.","nowpayments integration, automated fulfillment, high-ticket sales"
8,TikTok,"🔒 Privacy is a feature, not a luxury. Reduce payment traceability today.","🛠 Copy my exact workflow and start shipping by tonight.","nowpayments integration, automated fulfillment, high-ticket sales"
9,Blog,"📈 Double your conversion rates with 'Trust Blocks' + Proof Metrics.","📥 Download the complete system and launch your store today.","nowpayments integration, automated fulfillment, high-ticket sales"
10,TikTok,"🔥 Stop losing 3% to card fees — Settle globally in seconds, not days.","✅ Get the checklist and avoid the expensive mistakes I made.","passive income system, crypto revenue, digital entrepreneurship"
11,YouTube Shorts,"💎 From zero to automated crypto sales: The exact 7-day blueprint.","✅ Get the checklist and avoid the expensive mistakes I made.","nowpayments integration, automated fulfillment, high-ticket sales"
12,LinkedIn,"📈 Double your conversion rates with 'Trust Blocks' + Proof Metrics.","✅ Get the checklist and avoid the expensive mistakes I made.","digital product delivery, privacy-first payments, conversion optimization"
13,LinkedIn,"🌍 Global commerce without boundaries: Sell to anyone, anywhere, instantly.","💰 Start accepting crypto like a pro — Download now.","passive income system, crypto revenue, digital entrepreneurship"
14,Instagram,"🔒 Privacy is a feature, not a luxury. Reduce payment traceability today.","💰 Start accepting crypto like a pro — Download now.","sales funnel design, trust-building metrics, automated operations"
15,TikTok,"🚀 Turn your crypto wallet into a high-performance revenue engine.","🛠 Copy my exact workflow and start shipping by tonight.","passive income system, crypto revenue, digital entrepreneurship"
16,Blog,"🚀 Turn your crypto wallet into a high-performance revenue engine.","👉 Grab the Premium Bundle + Secret Templates [Limited Time]","passive income system, crypto revenue, digital entrepreneurship"
17,TikTok,"🔒 Privacy is a feature, not a luxury. Reduce payment traceability today.","📥 Download the complete system and launch your store today.","nowpayments integration, automated fulfillment, high-ticket sales"
18,Reddit,"📈 Double your conversion rates with 'Trust Blocks' + Proof Metrics.","📥 Download the complete system and launch your store today.","crypto automation, instant settlement, web3 commerce"
19,X,"🔒 Privacy is a feature, not a luxury. Reduce payment traceability today.","💰 Start accepting crypto like a pro — Download now.","crypto automation, instant settlement, web3 commerce"
20,YouTube Shorts,"🔒 Privacy is a feature, not a luxury. Reduce payment traceability today.","✅ Get the checklist and avoid the expensive mistakes I made.","sales funnel design, trust-building metrics, automated operations"
21,Instagram,"💎 From zero to automated crypto sales: The exact 7-day blueprint.","💰 Start accepting crypto like a pro — Download now.","digital product delivery, privacy-first payments, conversion optimization"
22,YouTube Shorts,"💎 From zero to automated crypto sales: The exact 7-day blueprint.","👉 Grab the Premium Bundle + Secret Templates [Limited Time]","crypto automation, instant settlement, web3 commerce"
23,YouTube Shorts,"🌍 Global commerce without boundaries: Sell to anyone, anywhere, instantly.","💰 Start accepting crypto like a pro — Download now.","nowpayments integration, automated fulfillment, high-ticket sales"
24,YouTube Shorts,"🌍 Global commerce without boundaries: Sell to anyone, anywhere, instantly.","👉 Grab the Premium Bundle + Secret Templates [Limited Time]","sales funnel design, trust-building metrics, automated operations"
25,X,"🌍 Global commerce without boundaries: Sell to anyone, anywhere, instantly.","✅ Get the checklist and avoid the expensive mistakes I made.","sales funnel design, trust-building metrics, automated operations"
26,Reddit,"⚠️ The #1 mistake digital sellers make with crypto (and how to fix it).","📥 Download the complete system and launch your store today.","sales funnel design, trust-building metrics, automated operations"
27,Instagram,"💎 From zero to automated crypto sales: The exact 7-day blueprint.","📥 Download the complete system and launch your store today.","sales funnel design, trust-building metrics, automated operations"
28,Instagram,"⚠️ The #1 mistake digital sellers make with crypto (and how to fix it).","📥 Download the complete system and launch your store today.","crypto automation, instant settlement, web3 commerce"
29,Blog,"🔥 Stop losing 3% to card fees — Settle globally in seconds, not days.","🛠 Copy my exact workflow and start shipping by tonight.","crypto automation, instant settlement, web3 commerce"
30,X,"📈 Double your conversion rates with 'Trust Blocks' + Proof Metrics.","💰 Start accepting crypto like a pro — Download now.","nowpayments integration, automated fulfillment, high-ticket sales"
