{
  "product_id": "20260219-231841-50-profitable-micro-saas-ideas",
  "title": "Unlock Your Passive Income with 50 Profitable Micro SaaS Ideas for 2026: Build & Launch ...",
  "target_customer": "Creators and merchants interested in 50 Profitable Micro SaaS Ideas for 2026: Build & Launch ...",
  "value_proposition": "Leverage AI to create and sell digital products based on: 50 Profitable Micro SaaS Ideas for 2026: Build & Launch ...",
  "sections": {
    "hero": {
      "headline": "Unlock Your Passive Income with 50 Profitable Micro SaaS Ideas for 2026: Build & Launch ...",
      "subheadline": "Leverage AI to create and sell digital products based on: 50 Profitable Micro SaaS Ideas for 2026: Build & Launch ..."
    },
    "problem": {
      "description": "Creating and selling digital products is complex and time-consuming. Most creators fail due to technical friction and lack of a structured system."
    },
    "solution": {
      "description": "A professional-grade implementation system that handles everything from landing to delivery. Focus on your content, we handle the infrastructure."
    },
    "features": [
      "One-file deployment architecture for 50 Profitable Micro SaaS Ideas for 2026: Build & Launch ...",
      "Secure token-gated delivery for 50 Profitable Micro SaaS Ideas for 2026: Build & Launch ...",
      "Conversion-optimized landing components for 50 Profitable Micro SaaS Ideas for 2026: Build & Launch ...",
      "Built-in analytics & tracking for 50 Profitable Micro SaaS Ideas for 2026: Build & Launch ...",
      "Automated promotion asset generator for 50 Profitable Micro SaaS Ideas for 2026: Build & Launch ..."
    ],
    "benefits": [
      "Ship faster with ready 50 Profitable Micro SaaS Ideas for 2026: Build & Launch ... templates",
      "Increase conversion with clear 50 Profitable Micro SaaS Ideas for 2026: Build & Launch ... value prop",
      "Operate with predictable 50 Profitable Micro SaaS Ideas for 2026: Build & Launch ... delivery flow",
      "Scale experimentation with simple 50 Profitable Micro SaaS Ideas for 2026: Build & Launch ... A/B hooks"
    ],
    "pricing": {
      "tier_name": "Standard Access",
      "price": "$59.00"
    },
    "faq": [
      {
        "q": "What is included?",
        "a": "You get the full landing page, the 50 Profitable Micro SaaS Ideas for 2026: Build & Launch ... guide, and automated delivery setup."
      },
      {
        "q": "How do I deploy?",
        "a": "Upload to Vercel, Netlify, or any static host. No backend needed."
      },
      {
        "q": "Is it secure?",
        "a": "Yes, it uses wallet-based authentication for delivery gating."
      }
    ],
    "cta": {
      "text": "Get Started Now"
    },
    "design": {
      "theme": "dark",
      "primary_color": "#ef4444",
      "secondary_color": "#ef4444",
      "font_family": "system-ui, sans-serif",
      "layout_style": "professional"
    }
  },
  "assets": {
    "main_content_file": "product.pdf",
    "landing_page": "index.html"
  },
  "_injected_price": "$59.00",
  "_market_price": "$179.00",
  "price": "59",
  "offers": {
    "@type": "Offer",
    "price": "59.00"
  }
}