{
  "product_id": "20260219-012800-the-30-best-notion-second-brai",
  "output_dir": "d:\\auto\\MetaPassiveIncome_FINAL\\outputs\\20260219-012800-the-30-best-notion-second-brai",
  "main_asset": "d:\\auto\\MetaPassiveIncome_FINAL\\outputs\\20260219-012800-the-30-best-notion-second-brai\\index.html",
  "schema_path": "d:\\auto\\MetaPassiveIncome_FINAL\\outputs\\20260219-012800-the-30-best-notion-second-brai\\product_schema.json",
  "main_content_path": "d:\\auto\\MetaPassiveIncome_FINAL\\outputs\\20260219-012800-the-30-best-notion-second-brai\\product.pdf",
  "checksum": "b116ee1f5c54762194fbaadc2d9ee29285eb26425c85f254b589706d70728b1d",
  "generated_at": "20260219-012809",
  "status": "GENERATED_SUCCESS",
  "schema_driven": true,
  "notes": [
    "스키마 기반 생성 (product_schema.json)",
    "단일 파일 랜딩 페이지 (CSS/JS 내장)",
    "데이터 액션 라우터를 통한 버튼 기능"
  ]
}