{
  "product_id": "20260220-042304-digital-nomad-tax-haven-guide",
  "output_dir": "d:\\auto\\MetaPassiveIncome_FINAL\\outputs\\20260220-042304-digital-nomad-tax-haven-guide",
  "main_asset": "d:\\auto\\MetaPassiveIncome_FINAL\\outputs\\20260220-042304-digital-nomad-tax-haven-guide\\index.html",
  "schema_path": "d:\\auto\\MetaPassiveIncome_FINAL\\outputs\\20260220-042304-digital-nomad-tax-haven-guide\\product_schema.json",
  "main_content_path": "d:\\auto\\MetaPassiveIncome_FINAL\\outputs\\20260220-042304-digital-nomad-tax-haven-guide\\product.pdf",
  "checksum": "5ca18192dfa6ab25a5c040265adf5ba5a3a45e0e77aaa9f5d2f5cd911a80842a",
  "generated_at": "20260220-042324",
  "status": "GENERATED_SUCCESS",
  "schema_driven": true,
  "notes": [
    "스키마 기반 생성 (product_schema.json)",
    "단일 파일 랜딩 페이지 (CSS/JS 내장)",
    "데이터 액션 라우터를 통한 버튼 기능"
  ]
}