{
  "product_id": "20260219-233412-top-10-b2b-ecommerce-examples",
  "output_dir": "d:\\auto\\MetaPassiveIncome_FINAL\\outputs\\20260219-233412-top-10-b2b-ecommerce-examples",
  "main_asset": "d:\\auto\\MetaPassiveIncome_FINAL\\outputs\\20260219-233412-top-10-b2b-ecommerce-examples\\index.html",
  "schema_path": "d:\\auto\\MetaPassiveIncome_FINAL\\outputs\\20260219-233412-top-10-b2b-ecommerce-examples\\product_schema.json",
  "main_content_path": "d:\\auto\\MetaPassiveIncome_FINAL\\outputs\\20260219-233412-top-10-b2b-ecommerce-examples\\product.pdf",
  "checksum": "3835ceaf24d359631ddffdebe474f9dfa1a3ac0dcccd96c1d39b2e642b7cd407",
  "generated_at": "20260219-233423",
  "status": "GENERATED_SUCCESS",
  "schema_driven": true,
  "notes": [
    "스키마 기반 생성 (product_schema.json)",
    "단일 파일 랜딩 페이지 (CSS/JS 내장)",
    "데이터 액션 라우터를 통한 버튼 기능"
  ]
}