{
  "product_id": "20260219-233412-top-10-b2b-ecommerce-examples",
  "title": "Unlock Your Passive Income with Top 10 B2B Ecommerce Examples",
  "target_customer": "Creators and merchants interested in Top 10 B2B Ecommerce Examples",
  "value_proposition": "Leverage AI to create and sell digital products based on: Top 10 B2B Ecommerce Examples",
  "sections": {
    "hero": {
      "headline": "Unlock Your Passive Income with Top 10 B2B Ecommerce Examples",
      "subheadline": "Leverage AI to create and sell digital products based on: Top 10 B2B Ecommerce Examples"
    },
    "problem": {
      "description": "Generic e-commerce stores fail to build trust and suffer from high cart abandonment. Without a high-performance storefront, conversion remains stagnant."
    },
    "solution": {
      "description": "A conversion-optimized e-commerce engine with mobile-first UI, friction-free checkout, and built-in trust triggers. Built for modern digital merchants."
    },
    "features": [
      "Mobile-optimized high-speed landing UI for Top 10 B2B Ecommerce Examples",
      "Trust-building proof & badge templates for Top 10 B2B Ecommerce Examples",
      "Frictionless 1-click checkout flow for Top 10 B2B Ecommerce Examples",
      "Automated order confirmation & tracking for Top 10 B2B Ecommerce Examples",
      "Urgency & scarcity trigger system for Top 10 B2B Ecommerce Examples"
    ],
    "benefits": [
      "Ship faster with ready Top 10 B2B Ecommerce Examples templates",
      "Increase conversion with clear Top 10 B2B Ecommerce Examples value prop",
      "Operate with predictable Top 10 B2B Ecommerce Examples delivery flow",
      "Scale experimentation with simple Top 10 B2B Ecommerce Examples A/B hooks"
    ],
    "pricing": {
      "tier_name": "Standard Access",
      "price": "$29.00"
    },
    "faq": [
      {
        "q": "What is included?",
        "a": "You get the full landing page, the Top 10 B2B Ecommerce Examples guide, and automated delivery setup."
      },
      {
        "q": "How do I deploy?",
        "a": "Upload to Vercel, Netlify, or any static host. No backend needed."
      },
      {
        "q": "Is it secure?",
        "a": "Yes, it uses wallet-based authentication for delivery gating."
      }
    ],
    "cta": {
      "text": "Get Started Now"
    },
    "design": {
      "theme": "saas",
      "primary_color": "#6366f1",
      "secondary_color": "#6366f1",
      "font_family": "Georgia, serif",
      "layout_style": "creative"
    }
  },
  "assets": {
    "main_content_file": "product.pdf",
    "landing_page": "index.html"
  },
  "price": "29",
  "offers": {
    "@type": "Offer",
    "price": "29.00"
  },
  "_injected_price": "$29.00",
  "_market_price": "$49.00"
}