{
  "product_id": "20260213-112204-소셜-미디어-링크-인-바이오-페이지",
  "output_dir": "d:\\auto\\MetaPassiveIncome_FINAL\\outputs\\20260213-112204-소셜-미디어-링크-인-바이오-페이지",
  "main_asset": "d:\\auto\\MetaPassiveIncome_FINAL\\outputs\\20260213-112204-소셜-미디어-링크-인-바이오-페이지\\index.html",
  "schema_path": "d:\\auto\\MetaPassiveIncome_FINAL\\outputs\\20260213-112204-소셜-미디어-링크-인-바이오-페이지\\product_schema.json",
  "main_content_path": "d:\\auto\\MetaPassiveIncome_FINAL\\outputs\\20260213-112204-소셜-미디어-링크-인-바이오-페이지\\product.md",
  "checksum": "02011b834660d6fb3fd8ba72ea02520fbb138270d1c4ee5a43c5aa8449718629",
  "generated_at": "20260213-112204",
  "status": "GENERATED_SUCCESS",
  "schema_driven": true,
  "notes": [
    "스키마 기반 생성 (product_schema.json)",
    "단일 파일 랜딩 페이지 (CSS/JS 내장)",
    "데이터 액션 라우터를 통한 버튼 기능"
  ]
}