day,channel,hook,cta,keywords
1,Instagram,"Turn crypto payments into a predictable revenue system","Get the full premium guide + templates","web3 payments, digital product delivery"
2,X,"Avoid the top 5 mistakes when selling digital goods for crypto","Download the bundle and deploy today","conversion rate, funnel, landing page"
3,LinkedIn,"Privacy-first: reduce payment traceability in your ops","Use the checklist and avoid expensive errors","automation, ops, support macros"
4,Instagram,"Stop paying card fees — settle globally in minutes","Use the checklist and avoid expensive errors","crypto checkout, stablecoins, settlement"
5,X,"Stop paying card fees — settle globally in minutes","Download the bundle and deploy today","crypto checkout, stablecoins, settlement"
6,YouTube Shorts,"Avoid the top 5 mistakes when selling digital goods for crypto","Get the full premium guide + templates","crypto checkout, stablecoins, settlement"
7,Blog,"Upgrade conversion with trust blocks + proof metrics","Use the checklist and avoid expensive errors","web3 payments, digital product delivery"
8,Reddit,"From 0 to first 10 sales: a realistic 7-day launch plan","Get the full premium guide + templates","nowpayments, invoice, payment status"
9,LinkedIn,"From 0 to first 10 sales: a realistic 7-day launch plan","Download the bundle and deploy today","crypto checkout, stablecoins, settlement"
10,Instagram,"Upgrade conversion with trust blocks + proof metrics","Get the full premium guide + templates","crypto checkout, stablecoins, settlement"
11,Instagram,"Turn crypto payments into a predictable revenue system","Use the checklist and avoid expensive errors","automation, ops, support macros"
12,TikTok,"Turn crypto payments into a predictable revenue system","Download the bundle and deploy today","crypto checkout, stablecoins, settlement"
13,X,"Avoid the top 5 mistakes when selling digital goods for crypto","Use the checklist and avoid expensive errors","conversion rate, funnel, landing page"
14,LinkedIn,"From 0 to first 10 sales: a realistic 7-day launch plan","Get the full premium guide + templates","crypto checkout, stablecoins, settlement"
15,LinkedIn,"Upgrade conversion with trust blocks + proof metrics","Download the bundle and deploy today","crypto checkout, stablecoins, settlement"
16,TikTok,"Privacy-first: reduce payment traceability in your ops","Download the bundle and deploy today","nowpayments, invoice, payment status"
17,YouTube Shorts,"Privacy-first: reduce payment traceability in your ops","Copy the exact system and ship this week","web3 payments, digital product delivery"
18,LinkedIn,"Stop paying card fees — settle globally in minutes","Copy the exact system and ship this week","crypto checkout, stablecoins, settlement"
19,Instagram,"Upgrade conversion with trust blocks + proof metrics","Download the bundle and deploy today","crypto checkout, stablecoins, settlement"
20,LinkedIn,"Upgrade conversion with trust blocks + proof metrics","Get the full premium guide + templates","conversion rate, funnel, landing page"
21,X,"Stop paying card fees — settle globally in minutes","Get the full premium guide + templates","crypto checkout, stablecoins, settlement"
22,Instagram,"From 0 to first 10 sales: a realistic 7-day launch plan","Download the bundle and deploy today","nowpayments, invoice, payment status"
23,X,"Upgrade conversion with trust blocks + proof metrics","Get the full premium guide + templates","nowpayments, invoice, payment status"
24,LinkedIn,"Upgrade conversion with trust blocks + proof metrics","Download the bundle and deploy today","conversion rate, funnel, landing page"
25,Instagram,"Turn crypto payments into a predictable revenue system","Copy the exact system and ship this week","conversion rate, funnel, landing page"
26,Blog,"Privacy-first: reduce payment traceability in your ops","Copy the exact system and ship this week","automation, ops, support macros"
27,TikTok,"Privacy-first: reduce payment traceability in your ops","Download the bundle and deploy today","web3 payments, digital product delivery"
28,Instagram,"From 0 to first 10 sales: a realistic 7-day launch plan","Copy the exact system and ship this week","conversion rate, funnel, landing page"
29,YouTube Shorts,"Privacy-first: reduce payment traceability in your ops","Download the bundle and deploy today","web3 payments, digital product delivery"
30,TikTok,"Turn crypto payments into a predictable revenue system","Use the checklist and avoid expensive errors","nowpayments, invoice, payment status"
