{
  "product_id": "20260208-083602-ai-tool-launch-landing-page",
  "output_dir": "d:\\auto\\MetaPassiveIncome_FINAL\\outputs\\20260208-083602-ai-tool-launch-landing-page",
  "main_asset": "d:\\auto\\MetaPassiveIncome_FINAL\\outputs\\20260208-083602-ai-tool-launch-landing-page\\index.html",
  "schema_path": "d:\\auto\\MetaPassiveIncome_FINAL\\outputs\\20260208-083602-ai-tool-launch-landing-page\\product_schema.json",
  "main_content_path": "d:\\auto\\MetaPassiveIncome_FINAL\\outputs\\20260208-083602-ai-tool-launch-landing-page\\product.md",
  "checksum": "51985397d5d2854ac057d5aff534e3dc032ee76d1708c90328ee0c3e731abb40",
  "generated_at": "20260208-083602",
  "status": "GENERATED_SUCCESS",
  "schema_driven": true,
  "notes": [
    "스키마 기반 생성 (product_schema.json)",
    "단일 파일 랜딩 페이지 (CSS/JS 내장)",
    "데이터 액션 라우터를 통한 버튼 기능"
  ]
}