day,channel,hook,cta,keywords
1,Blog,"🌍 Global commerce without boundaries: Sell to anyone, anywhere, instantly.","✅ Get the checklist and avoid the expensive mistakes I made.","digital product delivery, privacy-first payments, conversion optimization"
2,Reddit,"🔥 Stop losing 3% to card fees — Settle globally in seconds, not days.","👉 Grab the Premium Bundle + Secret Templates [Limited Time]","crypto automation, instant settlement, web3 commerce"
3,LinkedIn,"🔒 Privacy is a feature, not a luxury. Reduce payment traceability today.","📥 Download the complete system and launch your store today.","digital product delivery, privacy-first payments, conversion optimization"
4,X,"🌍 Global commerce without boundaries: Sell to anyone, anywhere, instantly.","✅ Get the checklist and avoid the expensive mistakes I made.","nowpayments integration, automated fulfillment, high-ticket sales"
5,TikTok,"🔒 Privacy is a feature, not a luxury. Reduce payment traceability today.","📥 Download the complete system and launch your store today.","digital product delivery, privacy-first payments, conversion optimization"
6,YouTube Shorts,"🚀 Turn your crypto wallet into a high-performance revenue engine.","💰 Start accepting crypto like a pro — Download now.","nowpayments integration, automated fulfillment, high-ticket sales"
7,Blog,"💎 From zero to automated crypto sales: The exact 7-day blueprint.","💰 Start accepting crypto like a pro — Download now.","crypto automation, instant settlement, web3 commerce"
8,LinkedIn,"💎 From zero to automated crypto sales: The exact 7-day blueprint.","🛠 Copy my exact workflow and start shipping by tonight.","passive income system, crypto revenue, digital entrepreneurship"
9,YouTube Shorts,"⚠️ The #1 mistake digital sellers make with crypto (and how to fix it).","💰 Start accepting crypto like a pro — Download now.","crypto automation, instant settlement, web3 commerce"
10,TikTok,"🌍 Global commerce without boundaries: Sell to anyone, anywhere, instantly.","🛠 Copy my exact workflow and start shipping by tonight.","crypto automation, instant settlement, web3 commerce"
11,LinkedIn,"🔥 Stop losing 3% to card fees — Settle globally in seconds, not days.","👉 Grab the Premium Bundle + Secret Templates [Limited Time]","sales funnel design, trust-building metrics, automated operations"
12,LinkedIn,"🔒 Privacy is a feature, not a luxury. Reduce payment traceability today.","✅ Get the checklist and avoid the expensive mistakes I made.","nowpayments integration, automated fulfillment, high-ticket sales"
13,TikTok,"📈 Double your conversion rates with 'Trust Blocks' + Proof Metrics.","🛠 Copy my exact workflow and start shipping by tonight.","sales funnel design, trust-building metrics, automated operations"
14,TikTok,"🚀 Turn your crypto wallet into a high-performance revenue engine.","🛠 Copy my exact workflow and start shipping by tonight.","nowpayments integration, automated fulfillment, high-ticket sales"
15,TikTok,"💎 From zero to automated crypto sales: The exact 7-day blueprint.","✅ Get the checklist and avoid the expensive mistakes I made.","digital product delivery, privacy-first payments, conversion optimization"
16,Blog,"🌍 Global commerce without boundaries: Sell to anyone, anywhere, instantly.","📥 Download the complete system and launch your store today.","digital product delivery, privacy-first payments, conversion optimization"
17,X,"🚀 Turn your crypto wallet into a high-performance revenue engine.","💰 Start accepting crypto like a pro — Download now.","passive income system, crypto revenue, digital entrepreneurship"
18,LinkedIn,"🌍 Global commerce without boundaries: Sell to anyone, anywhere, instantly.","📥 Download the complete system and launch your store today.","passive income system, crypto revenue, digital entrepreneurship"
19,TikTok,"🌍 Global commerce without boundaries: Sell to anyone, anywhere, instantly.","✅ Get the checklist and avoid the expensive mistakes I made.","passive income system, crypto revenue, digital entrepreneurship"
20,X,"🔥 Stop losing 3% to card fees — Settle globally in seconds, not days.","👉 Grab the Premium Bundle + Secret Templates [Limited Time]","sales funnel design, trust-building metrics, automated operations"
21,X,"💎 From zero to automated crypto sales: The exact 7-day blueprint.","🛠 Copy my exact workflow and start shipping by tonight.","digital product delivery, privacy-first payments, conversion optimization"
22,LinkedIn,"🔥 Stop losing 3% to card fees — Settle globally in seconds, not days.","📥 Download the complete system and launch your store today.","nowpayments integration, automated fulfillment, high-ticket sales"
23,X,"🔥 Stop losing 3% to card fees — Settle globally in seconds, not days.","💰 Start accepting crypto like a pro — Download now.","nowpayments integration, automated fulfillment, high-ticket sales"
24,LinkedIn,"📈 Double your conversion rates with 'Trust Blocks' + Proof Metrics.","✅ Get the checklist and avoid the expensive mistakes I made.","crypto automation, instant settlement, web3 commerce"
25,LinkedIn,"🔒 Privacy is a feature, not a luxury. Reduce payment traceability today.","🛠 Copy my exact workflow and start shipping by tonight.","digital product delivery, privacy-first payments, conversion optimization"
26,TikTok,"💎 From zero to automated crypto sales: The exact 7-day blueprint.","💰 Start accepting crypto like a pro — Download now.","passive income system, crypto revenue, digital entrepreneurship"
27,Instagram,"🚀 Turn your crypto wallet into a high-performance revenue engine.","📥 Download the complete system and launch your store today.","digital product delivery, privacy-first payments, conversion optimization"
28,Blog,"🚀 Turn your crypto wallet into a high-performance revenue engine.","✅ Get the checklist and avoid the expensive mistakes I made.","crypto automation, instant settlement, web3 commerce"
29,Reddit,"💎 From zero to automated crypto sales: The exact 7-day blueprint.","💰 Start accepting crypto like a pro — Download now.","digital product delivery, privacy-first payments, conversion optimization"
30,Reddit,"🔥 Stop losing 3% to card fees — Settle globally in seconds, not days.","✅ Get the checklist and avoid the expensive mistakes I made.","crypto automation, instant settlement, web3 commerce"
