{
  "product_id": "20260208-091352-ai-tool-explainer-landing-page",
  "output_dir": "d:\\auto\\MetaPassiveIncome_FINAL\\outputs\\20260208-091352-ai-tool-explainer-landing-page",
  "main_asset": "d:\\auto\\MetaPassiveIncome_FINAL\\outputs\\20260208-091352-ai-tool-explainer-landing-page\\index.html",
  "schema_path": "d:\\auto\\MetaPassiveIncome_FINAL\\outputs\\20260208-091352-ai-tool-explainer-landing-page\\product_schema.json",
  "main_content_path": "d:\\auto\\MetaPassiveIncome_FINAL\\outputs\\20260208-091352-ai-tool-explainer-landing-page\\product.md",
  "checksum": "d05f4ea5cdb1a5aa92023215176007fb2c053376dea5ee592bc1dd27beb4db95",
  "generated_at": "20260208-091353",
  "status": "GENERATED_SUCCESS",
  "schema_driven": true,
  "notes": [
    "스키마 기반 생성 (product_schema.json)",
    "단일 파일 랜딩 페이지 (CSS/JS 내장)",
    "데이터 액션 라우터를 통한 버튼 기능"
  ]
}