{
  "product_id": "20260219-192339-best-digital-products-to-sell",
  "output_dir": "d:\\auto\\MetaPassiveIncome_FINAL\\outputs\\20260219-192339-best-digital-products-to-sell",
  "main_asset": "d:\\auto\\MetaPassiveIncome_FINAL\\outputs\\20260219-192339-best-digital-products-to-sell\\index.html",
  "schema_path": "d:\\auto\\MetaPassiveIncome_FINAL\\outputs\\20260219-192339-best-digital-products-to-sell\\product_schema.json",
  "main_content_path": "d:\\auto\\MetaPassiveIncome_FINAL\\outputs\\20260219-192339-best-digital-products-to-sell\\product.pdf",
  "checksum": "48b412c5fdbac5a554f275d75523c0801003f52bbf4355e117d018b68dffc5c7",
  "generated_at": "20260219-192349",
  "status": "GENERATED_SUCCESS",
  "schema_driven": true,
  "notes": [
    "스키마 기반 생성 (product_schema.json)",
    "단일 파일 랜딩 페이지 (CSS/JS 내장)",
    "데이터 액션 라우터를 통한 버튼 기능"
  ]
}