{
  "product_id": "20260219-192339-best-digital-products-to-sell",
  "title": "Unlock Your Passive Income with Best Digital Products to Sell in 2026 (Beginner to Advanced)",
  "target_customer": "Creators and merchants interested in Best Digital Products to Sell in 2026 (Beginner to Advanced)",
  "value_proposition": "Leverage AI to create and sell digital products based on: Best Digital Products to Sell in 2026 (Beginner to Advanced)",
  "sections": {
    "hero": {
      "headline": "Unlock Your Passive Income with Best Digital Products to Sell in 2026 (Beginner to Advanced)",
      "subheadline": "Leverage AI to create and sell digital products based on: Best Digital Products to Sell in 2026 (Beginner to Advanced)"
    },
    "problem": {
      "description": "Most marketing assets are generic and fail to convert. Without a high-converting system, traffic is wasted and acquisition costs skyrocket."
    },
    "solution": {
      "description": "A results-driven marketing vault with proven hooks, structured landing templates, and conversion-optimized copy. Designed for rapid scale."
    },
    "features": [
      "High-converting hook & headline library for Best Digital Products to Sell in 2026 (Beginner to Advanced)",
      "A/B test ready landing page templates for Best Digital Products to Sell in 2026 (Beginner to Advanced)",
      "Psychology-based sales copy frameworks for Best Digital Products to Sell in 2026 (Beginner to Advanced)",
      "Social proof & proof-block templates for Best Digital Products to Sell in 2026 (Beginner to Advanced)",
      "Multi-channel promotion sequences for Best Digital Products to Sell in 2026 (Beginner to Advanced)"
    ],
    "benefits": [
      "Ship faster with ready Best Digital Products to Sell in 2026 (Beginner to Advanced) templates",
      "Increase conversion with clear Best Digital Products to Sell in 2026 (Beginner to Advanced) value prop",
      "Operate with predictable Best Digital Products to Sell in 2026 (Beginner to Advanced) delivery flow",
      "Scale experimentation with simple Best Digital Products to Sell in 2026 (Beginner to Advanced) A/B hooks"
    ],
    "pricing": {
      "tier_name": "Standard Access",
      "price": "$29.00"
    },
    "faq": [
      {
        "q": "What is included?",
        "a": "You get the full landing page, the Best Digital Products to Sell in 2026 (Beginner to Advanced) guide, and automated delivery setup."
      },
      {
        "q": "How do I deploy?",
        "a": "Upload to Vercel, Netlify, or any static host. No backend needed."
      },
      {
        "q": "Is it secure?",
        "a": "Yes, it uses wallet-based authentication for delivery gating."
      }
    ],
    "cta": {
      "text": "Get Started Now"
    },
    "design": {
      "theme": "elegant",
      "primary_color": "#ef4444",
      "secondary_color": "#ef4444",
      "font_family": "system-ui, sans-serif",
      "layout_style": "professional"
    }
  },
  "assets": {
    "main_content_file": "product.pdf",
    "landing_page": "index.html"
  },
  "price": "29",
  "_injected_price": "$29.00",
  "offers": {
    "@type": "Offer",
    "price": "29.00",
    "priceCurrency": "USD"
  },
  "_market_price": "$49.00",
  "market_analysis": {
    "category": "Standard Digital Asset",
    "market_price": 49,
    "our_price": 29,
    "desc": "High-quality digital resource"
  }
}