{
  "product_id": "20260219-113455-notion",
  "output_dir": "d:\\auto\\MetaPassiveIncome_FINAL\\outputs\\20260219-113455-notion",
  "main_asset": "d:\\auto\\MetaPassiveIncome_FINAL\\outputs\\20260219-113455-notion\\index.html",
  "schema_path": "d:\\auto\\MetaPassiveIncome_FINAL\\outputs\\20260219-113455-notion\\product_schema.json",
  "main_content_path": "d:\\auto\\MetaPassiveIncome_FINAL\\outputs\\20260219-113455-notion\\product.pdf",
  "checksum": "37aa37820f92680cfdbf2bc0810de50e067cb20a63f0002ee74b53d3ae120b0a",
  "generated_at": "20260219-113508",
  "status": "GENERATED_SUCCESS",
  "schema_driven": true,
  "notes": [
    "스키마 기반 생성 (product_schema.json)",
    "단일 파일 랜딩 페이지 (CSS/JS 내장)",
    "데이터 액션 라우터를 통한 버튼 기능"
  ]
}