{
  "product_id": "20260213-085126-ai-passive-income",
  "output_dir": "d:\\auto\\MetaPassiveIncome_FINAL\\outputs\\20260213-085126-ai-passive-income",
  "main_asset": "d:\\auto\\MetaPassiveIncome_FINAL\\outputs\\20260213-085126-ai-passive-income\\index.html",
  "schema_path": "d:\\auto\\MetaPassiveIncome_FINAL\\outputs\\20260213-085126-ai-passive-income\\product_schema.json",
  "main_content_path": "d:\\auto\\MetaPassiveIncome_FINAL\\outputs\\20260213-085126-ai-passive-income\\product.md",
  "checksum": "3d9e71e67f67ca45f272ca133e3f248045499b27427ddbb1a682fcee073f7474",
  "generated_at": "20260213-085126",
  "status": "GENERATED_SUCCESS",
  "schema_driven": true,
  "notes": [
    "스키마 기반 생성 (product_schema.json)",
    "단일 파일 랜딩 페이지 (CSS/JS 내장)",
    "데이터 액션 라우터를 통한 버튼 기능"
  ]
}