{
  "product_id": "20260220-062438-10-best-b-2-b-marketing-tiktok",
  "title": "Unlock Your Passive Income with 10 Best B 2 B Marketing TikTok Examples",
  "target_customer": "Creators and merchants interested in 10 Best B 2 B Marketing TikTok Examples",
  "value_proposition": "Leverage AI to create and sell digital products based on: 10 Best B 2 B Marketing TikTok Examples",
  "sections": {
    "hero": {
      "headline": "Unlock Your Passive Income with 10 Best B 2 B Marketing TikTok Examples",
      "subheadline": "Leverage AI to create and sell digital products based on: 10 Best B 2 B Marketing TikTok Examples"
    },
    "problem": {
      "description": "Most marketing assets are generic and fail to convert. Without a high-converting system, traffic is wasted and acquisition costs skyrocket."
    },
    "solution": {
      "description": "A results-driven marketing vault with proven hooks, structured landing templates, and conversion-optimized copy. Designed for rapid scale."
    },
    "features": [
      "High-converting hook & headline library for 10 Best B 2 B Marketing TikTok Examples",
      "A/B test ready landing page templates for 10 Best B 2 B Marketing TikTok Examples",
      "Psychology-based sales copy frameworks for 10 Best B 2 B Marketing TikTok Examples",
      "Social proof & proof-block templates for 10 Best B 2 B Marketing TikTok Examples",
      "Multi-channel promotion sequences for 10 Best B 2 B Marketing TikTok Examples"
    ],
    "benefits": [
      "Ship faster with ready 10 Best B 2 B Marketing TikTok Examples templates",
      "Increase conversion with clear 10 Best B 2 B Marketing TikTok Examples value prop",
      "Operate with predictable 10 Best B 2 B Marketing TikTok Examples delivery flow",
      "Scale experimentation with simple 10 Best B 2 B Marketing TikTok Examples A/B hooks"
    ],
    "pricing": {
      "tier_name": "Standard Access",
      "price": "$49.00"
    },
    "faq": [
      {
        "q": "What is included?",
        "a": "You get the full landing page, the 10 Best B 2 B Marketing TikTok Examples guide, and automated delivery setup."
      },
      {
        "q": "How do I deploy?",
        "a": "Upload to Vercel, Netlify, or any static host. No backend needed."
      },
      {
        "q": "Is it secure?",
        "a": "Yes, it uses wallet-based authentication for delivery gating."
      }
    ],
    "cta": {
      "text": "Get Started Now"
    },
    "design": {
      "theme": "minimal",
      "primary_color": "#8b5cf6",
      "secondary_color": "#8b5cf6",
      "font_family": "Georgia, serif",
      "layout_style": "creative"
    }
  },
  "assets": {
    "main_content_file": "product.pdf",
    "landing_page": "index.html"
  }
}