{
  "product_id": "20260215-130406-ai-driven-product-flipping",
  "output_dir": "d:\\auto\\MetaPassiveIncome_FINAL\\outputs\\20260215-130406-ai-driven-product-flipping",
  "main_asset": "d:\\auto\\MetaPassiveIncome_FINAL\\outputs\\20260215-130406-ai-driven-product-flipping\\index.html",
  "schema_path": "d:\\auto\\MetaPassiveIncome_FINAL\\outputs\\20260215-130406-ai-driven-product-flipping\\product_schema.json",
  "main_content_path": "d:\\auto\\MetaPassiveIncome_FINAL\\outputs\\20260215-130406-ai-driven-product-flipping\\product.pdf",
  "checksum": "ccfa66ee30cea0aa146f07ae047e56895bb46b5c1f9512420d09c46abc403506",
  "generated_at": "20260215-130406",
  "status": "GENERATED_SUCCESS",
  "schema_driven": true,
  "notes": [
    "스키마 기반 생성 (product_schema.json)",
    "단일 파일 랜딩 페이지 (CSS/JS 내장)",
    "데이터 액션 라우터를 통한 버튼 기능"
  ]
}