{
  "product_id": "20260215-130406-ai-driven-product-flipping",
  "title": "Unlock Your Passive Income with AI-Driven-Product-Flipping",
  "target_customer": "Creators and merchants interested in AI-Driven-Product-Flipping",
  "value_proposition": "Leverage AI to create and sell digital products based on: AI-Driven-Product-Flipping",
  "sections": {
    "hero": {
      "headline": "Unlock Your Passive Income with AI-Driven-Product-Flipping",
      "subheadline": "Leverage AI to create and sell digital products based on: AI-Driven-Product-Flipping"
    },
    "problem": {
      "description": "Manual AI workflows are slow and error-prone. Without a structured automation system, scaling AI-driven tasks leads to inconsistent quality and high operational costs."
    },
    "solution": {
      "description": "A robust AI automation framework with pre-built prompt templates, error-handling logic, and automated quality gates. Designed for high-scale AI operations."
    },
    "features": [
      "Hardened prompt engineering library for AI-Driven-Product-Flipping",
      "Automated quality gate & validation logic for AI-Driven-Product-Flipping",
      "Rate-limit & retry handling system for AI-Driven-Product-Flipping",
      "Structured output (JSON/Markdown) templates for AI-Driven-Product-Flipping",
      "AI-to-Human handoff workflows for AI-Driven-Product-Flipping"
    ],
    "benefits": [
      "Ship faster with ready AI-Driven-Product-Flipping templates",
      "Increase conversion with clear AI-Driven-Product-Flipping value prop",
      "Operate with predictable AI-Driven-Product-Flipping delivery flow",
      "Scale experimentation with simple AI-Driven-Product-Flipping A/B hooks"
    ],
    "pricing": {
      "tier_name": "Standard Access",
      "price": "$29.00"
    },
    "faq": [
      {
        "q": "What is included?",
        "a": "You get the full landing page, the AI-Driven-Product-Flipping guide, and automated delivery setup."
      },
      {
        "q": "How do I deploy?",
        "a": "Upload to Vercel, Netlify, or any static host. No backend needed."
      },
      {
        "q": "Is it secure?",
        "a": "Yes, it uses wallet-based authentication for delivery gating."
      }
    ],
    "cta": {
      "text": "Get Started Now"
    },
    "design": {
      "theme": "landing",
      "primary_color": "#8b5cf6",
      "secondary_color": "#8b5cf6",
      "font_family": "Roboto, sans-serif",
      "layout_style": "bold"
    }
  },
  "assets": {
    "main_content_file": "product.pdf",
    "landing_page": "index.html"
  },
  "_injected_price": "$29.00",
  "metadata": {
    "final_price_usd": 29.0
  },
  "price": "29",
  "offers": {
    "@type": "Offer",
    "price": "29.00",
    "priceCurrency": "USD"
  },
  "_market_price": "$49.00",
  "market_analysis": {
    "category": "Standard Digital Asset",
    "market_price": 49,
    "our_price": 29,
    "desc": "High-quality digital resource"
  }
}