{
  "product_id": "20260219-131443-18-best-digital-product-niches",
  "title": "Unlock Your Passive Income with 18 Best Digital Product Niches in 2025",
  "target_customer": "Creators and merchants interested in 18 Best Digital Product Niches in 2025",
  "value_proposition": "Leverage AI to create and sell digital products based on: 18 Best Digital Product Niches in 2025",
  "sections": {
    "hero": {
      "headline": "Unlock Your Passive Income with 18 Best Digital Product Niches in 2025",
      "subheadline": "Leverage AI to create and sell digital products based on: 18 Best Digital Product Niches in 2025"
    },
    "problem": {
      "description": "Generic e-commerce stores fail to build trust and suffer from high cart abandonment. Without a high-performance storefront, conversion remains stagnant."
    },
    "solution": {
      "description": "A conversion-optimized e-commerce engine with mobile-first UI, friction-free checkout, and built-in trust triggers. Built for modern digital merchants."
    },
    "features": [
      "Mobile-optimized high-speed landing UI for 18 Best Digital Product Niches in 2025",
      "Trust-building proof & badge templates for 18 Best Digital Product Niches in 2025",
      "Frictionless 1-click checkout flow for 18 Best Digital Product Niches in 2025",
      "Automated order confirmation & tracking for 18 Best Digital Product Niches in 2025",
      "Urgency & scarcity trigger system for 18 Best Digital Product Niches in 2025"
    ],
    "benefits": [
      "Ship faster with ready 18 Best Digital Product Niches in 2025 templates",
      "Increase conversion with clear 18 Best Digital Product Niches in 2025 value prop",
      "Operate with predictable 18 Best Digital Product Niches in 2025 delivery flow",
      "Scale experimentation with simple 18 Best Digital Product Niches in 2025 A/B hooks"
    ],
    "pricing": {
      "tier_name": "Standard Access",
      "price": "$19.00"
    },
    "faq": [
      {
        "q": "What is included?",
        "a": "You get the full landing page, the 18 Best Digital Product Niches in 2025 guide, and automated delivery setup."
      },
      {
        "q": "How do I deploy?",
        "a": "Upload to Vercel, Netlify, or any static host. No backend needed."
      },
      {
        "q": "Is it secure?",
        "a": "Yes, it uses wallet-based authentication for delivery gating."
      }
    ],
    "cta": {
      "text": "Get Started Now"
    },
    "design": {
      "theme": "elegant",
      "primary_color": "#ef4444",
      "secondary_color": "#ef4444",
      "font_family": "Inter, sans-serif",
      "layout_style": "minimalist"
    }
  },
  "assets": {
    "main_content_file": "product.pdf",
    "landing_page": "index.html"
  }
}