{
  "product_id": "20260219-005756-15-profitable-digital-products",
  "title": "Unlock Your Passive Income with 15 Profitable Digital Products to Create with AI in 2025 (That Actually ...",
  "target_customer": "Creators and merchants interested in 15 Profitable Digital Products to Create with AI in 2025 (That Actually ...",
  "value_proposition": "Leverage AI to create and sell digital products based on: 15 Profitable Digital Products to Create with AI in 2025 (That Actually ...",
  "sections": {
    "hero": {
      "headline": "Unlock Your Passive Income with 15 Profitable Digital Products to Create with AI in 2025 (That Actually ...",
      "subheadline": "Leverage AI to create and sell digital products based on: 15 Profitable Digital Products to Create with AI in 2025 (That Actually ..."
    },
    "problem": {
      "description": "Manual AI workflows are slow and error-prone. Without a structured automation system, scaling AI-driven tasks leads to inconsistent quality and high operational costs."
    },
    "solution": {
      "description": "A robust AI automation framework with pre-built prompt templates, error-handling logic, and automated quality gates. Designed for high-scale AI operations."
    },
    "features": [
      "Hardened prompt engineering library for 15 Profitable Digital Products to Create with AI in 2025 (That Actually ...",
      "Automated quality gate & validation logic for 15 Profitable Digital Products to Create with AI in 2025 (That Actually ...",
      "Rate-limit & retry handling system for 15 Profitable Digital Products to Create with AI in 2025 (That Actually ...",
      "Structured output (JSON/Markdown) templates for 15 Profitable Digital Products to Create with AI in 2025 (That Actually ...",
      "AI-to-Human handoff workflows for 15 Profitable Digital Products to Create with AI in 2025 (That Actually ..."
    ],
    "benefits": [
      "Ship faster with ready 15 Profitable Digital Products to Create with AI in 2025 (That Actually ... templates",
      "Increase conversion with clear 15 Profitable Digital Products to Create with AI in 2025 (That Actually ... value prop",
      "Operate with predictable 15 Profitable Digital Products to Create with AI in 2025 (That Actually ... delivery flow",
      "Scale experimentation with simple 15 Profitable Digital Products to Create with AI in 2025 (That Actually ... A/B hooks"
    ],
    "pricing": {
      "tier_name": "Standard Access",
      "price": "$49.00"
    },
    "faq": [
      {
        "q": "What is included?",
        "a": "You get the full landing page, the 15 Profitable Digital Products to Create with AI in 2025 (That Actually ... guide, and automated delivery setup."
      },
      {
        "q": "How do I deploy?",
        "a": "Upload to Vercel, Netlify, or any static host. No backend needed."
      },
      {
        "q": "Is it secure?",
        "a": "Yes, it uses wallet-based authentication for delivery gating."
      }
    ],
    "cta": {
      "text": "Get Started Now"
    },
    "design": {
      "theme": "dark",
      "primary_color": "#ef4444",
      "secondary_color": "#ef4444",
      "font_family": "Inter, sans-serif",
      "layout_style": "minimalist"
    }
  },
  "assets": {
    "main_content_file": "product.pdf",
    "landing_page": "index.html"
  }
}