{
  "product_id": "20260214-133737-ai-powered-passive-income-syst",
  "created_at": "2026-02-14T04:37:38Z",
  "files": [
    "blog_longform.md",
    "blog_outline.md",
    "blog_post.md",
    "instagram_post.txt",
    "linkedin_posts.txt",
    "newsletter_email.txt",
    "promo_calendar_30d.csv",
    "promo_pack.zip",
    "reddit_posts.txt",
    "sales_page_copy.md",
    "seo.txt",
    "shortform_scripts.txt",
    "shortform_video_script.txt",
    "x_posts.txt",
    "x_threads.txt"
  ],
  "validation": {
    "passed": true,
    "score": 0.9714285714285715,
    "feedback": [],
    "schema_errors": []
  }
}