{
  "product_id": "20260213-112047-freelancer-small-agency-servic",
  "output_dir": "d:\\auto\\MetaPassiveIncome_FINAL\\outputs\\20260213-112047-freelancer-small-agency-servic",
  "main_asset": "d:\\auto\\MetaPassiveIncome_FINAL\\outputs\\20260213-112047-freelancer-small-agency-servic\\index.html",
  "schema_path": "d:\\auto\\MetaPassiveIncome_FINAL\\outputs\\20260213-112047-freelancer-small-agency-servic\\product_schema.json",
  "main_content_path": "d:\\auto\\MetaPassiveIncome_FINAL\\outputs\\20260213-112047-freelancer-small-agency-servic\\product.md",
  "checksum": "53aba282742abecb7cf9b5168a792bb3aa653223d66f710e439554d54772d7b0",
  "generated_at": "20260213-112047",
  "status": "GENERATED_SUCCESS",
  "schema_driven": true,
  "notes": [
    "스키마 기반 생성 (product_schema.json)",
    "단일 파일 랜딩 페이지 (CSS/JS 내장)",
    "데이터 액션 라우터를 통한 버튼 기능"
  ]
}