day,channel,hook,cta,keywords
1,LinkedIn,"Upgrade conversion with trust blocks + proof metrics","Download the bundle and deploy today","conversion rate, funnel, landing page"
2,TikTok,"Turn crypto payments into a predictable revenue system","Use the checklist and avoid expensive errors","nowpayments, invoice, payment status"
3,Blog,"Upgrade conversion with trust blocks + proof metrics","Download the bundle and deploy today","web3 payments, digital product delivery"
4,LinkedIn,"Turn crypto payments into a predictable revenue system","Download the bundle and deploy today","crypto checkout, stablecoins, settlement"
5,X,"Upgrade conversion with trust blocks + proof metrics","Download the bundle and deploy today","web3 payments, digital product delivery"
6,TikTok,"Upgrade conversion with trust blocks + proof metrics","Get the full premium guide + templates","nowpayments, invoice, payment status"
7,LinkedIn,"Avoid the top 5 mistakes when selling digital goods for crypto","Download the bundle and deploy today","nowpayments, invoice, payment status"
8,Instagram,"Turn crypto payments into a predictable revenue system","Use the checklist and avoid expensive errors","automation, ops, support macros"
9,YouTube Shorts,"Stop paying card fees — settle globally in minutes","Download the bundle and deploy today","web3 payments, digital product delivery"
10,LinkedIn,"Avoid the top 5 mistakes when selling digital goods for crypto","Use the checklist and avoid expensive errors","nowpayments, invoice, payment status"
11,X,"Stop paying card fees — settle globally in minutes","Use the checklist and avoid expensive errors","crypto checkout, stablecoins, settlement"
12,LinkedIn,"Stop paying card fees — settle globally in minutes","Download the bundle and deploy today","crypto checkout, stablecoins, settlement"
13,LinkedIn,"From 0 to first 10 sales: a realistic 7-day launch plan","Get the full premium guide + templates","crypto checkout, stablecoins, settlement"
14,YouTube Shorts,"From 0 to first 10 sales: a realistic 7-day launch plan","Download the bundle and deploy today","conversion rate, funnel, landing page"
15,Instagram,"Upgrade conversion with trust blocks + proof metrics","Download the bundle and deploy today","web3 payments, digital product delivery"
16,Instagram,"Upgrade conversion with trust blocks + proof metrics","Copy the exact system and ship this week","automation, ops, support macros"
17,Reddit,"Turn crypto payments into a predictable revenue system","Use the checklist and avoid expensive errors","conversion rate, funnel, landing page"
18,YouTube Shorts,"Upgrade conversion with trust blocks + proof metrics","Get the full premium guide + templates","nowpayments, invoice, payment status"
19,TikTok,"Turn crypto payments into a predictable revenue system","Download the bundle and deploy today","web3 payments, digital product delivery"
20,X,"Upgrade conversion with trust blocks + proof metrics","Use the checklist and avoid expensive errors","automation, ops, support macros"
21,YouTube Shorts,"Privacy-first: reduce payment traceability in your ops","Use the checklist and avoid expensive errors","nowpayments, invoice, payment status"
22,Reddit,"Stop paying card fees — settle globally in minutes","Get the full premium guide + templates","automation, ops, support macros"
23,LinkedIn,"Avoid the top 5 mistakes when selling digital goods for crypto","Download the bundle and deploy today","crypto checkout, stablecoins, settlement"
24,LinkedIn,"Upgrade conversion with trust blocks + proof metrics","Download the bundle and deploy today","automation, ops, support macros"
25,TikTok,"From 0 to first 10 sales: a realistic 7-day launch plan","Use the checklist and avoid expensive errors","automation, ops, support macros"
26,Blog,"Avoid the top 5 mistakes when selling digital goods for crypto","Download the bundle and deploy today","nowpayments, invoice, payment status"
27,Instagram,"Upgrade conversion with trust blocks + proof metrics","Get the full premium guide + templates","nowpayments, invoice, payment status"
28,X,"Avoid the top 5 mistakes when selling digital goods for crypto","Use the checklist and avoid expensive errors","conversion rate, funnel, landing page"
29,Reddit,"Turn crypto payments into a predictable revenue system","Copy the exact system and ship this week","nowpayments, invoice, payment status"
30,Reddit,"Upgrade conversion with trust blocks + proof metrics","Get the full premium guide + templates","crypto checkout, stablecoins, settlement"
