{
  "product_id": "20260213-111041-소셜-미디어-링크-인-바이오-페이지",
  "output_dir": "d:\\auto\\MetaPassiveIncome_FINAL\\outputs\\20260213-111041-소셜-미디어-링크-인-바이오-페이지",
  "main_asset": "d:\\auto\\MetaPassiveIncome_FINAL\\outputs\\20260213-111041-소셜-미디어-링크-인-바이오-페이지\\index.html",
  "schema_path": "d:\\auto\\MetaPassiveIncome_FINAL\\outputs\\20260213-111041-소셜-미디어-링크-인-바이오-페이지\\product_schema.json",
  "main_content_path": "d:\\auto\\MetaPassiveIncome_FINAL\\outputs\\20260213-111041-소셜-미디어-링크-인-바이오-페이지\\product.md",
  "checksum": "a3730e4614262d4305bf6072225e95762cff028e20c0a29e676586b6aba71562",
  "generated_at": "20260213-111042",
  "status": "GENERATED_SUCCESS",
  "schema_driven": true,
  "notes": [
    "스키마 기반 생성 (product_schema.json)",
    "단일 파일 랜딩 페이지 (CSS/JS 내장)",
    "데이터 액션 라우터를 통한 버튼 기능"
  ]
}