{
  "product_id": "20260213-150217-freelancer-small-agency-servic",
  "output_dir": "d:\\auto\\MetaPassiveIncome_FINAL\\outputs\\20260213-150217-freelancer-small-agency-servic",
  "main_asset": "d:\\auto\\MetaPassiveIncome_FINAL\\outputs\\20260213-150217-freelancer-small-agency-servic\\index.html",
  "schema_path": "d:\\auto\\MetaPassiveIncome_FINAL\\outputs\\20260213-150217-freelancer-small-agency-servic\\product_schema.json",
  "main_content_path": "d:\\auto\\MetaPassiveIncome_FINAL\\outputs\\20260213-150217-freelancer-small-agency-servic\\product.md",
  "checksum": "6b7021a81931ae9c47d865b767756e73e3108308b1d50739da0eff140addf533",
  "generated_at": "20260213-150217",
  "status": "GENERATED_SUCCESS",
  "schema_driven": true,
  "notes": [
    "스키마 기반 생성 (product_schema.json)",
    "단일 파일 랜딩 페이지 (CSS/JS 내장)",
    "데이터 액션 라우터를 통한 버튼 기능"
  ]
}