{
  "product_id": "20260219-222758-top-shopify-themes-for-2026-be",
  "title": "Unlock Your Passive Income with Top Shopify Themes for 2026: Best Themes for Speed, SEO, and ...",
  "target_customer": "Creators and merchants interested in Top Shopify Themes for 2026: Best Themes for Speed, SEO, and ...",
  "value_proposition": "Leverage AI to create and sell digital products based on: Top Shopify Themes for 2026: Best Themes for Speed, SEO, and ...",
  "sections": {
    "hero": {
      "headline": "Unlock Your Passive Income with Top Shopify Themes for 2026: Best Themes for Speed, SEO, and ...",
      "subheadline": "Leverage AI to create and sell digital products based on: Top Shopify Themes for 2026: Best Themes for Speed, SEO, and ..."
    },
    "problem": {
      "description": "Generic e-commerce stores fail to build trust and suffer from high cart abandonment. Without a high-performance storefront, conversion remains stagnant."
    },
    "solution": {
      "description": "A conversion-optimized e-commerce engine with mobile-first UI, friction-free checkout, and built-in trust triggers. Built for modern digital merchants."
    },
    "features": [
      "Mobile-optimized high-speed landing UI for Top Shopify Themes for 2026: Best Themes for Speed, SEO, and ...",
      "Trust-building proof & badge templates for Top Shopify Themes for 2026: Best Themes for Speed, SEO, and ...",
      "Frictionless 1-click checkout flow for Top Shopify Themes for 2026: Best Themes for Speed, SEO, and ...",
      "Automated order confirmation & tracking for Top Shopify Themes for 2026: Best Themes for Speed, SEO, and ...",
      "Urgency & scarcity trigger system for Top Shopify Themes for 2026: Best Themes for Speed, SEO, and ..."
    ],
    "benefits": [
      "Ship faster with ready Top Shopify Themes for 2026: Best Themes for Speed, SEO, and ... templates",
      "Increase conversion with clear Top Shopify Themes for 2026: Best Themes for Speed, SEO, and ... value prop",
      "Operate with predictable Top Shopify Themes for 2026: Best Themes for Speed, SEO, and ... delivery flow",
      "Scale experimentation with simple Top Shopify Themes for 2026: Best Themes for Speed, SEO, and ... A/B hooks"
    ],
    "pricing": {
      "tier_name": "Standard Access",
      "price": "$19.00"
    },
    "faq": [
      {
        "q": "What is included?",
        "a": "You get the full landing page, the Top Shopify Themes for 2026: Best Themes for Speed, SEO, and ... guide, and automated delivery setup."
      },
      {
        "q": "How do I deploy?",
        "a": "Upload to Vercel, Netlify, or any static host. No backend needed."
      },
      {
        "q": "Is it secure?",
        "a": "Yes, it uses wallet-based authentication for delivery gating."
      }
    ],
    "cta": {
      "text": "Get Started Now"
    },
    "design": {
      "theme": "minimal",
      "primary_color": "#00b4ff",
      "secondary_color": "#00b4ff",
      "font_family": "system-ui, sans-serif",
      "layout_style": "professional"
    }
  },
  "assets": {
    "main_content_file": "product.pdf",
    "landing_page": "index.html"
  },
  "_injected_price": "$19.00",
  "_market_price": "$49.00",
  "market_analysis": {
    "category": "Template / Landing Page",
    "market_price": 49,
    "our_price": 19,
    "desc": "Ready-to-use web templates"
  },
  "price": "19",
  "offers": {
    "@type": "Offer",
    "price": "19.00"
  }
}