{
  "product_id": "20260220-042938-zero-knowledge-proofs-for-begi",
  "title": "Unlock Your Passive Income with Zero-Knowledge Proofs for Beginners: Privacy in Blockchain",
  "target_customer": "Creators and merchants interested in Zero-Knowledge Proofs for Beginners: Privacy in Blockchain",
  "value_proposition": "Leverage AI to create and sell digital products based on: Zero-Knowledge Proofs for Beginners: Privacy in Blockchain",
  "sections": {
    "hero": {
      "headline": "Unlock Your Passive Income with Zero-Knowledge Proofs for Beginners: Privacy in Blockchain",
      "subheadline": "Leverage AI to create and sell digital products based on: Zero-Knowledge Proofs for Beginners: Privacy in Blockchain"
    },
    "problem": {
      "description": "Traditional digital commerce is plagued by high fees, slow settlements, and platform risk. Web3 offers a solution, but technical complexity prevents mass adoption."
    },
    "solution": {
      "description": "A hardened Web3 commerce stack that simplifies crypto payments, token-gated access, and decentralized delivery. Designed for the next generation of digital entrepreneurs."
    },
    "features": [
      "Multi-chain crypto payment gateway for Zero-Knowledge Proofs for Beginners: Privacy in Blockchain",
      "Automated token-gating & access control for Zero-Knowledge Proofs for Beginners: Privacy in Blockchain",
      "Non-custodial digital asset delivery for Zero-Knowledge Proofs for Beginners: Privacy in Blockchain",
      "Real-time blockchain event monitoring for Zero-Knowledge Proofs for Beginners: Privacy in Blockchain",
      "Gas-optimized smart contract templates for Zero-Knowledge Proofs for Beginners: Privacy in Blockchain"
    ],
    "benefits": [
      "Ship faster with ready Zero-Knowledge Proofs for Beginners: Privacy in Blockchain templates",
      "Increase conversion with clear Zero-Knowledge Proofs for Beginners: Privacy in Blockchain value prop",
      "Operate with predictable Zero-Knowledge Proofs for Beginners: Privacy in Blockchain delivery flow",
      "Scale experimentation with simple Zero-Knowledge Proofs for Beginners: Privacy in Blockchain A/B hooks"
    ],
    "pricing": {
      "tier_name": "Standard Access",
      "price": "$49.00"
    },
    "faq": [
      {
        "q": "What is included?",
        "a": "You get the full landing page, the Zero-Knowledge Proofs for Beginners: Privacy in Blockchain guide, and automated delivery setup."
      },
      {
        "q": "How do I deploy?",
        "a": "Upload to Vercel, Netlify, or any static host. No backend needed."
      },
      {
        "q": "Is it secure?",
        "a": "Yes, it uses wallet-based authentication for delivery gating."
      }
    ],
    "cta": {
      "text": "Get Started Now"
    },
    "design": {
      "theme": "landing",
      "primary_color": "#6366f1",
      "secondary_color": "#6366f1",
      "font_family": "Roboto, sans-serif",
      "layout_style": "bold"
    }
  },
  "assets": {
    "main_content_file": "product.pdf",
    "landing_page": "index.html"
  }
}