{
  "product_id": "20260220-034618-2026-guide-38-popular-digital",
  "title": "Unlock Your Passive Income with (2026 Guide) 38 Popular Digital Products On Etsy",
  "target_customer": "Creators and merchants interested in (2026 Guide) 38 Popular Digital Products On Etsy",
  "value_proposition": "Leverage AI to create and sell digital products based on: (2026 Guide) 38 Popular Digital Products On Etsy",
  "sections": {
    "hero": {
      "headline": "Unlock Your Passive Income with (2026 Guide) 38 Popular Digital Products On Etsy",
      "subheadline": "Leverage AI to create and sell digital products based on: (2026 Guide) 38 Popular Digital Products On Etsy"
    },
    "problem": {
      "description": "Generic e-commerce stores fail to build trust and suffer from high cart abandonment. Without a high-performance storefront, conversion remains stagnant."
    },
    "solution": {
      "description": "A conversion-optimized e-commerce engine with mobile-first UI, friction-free checkout, and built-in trust triggers. Built for modern digital merchants."
    },
    "features": [
      "Mobile-optimized high-speed landing UI for (2026 Guide) 38 Popular Digital Products On Etsy",
      "Trust-building proof & badge templates for (2026 Guide) 38 Popular Digital Products On Etsy",
      "Frictionless 1-click checkout flow for (2026 Guide) 38 Popular Digital Products On Etsy",
      "Automated order confirmation & tracking for (2026 Guide) 38 Popular Digital Products On Etsy",
      "Urgency & scarcity trigger system for (2026 Guide) 38 Popular Digital Products On Etsy"
    ],
    "benefits": [
      "Ship faster with ready (2026 Guide) 38 Popular Digital Products On Etsy templates",
      "Increase conversion with clear (2026 Guide) 38 Popular Digital Products On Etsy value prop",
      "Operate with predictable (2026 Guide) 38 Popular Digital Products On Etsy delivery flow",
      "Scale experimentation with simple (2026 Guide) 38 Popular Digital Products On Etsy A/B hooks"
    ],
    "pricing": {
      "tier_name": "Standard Access",
      "price": "$59.00"
    },
    "faq": [
      {
        "q": "What is included?",
        "a": "You get the full landing page, the (2026 Guide) 38 Popular Digital Products On Etsy guide, and automated delivery setup."
      },
      {
        "q": "How do I deploy?",
        "a": "Upload to Vercel, Netlify, or any static host. No backend needed."
      },
      {
        "q": "Is it secure?",
        "a": "Yes, it uses wallet-based authentication for delivery gating."
      }
    ],
    "cta": {
      "text": "Get Started Now"
    },
    "design": {
      "theme": "modern",
      "primary_color": "#6366f1",
      "secondary_color": "#6366f1",
      "font_family": "Georgia, serif",
      "layout_style": "creative"
    }
  },
  "assets": {
    "main_content_file": "product.pdf",
    "landing_page": "index.html"
  }
}