{
  "product_id": "20260220-015448-9-most-profitable-notion-niche",
  "output_dir": "d:\\auto\\MetaPassiveIncome_FINAL\\outputs\\20260220-015448-9-most-profitable-notion-niche",
  "main_asset": "d:\\auto\\MetaPassiveIncome_FINAL\\outputs\\20260220-015448-9-most-profitable-notion-niche\\index.html",
  "schema_path": "d:\\auto\\MetaPassiveIncome_FINAL\\outputs\\20260220-015448-9-most-profitable-notion-niche\\product_schema.json",
  "main_content_path": "d:\\auto\\MetaPassiveIncome_FINAL\\outputs\\20260220-015448-9-most-profitable-notion-niche\\product.pdf",
  "checksum": "6a835f18a85cf823a7472875eee6ba7137d871559281055ce1c72ca8bc5ef488",
  "generated_at": "20260220-015459",
  "status": "GENERATED_SUCCESS",
  "schema_driven": true,
  "notes": [
    "스키마 기반 생성 (product_schema.json)",
    "단일 파일 랜딩 페이지 (CSS/JS 내장)",
    "데이터 액션 라우터를 통한 버튼 기능"
  ]
}