{
  "product_id": "20260219-141212-etsy",
  "output_dir": "d:\\auto\\MetaPassiveIncome_FINAL\\outputs\\20260219-141212-etsy",
  "main_asset": "d:\\auto\\MetaPassiveIncome_FINAL\\outputs\\20260219-141212-etsy\\index.html",
  "schema_path": "d:\\auto\\MetaPassiveIncome_FINAL\\outputs\\20260219-141212-etsy\\product_schema.json",
  "main_content_path": "d:\\auto\\MetaPassiveIncome_FINAL\\outputs\\20260219-141212-etsy\\product.pdf",
  "checksum": "a3c4ed26ffe36338dd8c6bf9a7f0dfa2631aafa37a2c3a2ebc69c677de8852a4",
  "generated_at": "20260219-141224",
  "status": "GENERATED_SUCCESS",
  "schema_driven": true,
  "notes": [
    "스키마 기반 생성 (product_schema.json)",
    "단일 파일 랜딩 페이지 (CSS/JS 내장)",
    "데이터 액션 라우터를 통한 버튼 기능"
  ]
}