{
  "product_id": "20260213-053118-how-to-sell-high-ticket-digita",
  "output_dir": "d:\\auto\\MetaPassiveIncome_FINAL\\outputs\\20260213-053118-how-to-sell-high-ticket-digita",
  "main_asset": "d:\\auto\\MetaPassiveIncome_FINAL\\outputs\\20260213-053118-how-to-sell-high-ticket-digita\\index.html",
  "schema_path": "d:\\auto\\MetaPassiveIncome_FINAL\\outputs\\20260213-053118-how-to-sell-high-ticket-digita\\product_schema.json",
  "main_content_path": "d:\\auto\\MetaPassiveIncome_FINAL\\outputs\\20260213-053118-how-to-sell-high-ticket-digita\\product.md",
  "checksum": "0651043b1fa45981d096effc260eebaaf1525b57a25d3f15638feb5a0a8bc057",
  "generated_at": "20260213-053118",
  "status": "GENERATED_SUCCESS",
  "schema_driven": true,
  "notes": [
    "스키마 기반 생성 (product_schema.json)",
    "단일 파일 랜딩 페이지 (CSS/JS 내장)",
    "데이터 액션 라우터를 통한 버튼 기능"
  ]
}