{
  "product_id": "20260220-043147-saas-boilerplate-for-crypto-pa",
  "title": "Unlock Your Passive Income with SaaS Boilerplate for Crypto Payments (Next.js + Tailwind)",
  "target_customer": "Creators and merchants interested in SaaS Boilerplate for Crypto Payments (Next.js + Tailwind)",
  "value_proposition": "Leverage AI to create and sell digital products based on: SaaS Boilerplate for Crypto Payments (Next.js + Tailwind)",
  "sections": {
    "hero": {
      "headline": "Unlock Your Passive Income with SaaS Boilerplate for Crypto Payments (Next.js + Tailwind)",
      "subheadline": "Leverage AI to create and sell digital products based on: SaaS Boilerplate for Crypto Payments (Next.js + Tailwind)"
    },
    "problem": {
      "description": "Financial operators struggle with manual reporting, volatile fees, and complex compliance. Without a professional system, trust decays and conversion drops."
    },
    "solution": {
      "description": "A hardened financial toolkit with automated tracking, fee-optimized checkout, and built-in compliance checklists. Designed for high-trust transactions."
    },
    "features": [
      "Fee-optimized wallet checkout for SaaS Boilerplate for Crypto Payments (Next.js + Tailwind)",
      "Automated transaction reconciliation log for SaaS Boilerplate for Crypto Payments (Next.js + Tailwind)",
      "Compliance & Tax reporting templates for SaaS Boilerplate for Crypto Payments (Next.js + Tailwind)",
      "Real-time network fee estimator for SaaS Boilerplate for Crypto Payments (Next.js + Tailwind)",
      "Secure, idempotent delivery system for SaaS Boilerplate for Crypto Payments (Next.js + Tailwind)"
    ],
    "benefits": [
      "Ship faster with ready SaaS Boilerplate for Crypto Payments (Next.js + Tailwind) templates",
      "Increase conversion with clear SaaS Boilerplate for Crypto Payments (Next.js + Tailwind) value prop",
      "Operate with predictable SaaS Boilerplate for Crypto Payments (Next.js + Tailwind) delivery flow",
      "Scale experimentation with simple SaaS Boilerplate for Crypto Payments (Next.js + Tailwind) A/B hooks"
    ],
    "pricing": {
      "tier_name": "Standard Access",
      "price": "$49.00"
    },
    "faq": [
      {
        "q": "What is included?",
        "a": "You get the full landing page, the SaaS Boilerplate for Crypto Payments (Next.js + Tailwind) guide, and automated delivery setup."
      },
      {
        "q": "How do I deploy?",
        "a": "Upload to Vercel, Netlify, or any static host. No backend needed."
      },
      {
        "q": "Is it secure?",
        "a": "Yes, it uses wallet-based authentication for delivery gating."
      }
    ],
    "cta": {
      "text": "Get Started Now"
    },
    "design": {
      "theme": "landing",
      "primary_color": "#ef4444",
      "secondary_color": "#ef4444",
      "font_family": "Inter, sans-serif",
      "layout_style": "minimalist"
    }
  },
  "assets": {
    "main_content_file": "product.pdf",
    "landing_page": "index.html"
  }
}