{
  "product_id": "20260213-065109-ai-passive-income",
  "output_dir": "d:\\auto\\MetaPassiveIncome_FINAL\\outputs\\20260213-065109-ai-passive-income",
  "main_asset": "d:\\auto\\MetaPassiveIncome_FINAL\\outputs\\20260213-065109-ai-passive-income\\index.html",
  "schema_path": "d:\\auto\\MetaPassiveIncome_FINAL\\outputs\\20260213-065109-ai-passive-income\\product_schema.json",
  "main_content_path": "d:\\auto\\MetaPassiveIncome_FINAL\\outputs\\20260213-065109-ai-passive-income\\product.md",
  "checksum": "8757618bb524e484210f7da575cbaea1d1e349374584e4203af7bb1e61912f33",
  "generated_at": "20260213-065109",
  "status": "GENERATED_SUCCESS",
  "schema_driven": true,
  "notes": [
    "스키마 기반 생성 (product_schema.json)",
    "단일 파일 랜딩 페이지 (CSS/JS 내장)",
    "데이터 액션 라우터를 통한 버튼 기능"
  ]
}