{
  "product_id": "20260219-072203-15-digital-product-ideas-you-c",
  "title": "Unlock Your Passive Income with 15 Digital Product Ideas You Can Create with AI (Even If You're a Total ...",
  "target_customer": "Creators and merchants interested in 15 Digital Product Ideas You Can Create with AI (Even If You're a Total ...",
  "value_proposition": "Leverage AI to create and sell digital products based on: 15 Digital Product Ideas You Can Create with AI (Even If You're a Total ...",
  "sections": {
    "hero": {
      "headline": "Unlock Your Passive Income with 15 Digital Product Ideas You Can Create with AI (Even If You're a Total ...",
      "subheadline": "Leverage AI to create and sell digital products based on: 15 Digital Product Ideas You Can Create with AI (Even If You're a Total ..."
    },
    "problem": {
      "description": "Manual AI workflows are slow and error-prone. Without a structured automation system, scaling AI-driven tasks leads to inconsistent quality and high operational costs."
    },
    "solution": {
      "description": "A robust AI automation framework with pre-built prompt templates, error-handling logic, and automated quality gates. Designed for high-scale AI operations."
    },
    "features": [
      "Hardened prompt engineering library for 15 Digital Product Ideas You Can Create with AI (Even If You're a Total ...",
      "Automated quality gate & validation logic for 15 Digital Product Ideas You Can Create with AI (Even If You're a Total ...",
      "Rate-limit & retry handling system for 15 Digital Product Ideas You Can Create with AI (Even If You're a Total ...",
      "Structured output (JSON/Markdown) templates for 15 Digital Product Ideas You Can Create with AI (Even If You're a Total ...",
      "AI-to-Human handoff workflows for 15 Digital Product Ideas You Can Create with AI (Even If You're a Total ..."
    ],
    "benefits": [
      "Ship faster with ready 15 Digital Product Ideas You Can Create with AI (Even If You're a Total ... templates",
      "Increase conversion with clear 15 Digital Product Ideas You Can Create with AI (Even If You're a Total ... value prop",
      "Operate with predictable 15 Digital Product Ideas You Can Create with AI (Even If You're a Total ... delivery flow",
      "Scale experimentation with simple 15 Digital Product Ideas You Can Create with AI (Even If You're a Total ... A/B hooks"
    ],
    "pricing": {
      "tier_name": "Standard Access",
      "price": "$29.00"
    },
    "faq": [
      {
        "q": "What is included?",
        "a": "You get the full landing page, the 15 Digital Product Ideas You Can Create with AI (Even If You're a Total ... guide, and automated delivery setup."
      },
      {
        "q": "How do I deploy?",
        "a": "Upload to Vercel, Netlify, or any static host. No backend needed."
      },
      {
        "q": "Is it secure?",
        "a": "Yes, it uses wallet-based authentication for delivery gating."
      }
    ],
    "cta": {
      "text": "Get Started Now"
    },
    "design": {
      "theme": "elegant",
      "primary_color": "#6366f1",
      "secondary_color": "#6366f1",
      "font_family": "Roboto, sans-serif",
      "layout_style": "bold"
    }
  },
  "assets": {
    "main_content_file": "product.pdf",
    "landing_page": "index.html"
  }
}