{
  "product_id": "20260220-212254-how-i-made-93k-in-revenue-sell",
  "output_dir": "d:\\auto\\MetaPassiveIncome_FINAL\\outputs\\20260220-212254-how-i-made-93k-in-revenue-sell",
  "main_asset": "d:\\auto\\MetaPassiveIncome_FINAL\\outputs\\20260220-212254-how-i-made-93k-in-revenue-sell\\index.html",
  "schema_path": "d:\\auto\\MetaPassiveIncome_FINAL\\outputs\\20260220-212254-how-i-made-93k-in-revenue-sell\\product_schema.json",
  "main_content_path": "d:\\auto\\MetaPassiveIncome_FINAL\\outputs\\20260220-212254-how-i-made-93k-in-revenue-sell\\product.pdf",
  "checksum": "7e1ce64d3bed8cded27f3ab1cd0372e65adaabe071226964e3eee14c9edd49fb",
  "generated_at": "20260220-212304",
  "status": "GENERATED_SUCCESS",
  "schema_driven": true,
  "notes": [
    "스키마 기반 생성 (product_schema.json)",
    "단일 파일 랜딩 페이지 (CSS/JS 내장)",
    "데이터 액션 라우터를 통한 버튼 기능"
  ]
}