{
  "product_id": "20260220-033412-30-best-free-shopify-themes-20",
  "output_dir": "d:\\auto\\MetaPassiveIncome_FINAL\\outputs\\20260220-033412-30-best-free-shopify-themes-20",
  "main_asset": "d:\\auto\\MetaPassiveIncome_FINAL\\outputs\\20260220-033412-30-best-free-shopify-themes-20\\index.html",
  "schema_path": "d:\\auto\\MetaPassiveIncome_FINAL\\outputs\\20260220-033412-30-best-free-shopify-themes-20\\product_schema.json",
  "main_content_path": "d:\\auto\\MetaPassiveIncome_FINAL\\outputs\\20260220-033412-30-best-free-shopify-themes-20\\product.pdf",
  "checksum": "d6bb2f2d14c186e08a857613dfabacb36645aeeabf42096b6b4d2a6b81d0986b",
  "generated_at": "20260220-033422",
  "status": "GENERATED_SUCCESS",
  "schema_driven": true,
  "notes": [
    "스키마 기반 생성 (product_schema.json)",
    "단일 파일 랜딩 페이지 (CSS/JS 내장)",
    "데이터 액션 라우터를 통한 버튼 기능"
  ]
}