{
  "product_id": "20260220-004641-top-10-profitable-saas-applica",
  "output_dir": "d:\\auto\\MetaPassiveIncome_FINAL\\outputs\\20260220-004641-top-10-profitable-saas-applica",
  "main_asset": "d:\\auto\\MetaPassiveIncome_FINAL\\outputs\\20260220-004641-top-10-profitable-saas-applica\\index.html",
  "schema_path": "d:\\auto\\MetaPassiveIncome_FINAL\\outputs\\20260220-004641-top-10-profitable-saas-applica\\product_schema.json",
  "main_content_path": "d:\\auto\\MetaPassiveIncome_FINAL\\outputs\\20260220-004641-top-10-profitable-saas-applica\\product.pdf",
  "checksum": "9eba3ed68b1acc8478f17f9ec88928c159f3c54d975ca09cf66c5ab876a66670",
  "generated_at": "20260220-004650",
  "status": "GENERATED_SUCCESS",
  "schema_driven": true,
  "notes": [
    "스키마 기반 생성 (product_schema.json)",
    "단일 파일 랜딩 페이지 (CSS/JS 내장)",
    "데이터 액션 라우터를 통한 버튼 기능"
  ]
}