{
  "product_id": "20260220-004641-top-10-profitable-saas-applica",
  "title": "Unlock Your Passive Income with Top 10 Profitable SaaS Application Ideas for Startups in 2026",
  "target_customer": "Creators and merchants interested in Top 10 Profitable SaaS Application Ideas for Startups in 2026",
  "value_proposition": "Leverage AI to create and sell digital products based on: Top 10 Profitable SaaS Application Ideas for Startups in 2026",
  "sections": {
    "hero": {
      "headline": "Unlock Your Passive Income with Top 10 Profitable SaaS Application Ideas for Startups in 2026",
      "subheadline": "Leverage AI to create and sell digital products based on: Top 10 Profitable SaaS Application Ideas for Startups in 2026"
    },
    "problem": {
      "description": "Creating and selling digital products is complex and time-consuming. Most creators fail due to technical friction and lack of a structured system."
    },
    "solution": {
      "description": "A professional-grade implementation system that handles everything from landing to delivery. Focus on your content, we handle the infrastructure."
    },
    "features": [
      "One-file deployment architecture for Top 10 Profitable SaaS Application Ideas for Startups in 2026",
      "Secure token-gated delivery for Top 10 Profitable SaaS Application Ideas for Startups in 2026",
      "Conversion-optimized landing components for Top 10 Profitable SaaS Application Ideas for Startups in 2026",
      "Built-in analytics & tracking for Top 10 Profitable SaaS Application Ideas for Startups in 2026",
      "Automated promotion asset generator for Top 10 Profitable SaaS Application Ideas for Startups in 2026"
    ],
    "benefits": [
      "Ship faster with ready Top 10 Profitable SaaS Application Ideas for Startups in 2026 templates",
      "Increase conversion with clear Top 10 Profitable SaaS Application Ideas for Startups in 2026 value prop",
      "Operate with predictable Top 10 Profitable SaaS Application Ideas for Startups in 2026 delivery flow",
      "Scale experimentation with simple Top 10 Profitable SaaS Application Ideas for Startups in 2026 A/B hooks"
    ],
    "pricing": {
      "tier_name": "Standard Access",
      "price": "$59.00"
    },
    "faq": [
      {
        "q": "What is included?",
        "a": "You get the full landing page, the Top 10 Profitable SaaS Application Ideas for Startups in 2026 guide, and automated delivery setup."
      },
      {
        "q": "How do I deploy?",
        "a": "Upload to Vercel, Netlify, or any static host. No backend needed."
      },
      {
        "q": "Is it secure?",
        "a": "Yes, it uses wallet-based authentication for delivery gating."
      }
    ],
    "cta": {
      "text": "Get Started Now"
    },
    "design": {
      "theme": "saas",
      "primary_color": "#6366f1",
      "secondary_color": "#6366f1",
      "font_family": "Roboto, sans-serif",
      "layout_style": "bold"
    }
  },
  "assets": {
    "main_content_file": "product.pdf",
    "landing_page": "index.html"
  },
  "_injected_price": "$59.00",
  "_market_price": "$179.00",
  "price": "59"
}