{
  "product_id": "20260208-052053-간단-리드-마그넷-다운로드-페이지",
  "output_dir": "d:\\auto\\MetaPassiveIncome_FINAL\\outputs\\20260208-052053-간단-리드-마그넷-다운로드-페이지",
  "main_asset": "d:\\auto\\MetaPassiveIncome_FINAL\\outputs\\20260208-052053-간단-리드-마그넷-다운로드-페이지\\index.html",
  "schema_path": "d:\\auto\\MetaPassiveIncome_FINAL\\outputs\\20260208-052053-간단-리드-마그넷-다운로드-페이지\\product_schema.json",
  "main_content_path": "d:\\auto\\MetaPassiveIncome_FINAL\\outputs\\20260208-052053-간단-리드-마그넷-다운로드-페이지\\product.md",
  "checksum": "2e50408e4896df4d9d06efc8e5e244bd056e8f58590dda2bcf64f8a23b919be8",
  "generated_at": "20260208-052053",
  "status": "GENERATED_SUCCESS",
  "schema_driven": true,
  "notes": [
    "스키마 기반 생성 (product_schema.json)",
    "단일 파일 랜딩 페이지 (CSS/JS 내장)",
    "데이터 액션 라우터를 통한 버튼 기능"
  ]
}