{
  "product_id": "20260220-093647-top-27-highest-converting-shop",
  "output_dir": "d:\\auto\\MetaPassiveIncome_FINAL\\outputs\\20260220-093647-top-27-highest-converting-shop",
  "main_asset": "d:\\auto\\MetaPassiveIncome_FINAL\\outputs\\20260220-093647-top-27-highest-converting-shop\\index.html",
  "schema_path": "d:\\auto\\MetaPassiveIncome_FINAL\\outputs\\20260220-093647-top-27-highest-converting-shop\\product_schema.json",
  "main_content_path": "d:\\auto\\MetaPassiveIncome_FINAL\\outputs\\20260220-093647-top-27-highest-converting-shop\\product.pdf",
  "checksum": "5e486c5939878e7da8b8dd13ce8b86641f576eb514561e3d28c3f5b97be95658",
  "generated_at": "20260220-093656",
  "status": "GENERATED_SUCCESS",
  "schema_driven": true,
  "notes": [
    "스키마 기반 생성 (product_schema.json)",
    "단일 파일 랜딩 페이지 (CSS/JS 내장)",
    "데이터 액션 라우터를 통한 버튼 기능"
  ]
}