{
  "product_id": "20260213-151144-제품-출시-coming-soon-페이지-이메일-캡처-포",
  "output_dir": "d:\\auto\\MetaPassiveIncome_FINAL\\outputs\\20260213-151144-제품-출시-coming-soon-페이지-이메일-캡처-포",
  "main_asset": "d:\\auto\\MetaPassiveIncome_FINAL\\outputs\\20260213-151144-제품-출시-coming-soon-페이지-이메일-캡처-포\\index.html",
  "schema_path": "d:\\auto\\MetaPassiveIncome_FINAL\\outputs\\20260213-151144-제품-출시-coming-soon-페이지-이메일-캡처-포\\product_schema.json",
  "main_content_path": "d:\\auto\\MetaPassiveIncome_FINAL\\outputs\\20260213-151144-제품-출시-coming-soon-페이지-이메일-캡처-포\\product.md",
  "checksum": "7008dffc723d70d014b224298bfbe07b8ded0ca23fda449a67dc449291cfe70c",
  "generated_at": "20260213-151144",
  "status": "GENERATED_SUCCESS",
  "schema_driven": true,
  "notes": [
    "스키마 기반 생성 (product_schema.json)",
    "단일 파일 랜딩 페이지 (CSS/JS 내장)",
    "데이터 액션 라우터를 통한 버튼 기능"
  ]
}