{
  "product_id": "20260219-194620-best-shopify-themes-in-2026-fr",
  "title": "Unlock Your Passive Income with Best Shopify Themes in 2026: Free and Paid",
  "target_customer": "Creators and merchants interested in Best Shopify Themes in 2026: Free and Paid",
  "value_proposition": "Leverage AI to create and sell digital products based on: Best Shopify Themes in 2026: Free and Paid",
  "sections": {
    "hero": {
      "headline": "Unlock Your Passive Income with Best Shopify Themes in 2026: Free and Paid",
      "subheadline": "Leverage AI to create and sell digital products based on: Best Shopify Themes in 2026: Free and Paid"
    },
    "problem": {
      "description": "Manual AI workflows are slow and error-prone. Without a structured automation system, scaling AI-driven tasks leads to inconsistent quality and high operational costs."
    },
    "solution": {
      "description": "A robust AI automation framework with pre-built prompt templates, error-handling logic, and automated quality gates. Designed for high-scale AI operations."
    },
    "features": [
      "Hardened prompt engineering library for Best Shopify Themes in 2026: Free and Paid",
      "Automated quality gate & validation logic for Best Shopify Themes in 2026: Free and Paid",
      "Rate-limit & retry handling system for Best Shopify Themes in 2026: Free and Paid",
      "Structured output (JSON/Markdown) templates for Best Shopify Themes in 2026: Free and Paid",
      "AI-to-Human handoff workflows for Best Shopify Themes in 2026: Free and Paid"
    ],
    "benefits": [
      "Ship faster with ready Best Shopify Themes in 2026: Free and Paid templates",
      "Increase conversion with clear Best Shopify Themes in 2026: Free and Paid value prop",
      "Operate with predictable Best Shopify Themes in 2026: Free and Paid delivery flow",
      "Scale experimentation with simple Best Shopify Themes in 2026: Free and Paid A/B hooks"
    ],
    "pricing": {
      "tier_name": "Standard Access",
      "price": "$19.00"
    },
    "faq": [
      {
        "q": "What is included?",
        "a": "You get the full landing page, the Best Shopify Themes in 2026: Free and Paid guide, and automated delivery setup."
      },
      {
        "q": "How do I deploy?",
        "a": "Upload to Vercel, Netlify, or any static host. No backend needed."
      },
      {
        "q": "Is it secure?",
        "a": "Yes, it uses wallet-based authentication for delivery gating."
      }
    ],
    "cta": {
      "text": "Get Started Now"
    },
    "design": {
      "theme": "dark",
      "primary_color": "#10b981",
      "secondary_color": "#10b981",
      "font_family": "system-ui, sans-serif",
      "layout_style": "professional"
    }
  },
  "assets": {
    "main_content_file": "product.pdf",
    "landing_page": "index.html"
  }
}