{
  "product_id": "20260213-153449-제품-출시-coming-soon-페이지-이메일-캡처-포",
  "output_dir": "d:\\auto\\MetaPassiveIncome_FINAL\\outputs\\20260213-153449-제품-출시-coming-soon-페이지-이메일-캡처-포",
  "main_asset": "d:\\auto\\MetaPassiveIncome_FINAL\\outputs\\20260213-153449-제품-출시-coming-soon-페이지-이메일-캡처-포\\index.html",
  "schema_path": "d:\\auto\\MetaPassiveIncome_FINAL\\outputs\\20260213-153449-제품-출시-coming-soon-페이지-이메일-캡처-포\\product_schema.json",
  "main_content_path": "d:\\auto\\MetaPassiveIncome_FINAL\\outputs\\20260213-153449-제품-출시-coming-soon-페이지-이메일-캡처-포\\product.md",
  "checksum": "117fa2f6d840b02547905139d4a34e402195d32bcfd094d7e70886558fe6c76e",
  "generated_at": "20260213-153449",
  "status": "GENERATED_SUCCESS",
  "schema_driven": true,
  "notes": [
    "스키마 기반 생성 (product_schema.json)",
    "단일 파일 랜딩 페이지 (CSS/JS 내장)",
    "데이터 액션 라우터를 통한 버튼 기능"
  ]
}