{
  "product_id": "20260213-104244-제품-출시-coming-soon-페이지-이메일-캡처-포",
  "output_dir": "d:\\auto\\MetaPassiveIncome_FINAL\\outputs\\20260213-104244-제품-출시-coming-soon-페이지-이메일-캡처-포",
  "main_asset": "d:\\auto\\MetaPassiveIncome_FINAL\\outputs\\20260213-104244-제품-출시-coming-soon-페이지-이메일-캡처-포\\index.html",
  "schema_path": "d:\\auto\\MetaPassiveIncome_FINAL\\outputs\\20260213-104244-제품-출시-coming-soon-페이지-이메일-캡처-포\\product_schema.json",
  "main_content_path": "d:\\auto\\MetaPassiveIncome_FINAL\\outputs\\20260213-104244-제품-출시-coming-soon-페이지-이메일-캡처-포\\product.md",
  "checksum": "cb80ab315ac13940729a00106a8ed74f014c309994205d676eaa8d99a11c9c3d",
  "generated_at": "20260213-104244",
  "status": "GENERATED_SUCCESS",
  "schema_driven": true,
  "notes": [
    "스키마 기반 생성 (product_schema.json)",
    "단일 파일 랜딩 페이지 (CSS/JS 내장)",
    "데이터 액션 라우터를 통한 버튼 기능"
  ]
}