day,channel,hook,cta,keywords
1,Blog,"Privacy-first: reduce payment traceability in your ops","Copy the exact system and ship this week","web3 payments, digital product delivery"
2,TikTok,"Stop paying card fees — settle globally in minutes","Get the full premium guide + templates","web3 payments, digital product delivery"
3,LinkedIn,"Turn crypto payments into a predictable revenue system","Copy the exact system and ship this week","web3 payments, digital product delivery"
4,Reddit,"Avoid the top 5 mistakes when selling digital goods for crypto","Copy the exact system and ship this week","web3 payments, digital product delivery"
5,Instagram,"From 0 to first 10 sales: a realistic 7-day launch plan","Use the checklist and avoid expensive errors","automation, ops, support macros"
6,YouTube Shorts,"Turn crypto payments into a predictable revenue system","Get the full premium guide + templates","conversion rate, funnel, landing page"
7,LinkedIn,"Turn crypto payments into a predictable revenue system","Get the full premium guide + templates","conversion rate, funnel, landing page"
8,YouTube Shorts,"Upgrade conversion with trust blocks + proof metrics","Use the checklist and avoid expensive errors","web3 payments, digital product delivery"
9,LinkedIn,"Avoid the top 5 mistakes when selling digital goods for crypto","Use the checklist and avoid expensive errors","crypto checkout, stablecoins, settlement"
10,Reddit,"Stop paying card fees — settle globally in minutes","Get the full premium guide + templates","automation, ops, support macros"
11,Reddit,"Stop paying card fees — settle globally in minutes","Download the bundle and deploy today","crypto checkout, stablecoins, settlement"
12,Blog,"Avoid the top 5 mistakes when selling digital goods for crypto","Download the bundle and deploy today","web3 payments, digital product delivery"
13,Blog,"Avoid the top 5 mistakes when selling digital goods for crypto","Download the bundle and deploy today","automation, ops, support macros"
14,YouTube Shorts,"Turn crypto payments into a predictable revenue system","Use the checklist and avoid expensive errors","web3 payments, digital product delivery"
15,LinkedIn,"From 0 to first 10 sales: a realistic 7-day launch plan","Get the full premium guide + templates","nowpayments, invoice, payment status"
16,Instagram,"Privacy-first: reduce payment traceability in your ops","Get the full premium guide + templates","automation, ops, support macros"
17,X,"Upgrade conversion with trust blocks + proof metrics","Copy the exact system and ship this week","crypto checkout, stablecoins, settlement"
18,Blog,"Turn crypto payments into a predictable revenue system","Use the checklist and avoid expensive errors","crypto checkout, stablecoins, settlement"
19,X,"Upgrade conversion with trust blocks + proof metrics","Download the bundle and deploy today","web3 payments, digital product delivery"
20,Blog,"Stop paying card fees — settle globally in minutes","Download the bundle and deploy today","automation, ops, support macros"
21,X,"Stop paying card fees — settle globally in minutes","Use the checklist and avoid expensive errors","automation, ops, support macros"
22,Instagram,"Stop paying card fees — settle globally in minutes","Get the full premium guide + templates","automation, ops, support macros"
23,LinkedIn,"Avoid the top 5 mistakes when selling digital goods for crypto","Download the bundle and deploy today","crypto checkout, stablecoins, settlement"
24,X,"Turn crypto payments into a predictable revenue system","Download the bundle and deploy today","conversion rate, funnel, landing page"
25,YouTube Shorts,"Turn crypto payments into a predictable revenue system","Download the bundle and deploy today","conversion rate, funnel, landing page"
26,LinkedIn,"Privacy-first: reduce payment traceability in your ops","Download the bundle and deploy today","automation, ops, support macros"
27,LinkedIn,"From 0 to first 10 sales: a realistic 7-day launch plan","Copy the exact system and ship this week","web3 payments, digital product delivery"
28,LinkedIn,"Privacy-first: reduce payment traceability in your ops","Get the full premium guide + templates","crypto checkout, stablecoins, settlement"
29,X,"Avoid the top 5 mistakes when selling digital goods for crypto","Download the bundle and deploy today","web3 payments, digital product delivery"
30,Blog,"Privacy-first: reduce payment traceability in your ops","Copy the exact system and ship this week","web3 payments, digital product delivery"
