{
  "product_id": "20260215-143641-finance-risk-management-for-cr",
  "title": "Unlock Your Passive Income with Finance-Risk-Management-for-Crypto-Traders",
  "target_customer": "Creators and merchants interested in Finance-Risk-Management-for-Crypto-Traders",
  "value_proposition": "Leverage AI to create and sell digital products based on: Finance-Risk-Management-for-Crypto-Traders",
  "sections": {
    "hero": {
      "headline": "Unlock Your Passive Income with Finance-Risk-Management-for-Crypto-Traders",
      "subheadline": "Leverage AI to create and sell digital products based on: Finance-Risk-Management-for-Crypto-Traders"
    },
    "problem": {
      "description": "Financial operators struggle with manual reporting, volatile fees, and complex compliance. Without a professional system, trust decays and conversion drops."
    },
    "solution": {
      "description": "A hardened financial toolkit with automated tracking, fee-optimized checkout, and built-in compliance checklists. Designed for high-trust transactions."
    },
    "features": [
      "Fee-optimized wallet checkout for Finance-Risk-Management-for-Crypto-Traders",
      "Automated transaction reconciliation log for Finance-Risk-Management-for-Crypto-Traders",
      "Compliance & Tax reporting templates for Finance-Risk-Management-for-Crypto-Traders",
      "Real-time network fee estimator for Finance-Risk-Management-for-Crypto-Traders",
      "Secure, idempotent delivery system for Finance-Risk-Management-for-Crypto-Traders"
    ],
    "benefits": [
      "Ship faster with ready Finance-Risk-Management-for-Crypto-Traders templates",
      "Increase conversion with clear Finance-Risk-Management-for-Crypto-Traders value prop",
      "Operate with predictable Finance-Risk-Management-for-Crypto-Traders delivery flow",
      "Scale experimentation with simple Finance-Risk-Management-for-Crypto-Traders A/B hooks"
    ],
    "pricing": {
      "tier_name": "Standard Access",
      "price": "$49.0"
    },
    "faq": [
      {
        "q": "What is included?",
        "a": "You get the full landing page, the Finance-Risk-Management-for-Crypto-Traders guide, and automated delivery setup."
      },
      {
        "q": "How do I deploy?",
        "a": "Upload to Vercel, Netlify, or any static host. No backend needed."
      },
      {
        "q": "Is it secure?",
        "a": "Yes, it uses wallet-based authentication for delivery gating."
      }
    ],
    "cta": {
      "text": "Get Started Now"
    },
    "design": {
      "theme": "saas",
      "primary_color": "#f59e0b",
      "secondary_color": "#f59e0b",
      "font_family": "Roboto, sans-serif",
      "layout_style": "bold"
    }
  },
  "assets": {
    "main_content_file": "product.pdf",
    "landing_page": "index.html"
  }
}