{
  "product_id": "20260208-071646-minimalist-freelancer-portfoli",
  "output_dir": "d:\\auto\\MetaPassiveIncome_FINAL\\outputs\\20260208-071646-minimalist-freelancer-portfoli",
  "main_asset": "d:\\auto\\MetaPassiveIncome_FINAL\\outputs\\20260208-071646-minimalist-freelancer-portfoli\\index.html",
  "schema_path": "d:\\auto\\MetaPassiveIncome_FINAL\\outputs\\20260208-071646-minimalist-freelancer-portfoli\\product_schema.json",
  "main_content_path": "d:\\auto\\MetaPassiveIncome_FINAL\\outputs\\20260208-071646-minimalist-freelancer-portfoli\\product.md",
  "checksum": "8afb5d0ca36bc5d905ca55b076e5d5295d5fbf260fd94683ce381f13c2b1a497",
  "generated_at": "20260208-071646",
  "status": "GENERATED_SUCCESS",
  "schema_driven": true,
  "notes": [
    "스키마 기반 생성 (product_schema.json)",
    "단일 파일 랜딩 페이지 (CSS/JS 내장)",
    "데이터 액션 라우터를 통한 버튼 기능"
  ]
}