{
  "product_id": "20260208-095321-컨설턴트-코치-예약-페이지",
  "output_dir": "d:\\auto\\MetaPassiveIncome_FINAL\\outputs\\20260208-095321-컨설턴트-코치-예약-페이지",
  "main_asset": "d:\\auto\\MetaPassiveIncome_FINAL\\outputs\\20260208-095321-컨설턴트-코치-예약-페이지\\index.html",
  "schema_path": "d:\\auto\\MetaPassiveIncome_FINAL\\outputs\\20260208-095321-컨설턴트-코치-예약-페이지\\product_schema.json",
  "main_content_path": "d:\\auto\\MetaPassiveIncome_FINAL\\outputs\\20260208-095321-컨설턴트-코치-예약-페이지\\product.md",
  "checksum": "9641636509d5c12aacae508fd9605d413fec878d72e01cf31cef275c25057ad0",
  "generated_at": "20260208-095322",
  "status": "GENERATED_SUCCESS",
  "schema_driven": true,
  "notes": [
    "스키마 기반 생성 (product_schema.json)",
    "단일 파일 랜딩 페이지 (CSS/JS 내장)",
    "데이터 액션 라우터를 통한 버튼 기능"
  ]
}