{
  "product_id": "20260213-063047-crypto-first-email-funnel-syst",
  "output_dir": "d:\\auto\\MetaPassiveIncome_FINAL\\outputs\\20260213-063047-crypto-first-email-funnel-syst",
  "main_asset": "d:\\auto\\MetaPassiveIncome_FINAL\\outputs\\20260213-063047-crypto-first-email-funnel-syst\\index.html",
  "schema_path": "d:\\auto\\MetaPassiveIncome_FINAL\\outputs\\20260213-063047-crypto-first-email-funnel-syst\\product_schema.json",
  "main_content_path": "d:\\auto\\MetaPassiveIncome_FINAL\\outputs\\20260213-063047-crypto-first-email-funnel-syst\\product.md",
  "checksum": "f9264f7a10b9cf90eeb39534df2f942fc88f5dc6f1fac97c311c9d1c274d4431",
  "generated_at": "20260213-063047",
  "status": "GENERATED_SUCCESS",
  "schema_driven": true,
  "notes": [
    "스키마 기반 생성 (product_schema.json)",
    "단일 파일 랜딩 페이지 (CSS/JS 내장)",
    "데이터 액션 라우터를 통한 버튼 기능"
  ]
}