{
  "product_id": "20260214-231100-unknown-single",
  "created_at": "2026-02-20T13:02:37Z",
  "files": [
    "blog.txt",
    "blog_longform.md",
    "blog_outline.md",
    "blog_post.html",
    "blog_post.md",
    "channel_payloads.json",
    "discord_message.txt",
    "instagram.txt",
    "instagram_caption.txt",
    "instagram_post.txt",
    "linkedin_posts.txt",
    "medium_story.md",
    "newsletter_email.txt",
    "pinterest_pin.txt",
    "promo_calendar_30d.csv",
    "promo_pack.zip",
    "promotion_manifest.json",
    "publish_results.json",
    "reddit_posts.txt",
    "sales_page_copy.md",
    "seo.txt",
    "shortform_scripts.txt",
    "shortform_video_script.txt",
    "telegram_message.txt",
    "tiktok.txt",
    "tiktok_script.txt",
    "x_mock.log",
    "x_posts.txt",
    "x_status.txt",
    "x_threads.txt",
    "youtube_shorts.txt",
    "youtube_shorts_script.txt"
  ],
  "validation": {
    "passed": true,
    "score": 0.97,
    "feedback": [],
    "schema_errors": []
  }
}
