{
  "product_id": "20260213-111246-간단한-saas-제품-출시-랜딩-페이지",
  "output_dir": "d:\\auto\\MetaPassiveIncome_FINAL\\outputs\\20260213-111246-간단한-saas-제품-출시-랜딩-페이지",
  "main_asset": "d:\\auto\\MetaPassiveIncome_FINAL\\outputs\\20260213-111246-간단한-saas-제품-출시-랜딩-페이지\\index.html",
  "schema_path": "d:\\auto\\MetaPassiveIncome_FINAL\\outputs\\20260213-111246-간단한-saas-제품-출시-랜딩-페이지\\product_schema.json",
  "main_content_path": "d:\\auto\\MetaPassiveIncome_FINAL\\outputs\\20260213-111246-간단한-saas-제품-출시-랜딩-페이지\\product.md",
  "checksum": "fc0ed55faf04e554ac14e8457d91d220fe2b91fa83de7f62b5659ea41e859511",
  "generated_at": "20260213-111246",
  "status": "GENERATED_SUCCESS",
  "schema_driven": true,
  "notes": [
    "스키마 기반 생성 (product_schema.json)",
    "단일 파일 랜딩 페이지 (CSS/JS 내장)",
    "데이터 액션 라우터를 통한 버튼 기능"
  ]
}