{
  "product_id": "20260213-153549-간편-예약-상담-신청-폼-랜딩-페이지",
  "output_dir": "d:\\auto\\MetaPassiveIncome_FINAL\\outputs\\20260213-153549-간편-예약-상담-신청-폼-랜딩-페이지",
  "main_asset": "d:\\auto\\MetaPassiveIncome_FINAL\\outputs\\20260213-153549-간편-예약-상담-신청-폼-랜딩-페이지\\index.html",
  "schema_path": "d:\\auto\\MetaPassiveIncome_FINAL\\outputs\\20260213-153549-간편-예약-상담-신청-폼-랜딩-페이지\\product_schema.json",
  "main_content_path": "d:\\auto\\MetaPassiveIncome_FINAL\\outputs\\20260213-153549-간편-예약-상담-신청-폼-랜딩-페이지\\product.md",
  "checksum": "6e74b8da75eaa9ad216df58be1294cae08f20618f63f0e118549e02bbcf2b4f7",
  "generated_at": "20260213-153549",
  "status": "GENERATED_SUCCESS",
  "schema_driven": true,
  "notes": [
    "스키마 기반 생성 (product_schema.json)",
    "단일 파일 랜딩 페이지 (CSS/JS 내장)",
    "데이터 액션 라우터를 통한 버튼 기능"
  ]
}