{
  "product_id": "20260220-002330-top-9-lucrative-topics-to-sell",
  "output_dir": "d:\\auto\\MetaPassiveIncome_FINAL\\outputs\\20260220-002330-top-9-lucrative-topics-to-sell",
  "main_asset": "d:\\auto\\MetaPassiveIncome_FINAL\\outputs\\20260220-002330-top-9-lucrative-topics-to-sell\\index.html",
  "schema_path": "d:\\auto\\MetaPassiveIncome_FINAL\\outputs\\20260220-002330-top-9-lucrative-topics-to-sell\\product_schema.json",
  "main_content_path": "d:\\auto\\MetaPassiveIncome_FINAL\\outputs\\20260220-002330-top-9-lucrative-topics-to-sell\\product.pdf",
  "checksum": "05434d64b1f0234ad67d257c6d8e7a1086bf473d1363312ff11bff63d3acdb04",
  "generated_at": "20260220-002346",
  "status": "GENERATED_SUCCESS",
  "schema_driven": true,
  "notes": [
    "스키마 기반 생성 (product_schema.json)",
    "단일 파일 랜딩 페이지 (CSS/JS 내장)",
    "데이터 액션 라우터를 통한 버튼 기능"
  ]
}