{
  "product_id": "20260220-024401-40-best-digital-ai-product-des",
  "title": "Unlock Your Passive Income with 40 Best Digital AI Product Design Examples in 2025",
  "target_customer": "Creators and merchants interested in 40 Best Digital AI Product Design Examples in 2025",
  "value_proposition": "Leverage AI to create and sell digital products based on: 40 Best Digital AI Product Design Examples in 2025",
  "sections": {
    "hero": {
      "headline": "Unlock Your Passive Income with 40 Best Digital AI Product Design Examples in 2025",
      "subheadline": "Leverage AI to create and sell digital products based on: 40 Best Digital AI Product Design Examples in 2025"
    },
    "problem": {
      "description": "Manual AI workflows are slow and error-prone. Without a structured automation system, scaling AI-driven tasks leads to inconsistent quality and high operational costs."
    },
    "solution": {
      "description": "A robust AI automation framework with pre-built prompt templates, error-handling logic, and automated quality gates. Designed for high-scale AI operations."
    },
    "features": [
      "Hardened prompt engineering library for 40 Best Digital AI Product Design Examples in 2025",
      "Automated quality gate & validation logic for 40 Best Digital AI Product Design Examples in 2025",
      "Rate-limit & retry handling system for 40 Best Digital AI Product Design Examples in 2025",
      "Structured output (JSON/Markdown) templates for 40 Best Digital AI Product Design Examples in 2025",
      "AI-to-Human handoff workflows for 40 Best Digital AI Product Design Examples in 2025"
    ],
    "benefits": [
      "Ship faster with ready 40 Best Digital AI Product Design Examples in 2025 templates",
      "Increase conversion with clear 40 Best Digital AI Product Design Examples in 2025 value prop",
      "Operate with predictable 40 Best Digital AI Product Design Examples in 2025 delivery flow",
      "Scale experimentation with simple 40 Best Digital AI Product Design Examples in 2025 A/B hooks"
    ],
    "pricing": {
      "tier_name": "Standard Access",
      "price": "$59.00"
    },
    "faq": [
      {
        "q": "What is included?",
        "a": "You get the full landing page, the 40 Best Digital AI Product Design Examples in 2025 guide, and automated delivery setup."
      },
      {
        "q": "How do I deploy?",
        "a": "Upload to Vercel, Netlify, or any static host. No backend needed."
      },
      {
        "q": "Is it secure?",
        "a": "Yes, it uses wallet-based authentication for delivery gating."
      }
    ],
    "cta": {
      "text": "Get Started Now"
    },
    "design": {
      "theme": "modern",
      "primary_color": "#6366f1",
      "secondary_color": "#6366f1",
      "font_family": "Georgia, serif",
      "layout_style": "creative"
    }
  },
  "assets": {
    "main_content_file": "product.pdf",
    "landing_page": "index.html"
  }
}