{
  "product_id": "20260215-122558-crypto-ai-trading-signals",
  "output_dir": "d:\\auto\\MetaPassiveIncome_FINAL\\outputs\\20260215-122558-crypto-ai-trading-signals",
  "main_asset": "d:\\auto\\MetaPassiveIncome_FINAL\\outputs\\20260215-122558-crypto-ai-trading-signals\\index.html",
  "schema_path": "d:\\auto\\MetaPassiveIncome_FINAL\\outputs\\20260215-122558-crypto-ai-trading-signals\\product_schema.json",
  "main_content_path": "d:\\auto\\MetaPassiveIncome_FINAL\\outputs\\20260215-122558-crypto-ai-trading-signals\\product.pdf",
  "checksum": "065c349c12c4287e58f90284aafb9e90af0c3dbb5fb38b983acb6a45a9a5b421",
  "generated_at": "20260215-122559",
  "status": "GENERATED_SUCCESS",
  "schema_driven": true,
  "notes": [
    "스키마 기반 생성 (product_schema.json)",
    "단일 파일 랜딩 페이지 (CSS/JS 내장)",
    "데이터 액션 라우터를 통한 버튼 기능"
  ]
}