{
  "product_id": "20260213-110057-소셜-미디어-link-in-bio-페이지",
  "output_dir": "d:\\auto\\MetaPassiveIncome_FINAL\\outputs\\20260213-110057-소셜-미디어-link-in-bio-페이지",
  "main_asset": "d:\\auto\\MetaPassiveIncome_FINAL\\outputs\\20260213-110057-소셜-미디어-link-in-bio-페이지\\index.html",
  "schema_path": "d:\\auto\\MetaPassiveIncome_FINAL\\outputs\\20260213-110057-소셜-미디어-link-in-bio-페이지\\product_schema.json",
  "main_content_path": "d:\\auto\\MetaPassiveIncome_FINAL\\outputs\\20260213-110057-소셜-미디어-link-in-bio-페이지\\product.md",
  "checksum": "d45a7ac631cc809b69bdbfe893323e37f16c3a438d48d3349dd2b5839d2986ad",
  "generated_at": "20260213-110058",
  "status": "GENERATED_SUCCESS",
  "schema_driven": true,
  "notes": [
    "스키마 기반 생성 (product_schema.json)",
    "단일 파일 랜딩 페이지 (CSS/JS 내장)",
    "데이터 액션 라우터를 통한 버튼 기능"
  ]
}