{
  "product_id": "20260213-154402-프리랜서-컨설턴트-서비스-소개-페이지",
  "output_dir": "d:\\auto\\MetaPassiveIncome_FINAL\\outputs\\20260213-154402-프리랜서-컨설턴트-서비스-소개-페이지",
  "main_asset": "d:\\auto\\MetaPassiveIncome_FINAL\\outputs\\20260213-154402-프리랜서-컨설턴트-서비스-소개-페이지\\index.html",
  "schema_path": "d:\\auto\\MetaPassiveIncome_FINAL\\outputs\\20260213-154402-프리랜서-컨설턴트-서비스-소개-페이지\\product_schema.json",
  "main_content_path": "d:\\auto\\MetaPassiveIncome_FINAL\\outputs\\20260213-154402-프리랜서-컨설턴트-서비스-소개-페이지\\product.md",
  "checksum": "20ffa50088315f668e1aff7763e117f6b3d1d5b1395109e20527d8bb653c96fa",
  "generated_at": "20260213-154403",
  "status": "GENERATED_SUCCESS",
  "schema_driven": true,
  "notes": [
    "스키마 기반 생성 (product_schema.json)",
    "단일 파일 랜딩 페이지 (CSS/JS 내장)",
    "데이터 액션 라우터를 통한 버튼 기능"
  ]
}