{
  "product_id": "20260220-195037-23-proven-ways-to-make-money-o",
  "output_dir": "d:\\auto\\MetaPassiveIncome_FINAL\\outputs\\20260220-195037-23-proven-ways-to-make-money-o",
  "main_asset": "d:\\auto\\MetaPassiveIncome_FINAL\\outputs\\20260220-195037-23-proven-ways-to-make-money-o\\index.html",
  "schema_path": "d:\\auto\\MetaPassiveIncome_FINAL\\outputs\\20260220-195037-23-proven-ways-to-make-money-o\\product_schema.json",
  "main_content_path": "d:\\auto\\MetaPassiveIncome_FINAL\\outputs\\20260220-195037-23-proven-ways-to-make-money-o\\product.pdf",
  "checksum": "efe86c0e695807761ec3d0fc7412bbe9f38a182de4bf61cb6c061016d4b27eb4",
  "generated_at": "20260220-195044",
  "status": "GENERATED_SUCCESS",
  "schema_driven": true,
  "notes": [
    "스키마 기반 생성 (product_schema.json)",
    "단일 파일 랜딩 페이지 (CSS/JS 내장)",
    "데이터 액션 라우터를 통한 버튼 기능"
  ]
}