{
  "product_id": "20260220-195037-23-proven-ways-to-make-money-o",
  "title": "Unlock Your Passive Income with 23 Proven Ways To Make Money Online in 2026",
  "target_customer": "Creators and merchants interested in 23 Proven Ways To Make Money Online in 2026",
  "value_proposition": "Leverage AI to create and sell digital products based on: 23 Proven Ways To Make Money Online in 2026",
  "sections": {
    "hero": {
      "headline": "Unlock Your Passive Income with 23 Proven Ways To Make Money Online in 2026",
      "subheadline": "Leverage AI to create and sell digital products based on: 23 Proven Ways To Make Money Online in 2026"
    },
    "problem": {
      "description": "Financial operators struggle with manual reporting, volatile fees, and complex compliance. Without a professional system, trust decays and conversion drops."
    },
    "solution": {
      "description": "A hardened financial toolkit with automated tracking, fee-optimized checkout, and built-in compliance checklists. Designed for high-trust transactions."
    },
    "features": [
      "Fee-optimized wallet checkout for 23 Proven Ways To Make Money Online in 2026",
      "Automated transaction reconciliation log for 23 Proven Ways To Make Money Online in 2026",
      "Compliance & Tax reporting templates for 23 Proven Ways To Make Money Online in 2026",
      "Real-time network fee estimator for 23 Proven Ways To Make Money Online in 2026",
      "Secure, idempotent delivery system for 23 Proven Ways To Make Money Online in 2026"
    ],
    "benefits": [
      "Ship faster with ready 23 Proven Ways To Make Money Online in 2026 templates",
      "Increase conversion with clear 23 Proven Ways To Make Money Online in 2026 value prop",
      "Operate with predictable 23 Proven Ways To Make Money Online in 2026 delivery flow",
      "Scale experimentation with simple 23 Proven Ways To Make Money Online in 2026 A/B hooks"
    ],
    "pricing": {
      "tier_name": "Standard Access",
      "price": "$29.00"
    },
    "faq": [
      {
        "q": "What is included?",
        "a": "You get the full landing page, the 23 Proven Ways To Make Money Online in 2026 guide, and automated delivery setup."
      },
      {
        "q": "How do I deploy?",
        "a": "Upload to Vercel, Netlify, or any static host. No backend needed."
      },
      {
        "q": "Is it secure?",
        "a": "Yes, it uses wallet-based authentication for delivery gating."
      }
    ],
    "cta": {
      "text": "Get Started Now"
    },
    "design": {
      "theme": "modern",
      "primary_color": "#ef4444",
      "secondary_color": "#ef4444",
      "font_family": "Inter, sans-serif",
      "layout_style": "minimalist"
    }
  },
  "assets": {
    "main_content_file": "product.pdf",
    "landing_page": "index.html"
  },
  "_injected_price": "$29.00",
  "_market_price": "$49.00",
  "price": "29"
}