{
  "product_id": "20260220-030507-selling-notion-templates-on-wh",
  "output_dir": "d:\\auto\\MetaPassiveIncome_FINAL\\outputs\\20260220-030507-selling-notion-templates-on-wh",
  "main_asset": "d:\\auto\\MetaPassiveIncome_FINAL\\outputs\\20260220-030507-selling-notion-templates-on-wh\\index.html",
  "schema_path": "d:\\auto\\MetaPassiveIncome_FINAL\\outputs\\20260220-030507-selling-notion-templates-on-wh\\product_schema.json",
  "main_content_path": "d:\\auto\\MetaPassiveIncome_FINAL\\outputs\\20260220-030507-selling-notion-templates-on-wh\\product.pdf",
  "checksum": "7f0d9cf8addac0f15c545fa757eaab4805d6734cb7d1be14c8e589d3b3f4ef08",
  "generated_at": "20260220-030516",
  "status": "GENERATED_SUCCESS",
  "schema_driven": true,
  "notes": [
    "스키마 기반 생성 (product_schema.json)",
    "단일 파일 랜딩 페이지 (CSS/JS 내장)",
    "데이터 액션 라우터를 통한 버튼 기능"
  ]
}