{
  "product_id": "20260219-204559-best-books-2026-what-we-can-t",
  "output_dir": "d:\\auto\\MetaPassiveIncome_FINAL\\outputs\\20260219-204559-best-books-2026-what-we-can-t",
  "main_asset": "d:\\auto\\MetaPassiveIncome_FINAL\\outputs\\20260219-204559-best-books-2026-what-we-can-t\\index.html",
  "schema_path": "d:\\auto\\MetaPassiveIncome_FINAL\\outputs\\20260219-204559-best-books-2026-what-we-can-t\\product_schema.json",
  "main_content_path": "d:\\auto\\MetaPassiveIncome_FINAL\\outputs\\20260219-204559-best-books-2026-what-we-can-t\\product.pdf",
  "checksum": "968040131c3094483007f563f2d2b9b0e95edfc9998202bbdb40b4612315f321",
  "generated_at": "20260219-204610",
  "status": "GENERATED_SUCCESS",
  "schema_driven": true,
  "notes": [
    "스키마 기반 생성 (product_schema.json)",
    "단일 파일 랜딩 페이지 (CSS/JS 내장)",
    "데이터 액션 라우터를 통한 버튼 기능"
  ]
}