{
  "product_id": "20260219-204559-best-books-2026-what-we-can-t",
  "title": "Unlock Your Passive Income with Best Books 2026: What We Can't Wait to Read",
  "target_customer": "Creators and merchants interested in Best Books 2026: What We Can't Wait to Read",
  "value_proposition": "Leverage AI to create and sell digital products based on: Best Books 2026: What We Can't Wait to Read",
  "sections": {
    "hero": {
      "headline": "Unlock Your Passive Income with Best Books 2026: What We Can't Wait to Read",
      "subheadline": "Leverage AI to create and sell digital products based on: Best Books 2026: What We Can't Wait to Read"
    },
    "problem": {
      "description": "Most marketing assets are generic and fail to convert. Without a high-converting system, traffic is wasted and acquisition costs skyrocket."
    },
    "solution": {
      "description": "A results-driven marketing vault with proven hooks, structured landing templates, and conversion-optimized copy. Designed for rapid scale."
    },
    "features": [
      "High-converting hook & headline library for Best Books 2026: What We Can't Wait to Read",
      "A/B test ready landing page templates for Best Books 2026: What We Can't Wait to Read",
      "Psychology-based sales copy frameworks for Best Books 2026: What We Can't Wait to Read",
      "Social proof & proof-block templates for Best Books 2026: What We Can't Wait to Read",
      "Multi-channel promotion sequences for Best Books 2026: What We Can't Wait to Read"
    ],
    "benefits": [
      "Ship faster with ready Best Books 2026: What We Can't Wait to Read templates",
      "Increase conversion with clear Best Books 2026: What We Can't Wait to Read value prop",
      "Operate with predictable Best Books 2026: What We Can't Wait to Read delivery flow",
      "Scale experimentation with simple Best Books 2026: What We Can't Wait to Read A/B hooks"
    ],
    "pricing": {
      "tier_name": "Standard Access",
      "price": "$29.00"
    },
    "faq": [
      {
        "q": "What is included?",
        "a": "You get the full landing page, the Best Books 2026: What We Can't Wait to Read guide, and automated delivery setup."
      },
      {
        "q": "How do I deploy?",
        "a": "Upload to Vercel, Netlify, or any static host. No backend needed."
      },
      {
        "q": "Is it secure?",
        "a": "Yes, it uses wallet-based authentication for delivery gating."
      }
    ],
    "cta": {
      "text": "Get Started Now"
    },
    "design": {
      "theme": "tech",
      "primary_color": "#f59e0b",
      "secondary_color": "#f59e0b",
      "font_family": "Georgia, serif",
      "layout_style": "creative"
    }
  },
  "assets": {
    "main_content_file": "product.pdf",
    "landing_page": "index.html"
  },
  "price": "29",
  "_injected_price": "$29.00",
  "offers": {
    "@type": "Offer",
    "price": "29.00",
    "priceCurrency": "USD"
  },
  "_market_price": "$49.00",
  "market_analysis": {
    "category": "Guide / E-book / Blueprint",
    "market_price": 49,
    "our_price": 29,
    "desc": "Educational content & strategies"
  }
}