{
  "product_id": "20260220-015945-cold-wallet-ops-manual-for-dig",
  "output_dir": "d:\\auto\\MetaPassiveIncome_FINAL\\outputs\\20260220-015945-cold-wallet-ops-manual-for-dig",
  "main_asset": "d:\\auto\\MetaPassiveIncome_FINAL\\outputs\\20260220-015945-cold-wallet-ops-manual-for-dig\\index.html",
  "schema_path": "d:\\auto\\MetaPassiveIncome_FINAL\\outputs\\20260220-015945-cold-wallet-ops-manual-for-dig\\product_schema.json",
  "main_content_path": "d:\\auto\\MetaPassiveIncome_FINAL\\outputs\\20260220-015945-cold-wallet-ops-manual-for-dig\\product.pdf",
  "checksum": "90c16de95359e0b947e8db91f95d730b4eb9ae6fe7cf91369618bf993a37be02",
  "generated_at": "20260220-015958",
  "status": "GENERATED_SUCCESS",
  "schema_driven": true,
  "notes": [
    "스키마 기반 생성 (product_schema.json)",
    "단일 파일 랜딩 페이지 (CSS/JS 내장)",
    "데이터 액션 라우터를 통한 버튼 기능"
  ]
}