{
  "product_id": "20260219-194620-best-shopify-themes-in-2026-fr",
  "output_dir": "d:\\auto\\MetaPassiveIncome_FINAL\\outputs\\20260219-194620-best-shopify-themes-in-2026-fr",
  "main_asset": "d:\\auto\\MetaPassiveIncome_FINAL\\outputs\\20260219-194620-best-shopify-themes-in-2026-fr\\index.html",
  "schema_path": "d:\\auto\\MetaPassiveIncome_FINAL\\outputs\\20260219-194620-best-shopify-themes-in-2026-fr\\product_schema.json",
  "main_content_path": "d:\\auto\\MetaPassiveIncome_FINAL\\outputs\\20260219-194620-best-shopify-themes-in-2026-fr\\product.pdf",
  "checksum": "f9120391e180aae9805944745093b88b43b3166f7ec3dc3ff904063ba5a52c61",
  "generated_at": "20260219-194631",
  "status": "GENERATED_SUCCESS",
  "schema_driven": true,
  "notes": [
    "스키마 기반 생성 (product_schema.json)",
    "단일 파일 랜딩 페이지 (CSS/JS 내장)",
    "데이터 액션 라우터를 통한 버튼 기능"
  ]
}