{
  "product_id": "20260213-153014-ai-도구-프롬프트-판매-랜딩-페이지",
  "output_dir": "d:\\auto\\MetaPassiveIncome_FINAL\\outputs\\20260213-153014-ai-도구-프롬프트-판매-랜딩-페이지",
  "main_asset": "d:\\auto\\MetaPassiveIncome_FINAL\\outputs\\20260213-153014-ai-도구-프롬프트-판매-랜딩-페이지\\index.html",
  "schema_path": "d:\\auto\\MetaPassiveIncome_FINAL\\outputs\\20260213-153014-ai-도구-프롬프트-판매-랜딩-페이지\\product_schema.json",
  "main_content_path": "d:\\auto\\MetaPassiveIncome_FINAL\\outputs\\20260213-153014-ai-도구-프롬프트-판매-랜딩-페이지\\product.md",
  "checksum": "109e310744e7ca820f59c514404ed2063861a4b6837225200c92921359f17779",
  "generated_at": "20260213-153014",
  "status": "GENERATED_SUCCESS",
  "schema_driven": true,
  "notes": [
    "스키마 기반 생성 (product_schema.json)",
    "단일 파일 랜딩 페이지 (CSS/JS 내장)",
    "데이터 액션 라우터를 통한 버튼 기능"
  ]
}