{
  "product_id": "20260219-164843-what-are-the-best-b2b-examples",
  "title": "Unlock Your Passive Income with What Are the Best B2B Examples in 2026?",
  "target_customer": "Creators and merchants interested in What Are the Best B2B Examples in 2026?",
  "value_proposition": "Leverage AI to create and sell digital products based on: What Are the Best B2B Examples in 2026?",
  "sections": {
    "hero": {
      "headline": "Unlock Your Passive Income with What Are the Best B2B Examples in 2026?",
      "subheadline": "Leverage AI to create and sell digital products based on: What Are the Best B2B Examples in 2026?"
    },
    "problem": {
      "description": "Creating and selling digital products is complex and time-consuming. Most creators fail due to technical friction and lack of a structured system."
    },
    "solution": {
      "description": "A professional-grade implementation system that handles everything from landing to delivery. Focus on your content, we handle the infrastructure."
    },
    "features": [
      "One-file deployment architecture for What Are the Best B2B Examples in 2026?",
      "Secure token-gated delivery for What Are the Best B2B Examples in 2026?",
      "Conversion-optimized landing components for What Are the Best B2B Examples in 2026?",
      "Built-in analytics & tracking for What Are the Best B2B Examples in 2026?",
      "Automated promotion asset generator for What Are the Best B2B Examples in 2026?"
    ],
    "benefits": [
      "Ship faster with ready What Are the Best B2B Examples in 2026? templates",
      "Increase conversion with clear What Are the Best B2B Examples in 2026? value prop",
      "Operate with predictable What Are the Best B2B Examples in 2026? delivery flow",
      "Scale experimentation with simple What Are the Best B2B Examples in 2026? A/B hooks"
    ],
    "pricing": {
      "tier_name": "Standard Access",
      "price": "$59.00"
    },
    "faq": [
      {
        "q": "What is included?",
        "a": "You get the full landing page, the What Are the Best B2B Examples in 2026? guide, and automated delivery setup."
      },
      {
        "q": "How do I deploy?",
        "a": "Upload to Vercel, Netlify, or any static host. No backend needed."
      },
      {
        "q": "Is it secure?",
        "a": "Yes, it uses wallet-based authentication for delivery gating."
      }
    ],
    "cta": {
      "text": "Get Started Now"
    },
    "design": {
      "theme": "modern",
      "primary_color": "#6366f1",
      "secondary_color": "#6366f1",
      "font_family": "Georgia, serif",
      "layout_style": "creative"
    }
  },
  "assets": {
    "main_content_file": "product.pdf",
    "landing_page": "index.html"
  }
}