{
  "product_id": "20260220-072901-best-digital-product-ideas-to",
  "title": "Unlock Your Passive Income with Best Digital Product Ideas to Start Selling Today",
  "target_customer": "Creators and merchants interested in Best Digital Product Ideas to Start Selling Today",
  "value_proposition": "Leverage AI to create and sell digital products based on: Best Digital Product Ideas to Start Selling Today",
  "sections": {
    "hero": {
      "headline": "Unlock Your Passive Income with Best Digital Product Ideas to Start Selling Today",
      "subheadline": "Leverage AI to create and sell digital products based on: Best Digital Product Ideas to Start Selling Today"
    },
    "problem": {
      "description": "Generic e-commerce stores fail to build trust and suffer from high cart abandonment. Without a high-performance storefront, conversion remains stagnant."
    },
    "solution": {
      "description": "A conversion-optimized e-commerce engine with mobile-first UI, friction-free checkout, and built-in trust triggers. Built for modern digital merchants."
    },
    "features": [
      "Mobile-optimized high-speed landing UI for Best Digital Product Ideas to Start Selling Today",
      "Trust-building proof & badge templates for Best Digital Product Ideas to Start Selling Today",
      "Frictionless 1-click checkout flow for Best Digital Product Ideas to Start Selling Today",
      "Automated order confirmation & tracking for Best Digital Product Ideas to Start Selling Today",
      "Urgency & scarcity trigger system for Best Digital Product Ideas to Start Selling Today"
    ],
    "benefits": [
      "Ship faster with ready Best Digital Product Ideas to Start Selling Today templates",
      "Increase conversion with clear Best Digital Product Ideas to Start Selling Today value prop",
      "Operate with predictable Best Digital Product Ideas to Start Selling Today delivery flow",
      "Scale experimentation with simple Best Digital Product Ideas to Start Selling Today A/B hooks"
    ],
    "pricing": {
      "tier_name": "Standard Access",
      "price": "$29.00"
    },
    "faq": [
      {
        "q": "What is included?",
        "a": "You get the full landing page, the Best Digital Product Ideas to Start Selling Today guide, and automated delivery setup."
      },
      {
        "q": "How do I deploy?",
        "a": "Upload to Vercel, Netlify, or any static host. No backend needed."
      },
      {
        "q": "Is it secure?",
        "a": "Yes, it uses wallet-based authentication for delivery gating."
      }
    ],
    "cta": {
      "text": "Get Started Now"
    },
    "design": {
      "theme": "tech",
      "primary_color": "#ef4444",
      "secondary_color": "#ef4444",
      "font_family": "Inter, sans-serif",
      "layout_style": "minimalist"
    }
  },
  "assets": {
    "main_content_file": "product.pdf",
    "landing_page": "index.html"
  }
}