{
  "product_id": "20260215-122807-passive-income-with-saas-boile",
  "title": "Unlock Your Passive Income with Passive-Income-with-SaaS-Boilerplates",
  "target_customer": "Creators and merchants interested in Passive-Income-with-SaaS-Boilerplates",
  "value_proposition": "Leverage AI to create and sell digital products based on: Passive-Income-with-SaaS-Boilerplates",
  "sections": {
    "hero": {
      "headline": "Unlock Your Passive Income with Passive-Income-with-SaaS-Boilerplates",
      "subheadline": "Leverage AI to create and sell digital products based on: Passive-Income-with-SaaS-Boilerplates"
    },
    "problem": {
      "description": "Creating and selling digital products is complex and time-consuming. Most creators fail due to technical friction and lack of a structured system."
    },
    "solution": {
      "description": "A professional-grade implementation system that handles everything from landing to delivery. Focus on your content, we handle the infrastructure."
    },
    "features": [
      "One-file deployment architecture for Passive-Income-with-SaaS-Boilerplates",
      "Secure token-gated delivery for Passive-Income-with-SaaS-Boilerplates",
      "Conversion-optimized landing components for Passive-Income-with-SaaS-Boilerplates",
      "Built-in analytics & tracking for Passive-Income-with-SaaS-Boilerplates",
      "Automated promotion asset generator for Passive-Income-with-SaaS-Boilerplates"
    ],
    "benefits": [
      "Ship faster with ready Passive-Income-with-SaaS-Boilerplates templates",
      "Increase conversion with clear Passive-Income-with-SaaS-Boilerplates value prop",
      "Operate with predictable Passive-Income-with-SaaS-Boilerplates delivery flow",
      "Scale experimentation with simple Passive-Income-with-SaaS-Boilerplates A/B hooks"
    ],
    "pricing": {
      "tier_name": "Standard Access",
      "price": "$59.00"
    },
    "faq": [
      {
        "q": "What is included?",
        "a": "You get the full landing page, the Passive-Income-with-SaaS-Boilerplates guide, and automated delivery setup."
      },
      {
        "q": "How do I deploy?",
        "a": "Upload to Vercel, Netlify, or any static host. No backend needed."
      },
      {
        "q": "Is it secure?",
        "a": "Yes, it uses wallet-based authentication for delivery gating."
      }
    ],
    "cta": {
      "text": "Get Started Now"
    },
    "design": {
      "theme": "landing",
      "primary_color": "#ef4444",
      "secondary_color": "#ef4444",
      "font_family": "Inter, sans-serif",
      "layout_style": "minimalist"
    }
  },
  "assets": {
    "main_content_file": "product.pdf",
    "landing_page": "index.html"
  },
  "_injected_price": "$59.00",
  "metadata": {
    "final_price_usd": 179.0
  },
  "price": "59",
  "offers": {
    "@type": "Offer",
    "price": "59.00",
    "priceCurrency": "USD"
  },
  "_market_price": "$179.00",
  "market_analysis": {
    "category": "SaaS / System",
    "market_price": 179,
    "our_price": 59,
    "desc": "High-value functional software/system"
  }
}