{
  "product_id": "20260220-003319-crypto-first-email-funnel-syst",
  "title": "Unlock Your Passive Income with Crypto-First Email + Funnel System for Passive Digital Product Sales",
  "target_customer": "Creators and merchants interested in Crypto-First Email + Funnel System for Passive Digital Product Sales",
  "value_proposition": "Leverage AI to create and sell digital products based on: Crypto-First Email + Funnel System for Passive Digital Product Sales",
  "sections": {
    "hero": {
      "headline": "Unlock Your Passive Income with Crypto-First Email + Funnel System for Passive Digital Product Sales",
      "subheadline": "Leverage AI to create and sell digital products based on: Crypto-First Email + Funnel System for Passive Digital Product Sales"
    },
    "problem": {
      "description": "Financial operators struggle with manual reporting, volatile fees, and complex compliance. Without a professional system, trust decays and conversion drops."
    },
    "solution": {
      "description": "A hardened financial toolkit with automated tracking, fee-optimized checkout, and built-in compliance checklists. Designed for high-trust transactions."
    },
    "features": [
      "Fee-optimized wallet checkout for Crypto-First Email + Funnel System for Passive Digital Product Sales",
      "Automated transaction reconciliation log for Crypto-First Email + Funnel System for Passive Digital Product Sales",
      "Compliance & Tax reporting templates for Crypto-First Email + Funnel System for Passive Digital Product Sales",
      "Real-time network fee estimator for Crypto-First Email + Funnel System for Passive Digital Product Sales",
      "Secure, idempotent delivery system for Crypto-First Email + Funnel System for Passive Digital Product Sales"
    ],
    "benefits": [
      "Ship faster with ready Crypto-First Email + Funnel System for Passive Digital Product Sales templates",
      "Increase conversion with clear Crypto-First Email + Funnel System for Passive Digital Product Sales value prop",
      "Operate with predictable Crypto-First Email + Funnel System for Passive Digital Product Sales delivery flow",
      "Scale experimentation with simple Crypto-First Email + Funnel System for Passive Digital Product Sales A/B hooks"
    ],
    "pricing": {
      "tier_name": "Standard Access",
      "price": "$39.00"
    },
    "faq": [
      {
        "q": "What is included?",
        "a": "You get the full landing page, the Crypto-First Email + Funnel System for Passive Digital Product Sales guide, and automated delivery setup."
      },
      {
        "q": "How do I deploy?",
        "a": "Upload to Vercel, Netlify, or any static host. No backend needed."
      },
      {
        "q": "Is it secure?",
        "a": "Yes, it uses wallet-based authentication for delivery gating."
      }
    ],
    "cta": {
      "text": "Get Started Now"
    },
    "design": {
      "theme": "tech",
      "primary_color": "#00b4ff",
      "secondary_color": "#00b4ff",
      "font_family": "Inter, sans-serif",
      "layout_style": "minimalist"
    }
  },
  "assets": {
    "main_content_file": "product.pdf",
    "landing_page": "index.html"
  }
}