{
  "product_id": "20260219-091843-50-digital-products-to-sell-fo",
  "title": "Unlock Your Passive Income with 50 Digital Products to Sell for Passive Income in 2025 (Full Guide)",
  "target_customer": "Creators and merchants interested in 50 Digital Products to Sell for Passive Income in 2025 (Full Guide)",
  "value_proposition": "Leverage AI to create and sell digital products based on: 50 Digital Products to Sell for Passive Income in 2025 (Full Guide)",
  "sections": {
    "hero": {
      "headline": "Unlock Your Passive Income with 50 Digital Products to Sell for Passive Income in 2025 (Full Guide)",
      "subheadline": "Leverage AI to create and sell digital products based on: 50 Digital Products to Sell for Passive Income in 2025 (Full Guide)"
    },
    "problem": {
      "description": "Generic e-commerce stores fail to build trust and suffer from high cart abandonment. Without a high-performance storefront, conversion remains stagnant."
    },
    "solution": {
      "description": "A conversion-optimized e-commerce engine with mobile-first UI, friction-free checkout, and built-in trust triggers. Built for modern digital merchants."
    },
    "features": [
      "Mobile-optimized high-speed landing UI for 50 Digital Products to Sell for Passive Income in 2025 (Full Guide)",
      "Trust-building proof & badge templates for 50 Digital Products to Sell for Passive Income in 2025 (Full Guide)",
      "Frictionless 1-click checkout flow for 50 Digital Products to Sell for Passive Income in 2025 (Full Guide)",
      "Automated order confirmation & tracking for 50 Digital Products to Sell for Passive Income in 2025 (Full Guide)",
      "Urgency & scarcity trigger system for 50 Digital Products to Sell for Passive Income in 2025 (Full Guide)"
    ],
    "benefits": [
      "Ship faster with ready 50 Digital Products to Sell for Passive Income in 2025 (Full Guide) templates",
      "Increase conversion with clear 50 Digital Products to Sell for Passive Income in 2025 (Full Guide) value prop",
      "Operate with predictable 50 Digital Products to Sell for Passive Income in 2025 (Full Guide) delivery flow",
      "Scale experimentation with simple 50 Digital Products to Sell for Passive Income in 2025 (Full Guide) A/B hooks"
    ],
    "pricing": {
      "tier_name": "Standard Access",
      "price": "$49.00"
    },
    "faq": [
      {
        "q": "What is included?",
        "a": "You get the full landing page, the 50 Digital Products to Sell for Passive Income in 2025 (Full Guide) guide, and automated delivery setup."
      },
      {
        "q": "How do I deploy?",
        "a": "Upload to Vercel, Netlify, or any static host. No backend needed."
      },
      {
        "q": "Is it secure?",
        "a": "Yes, it uses wallet-based authentication for delivery gating."
      }
    ],
    "cta": {
      "text": "Get Started Now"
    },
    "design": {
      "theme": "minimal",
      "primary_color": "#f59e0b",
      "secondary_color": "#f59e0b",
      "font_family": "Roboto, sans-serif",
      "layout_style": "bold"
    }
  },
  "assets": {
    "main_content_file": "product.pdf",
    "landing_page": "index.html"
  }
}