day,channel,hook,cta,keywords
1,TikTok,"Turn crypto payments into a predictable revenue system","Use the checklist and avoid expensive errors","crypto checkout, stablecoins, settlement"
2,Blog,"Turn crypto payments into a predictable revenue system","Use the checklist and avoid expensive errors","nowpayments, invoice, payment status"
3,YouTube Shorts,"Avoid the top 5 mistakes when selling digital goods for crypto","Download the bundle and deploy today","crypto checkout, stablecoins, settlement"
4,TikTok,"Turn crypto payments into a predictable revenue system","Copy the exact system and ship this week","conversion rate, funnel, landing page"
5,X,"Upgrade conversion with trust blocks + proof metrics","Copy the exact system and ship this week","web3 payments, digital product delivery"
6,TikTok,"Stop paying card fees — settle globally in minutes","Copy the exact system and ship this week","conversion rate, funnel, landing page"
7,X,"From 0 to first 10 sales: a realistic 7-day launch plan","Copy the exact system and ship this week","automation, ops, support macros"
8,TikTok,"Avoid the top 5 mistakes when selling digital goods for crypto","Download the bundle and deploy today","nowpayments, invoice, payment status"
9,Instagram,"Avoid the top 5 mistakes when selling digital goods for crypto","Download the bundle and deploy today","nowpayments, invoice, payment status"
10,TikTok,"From 0 to first 10 sales: a realistic 7-day launch plan","Use the checklist and avoid expensive errors","automation, ops, support macros"
11,LinkedIn,"Turn crypto payments into a predictable revenue system","Get the full premium guide + templates","web3 payments, digital product delivery"
12,TikTok,"From 0 to first 10 sales: a realistic 7-day launch plan","Use the checklist and avoid expensive errors","crypto checkout, stablecoins, settlement"
13,Instagram,"Privacy-first: reduce payment traceability in your ops","Download the bundle and deploy today","web3 payments, digital product delivery"
14,LinkedIn,"Privacy-first: reduce payment traceability in your ops","Download the bundle and deploy today","crypto checkout, stablecoins, settlement"
15,Reddit,"From 0 to first 10 sales: a realistic 7-day launch plan","Use the checklist and avoid expensive errors","web3 payments, digital product delivery"
16,LinkedIn,"From 0 to first 10 sales: a realistic 7-day launch plan","Copy the exact system and ship this week","web3 payments, digital product delivery"
17,TikTok,"Stop paying card fees — settle globally in minutes","Download the bundle and deploy today","nowpayments, invoice, payment status"
18,LinkedIn,"From 0 to first 10 sales: a realistic 7-day launch plan","Copy the exact system and ship this week","conversion rate, funnel, landing page"
19,Reddit,"From 0 to first 10 sales: a realistic 7-day launch plan","Copy the exact system and ship this week","nowpayments, invoice, payment status"
20,LinkedIn,"Stop paying card fees — settle globally in minutes","Get the full premium guide + templates","web3 payments, digital product delivery"
21,LinkedIn,"Upgrade conversion with trust blocks + proof metrics","Use the checklist and avoid expensive errors","nowpayments, invoice, payment status"
22,Blog,"Avoid the top 5 mistakes when selling digital goods for crypto","Use the checklist and avoid expensive errors","nowpayments, invoice, payment status"
23,X,"Privacy-first: reduce payment traceability in your ops","Use the checklist and avoid expensive errors","automation, ops, support macros"
24,Instagram,"From 0 to first 10 sales: a realistic 7-day launch plan","Copy the exact system and ship this week","automation, ops, support macros"
25,TikTok,"Privacy-first: reduce payment traceability in your ops","Use the checklist and avoid expensive errors","conversion rate, funnel, landing page"
26,LinkedIn,"Turn crypto payments into a predictable revenue system","Copy the exact system and ship this week","automation, ops, support macros"
27,TikTok,"Stop paying card fees — settle globally in minutes","Download the bundle and deploy today","crypto checkout, stablecoins, settlement"
28,X,"Stop paying card fees — settle globally in minutes","Download the bundle and deploy today","conversion rate, funnel, landing page"
29,LinkedIn,"Stop paying card fees — settle globally in minutes","Download the bundle and deploy today","automation, ops, support macros"
30,Instagram,"Privacy-first: reduce payment traceability in your ops","Copy the exact system and ship this week","conversion rate, funnel, landing page"
