{
  "product_id": "20260215-143859-web3-asset-security-audit-fram",
  "title": "Unlock Your Passive Income with Web3-Asset-Security-Audit-Framework",
  "target_customer": "Creators and merchants interested in Web3-Asset-Security-Audit-Framework",
  "value_proposition": "Leverage AI to create and sell digital products based on: Web3-Asset-Security-Audit-Framework",
  "sections": {
    "hero": {
      "headline": "Unlock Your Passive Income with Web3-Asset-Security-Audit-Framework",
      "subheadline": "Leverage AI to create and sell digital products based on: Web3-Asset-Security-Audit-Framework"
    },
    "problem": {
      "description": "Traditional digital commerce is plagued by high fees, slow settlements, and platform risk. Web3 offers a solution, but technical complexity prevents mass adoption."
    },
    "solution": {
      "description": "A hardened Web3 commerce stack that simplifies crypto payments, token-gated access, and decentralized delivery. Designed for the next generation of digital entrepreneurs."
    },
    "features": [
      "Multi-chain crypto payment gateway for Web3-Asset-Security-Audit-Framework",
      "Automated token-gating & access control for Web3-Asset-Security-Audit-Framework",
      "Non-custodial digital asset delivery for Web3-Asset-Security-Audit-Framework",
      "Real-time blockchain event monitoring for Web3-Asset-Security-Audit-Framework",
      "Gas-optimized smart contract templates for Web3-Asset-Security-Audit-Framework"
    ],
    "benefits": [
      "Ship faster with ready Web3-Asset-Security-Audit-Framework templates",
      "Increase conversion with clear Web3-Asset-Security-Audit-Framework value prop",
      "Operate with predictable Web3-Asset-Security-Audit-Framework delivery flow",
      "Scale experimentation with simple Web3-Asset-Security-Audit-Framework A/B hooks"
    ],
    "pricing": {
      "tier_name": "Standard Access",
      "price": "$49.00"
    },
    "faq": [
      {
        "q": "What is included?",
        "a": "You get the full landing page, the Web3-Asset-Security-Audit-Framework guide, and automated delivery setup."
      },
      {
        "q": "How do I deploy?",
        "a": "Upload to Vercel, Netlify, or any static host. No backend needed."
      },
      {
        "q": "Is it secure?",
        "a": "Yes, it uses wallet-based authentication for delivery gating."
      }
    ],
    "cta": {
      "text": "Get Started Now"
    },
    "design": {
      "theme": "saas",
      "primary_color": "#f59e0b",
      "secondary_color": "#f59e0b",
      "font_family": "Georgia, serif",
      "layout_style": "creative"
    }
  },
  "assets": {
    "main_content_file": "product.pdf",
    "landing_page": "index.html"
  },
  "_injected_price": "$49.00",
  "metadata": {
    "final_price_usd": 49.0
  },
  "price": "49",
  "offers": {
    "@type": "Offer",
    "price": "49.00",
    "priceCurrency": "USD"
  },
  "_market_price": "$149.00",
  "market_analysis": {
    "category": "Trading / Bot / Crypto Tool",
    "market_price": 149,
    "our_price": 49,
    "desc": "Specialized financial tools & scripts"
  }
}