{
  "product_id": "20260215-143622-web3-smart-contract-audit-chec",
  "title": "Unlock Your Passive Income with Web3-Smart-Contract-Audit-Checklist",
  "target_customer": "Creators and merchants interested in Web3-Smart-Contract-Audit-Checklist",
  "value_proposition": "Leverage AI to create and sell digital products based on: Web3-Smart-Contract-Audit-Checklist",
  "sections": {
    "hero": {
      "headline": "Unlock Your Passive Income with Web3-Smart-Contract-Audit-Checklist",
      "subheadline": "Leverage AI to create and sell digital products based on: Web3-Smart-Contract-Audit-Checklist"
    },
    "problem": {
      "description": "Traditional digital commerce is plagued by high fees, slow settlements, and platform risk. Web3 offers a solution, but technical complexity prevents mass adoption."
    },
    "solution": {
      "description": "A hardened Web3 commerce stack that simplifies crypto payments, token-gated access, and decentralized delivery. Designed for the next generation of digital entrepreneurs."
    },
    "features": [
      "Multi-chain crypto payment gateway for Web3-Smart-Contract-Audit-Checklist",
      "Automated token-gating & access control for Web3-Smart-Contract-Audit-Checklist",
      "Non-custodial digital asset delivery for Web3-Smart-Contract-Audit-Checklist",
      "Real-time blockchain event monitoring for Web3-Smart-Contract-Audit-Checklist",
      "Gas-optimized smart contract templates for Web3-Smart-Contract-Audit-Checklist"
    ],
    "benefits": [
      "Ship faster with ready Web3-Smart-Contract-Audit-Checklist templates",
      "Increase conversion with clear Web3-Smart-Contract-Audit-Checklist value prop",
      "Operate with predictable Web3-Smart-Contract-Audit-Checklist delivery flow",
      "Scale experimentation with simple Web3-Smart-Contract-Audit-Checklist A/B hooks"
    ],
    "pricing": {
      "tier_name": "Standard Access",
      "price": "$49.0"
    },
    "faq": [
      {
        "q": "What is included?",
        "a": "You get the full landing page, the Web3-Smart-Contract-Audit-Checklist guide, and automated delivery setup."
      },
      {
        "q": "How do I deploy?",
        "a": "Upload to Vercel, Netlify, or any static host. No backend needed."
      },
      {
        "q": "Is it secure?",
        "a": "Yes, it uses wallet-based authentication for delivery gating."
      }
    ],
    "cta": {
      "text": "Get Started Now"
    },
    "design": {
      "theme": "elegant",
      "primary_color": "#ef4444",
      "secondary_color": "#ef4444",
      "font_family": "Inter, sans-serif",
      "layout_style": "minimalist"
    }
  },
  "assets": {
    "main_content_file": "product.pdf",
    "landing_page": "index.html"
  }
}