{
  "product_id": "20260220-074149-20-indonesia-viral-terbaru-vid",
  "output_dir": "d:\\auto\\MetaPassiveIncome_FINAL\\outputs\\20260220-074149-20-indonesia-viral-terbaru-vid",
  "main_asset": "d:\\auto\\MetaPassiveIncome_FINAL\\outputs\\20260220-074149-20-indonesia-viral-terbaru-vid\\index.html",
  "schema_path": "d:\\auto\\MetaPassiveIncome_FINAL\\outputs\\20260220-074149-20-indonesia-viral-terbaru-vid\\product_schema.json",
  "main_content_path": "d:\\auto\\MetaPassiveIncome_FINAL\\outputs\\20260220-074149-20-indonesia-viral-terbaru-vid\\product.pdf",
  "checksum": "260076d0dbb7c0da282376e34df6e04c3c3e3308ff51b893021584f9be340fef",
  "generated_at": "20260220-074158",
  "status": "GENERATED_SUCCESS",
  "schema_driven": true,
  "notes": [
    "스키마 기반 생성 (product_schema.json)",
    "단일 파일 랜딩 페이지 (CSS/JS 내장)",
    "데이터 액션 라우터를 통한 버튼 기능"
  ]
}