{
  "product_id": "20260220-180836-blackbox-ai",
  "output_dir": "d:\\auto\\MetaPassiveIncome_FINAL\\outputs\\20260220-180836-blackbox-ai",
  "main_asset": "d:\\auto\\MetaPassiveIncome_FINAL\\outputs\\20260220-180836-blackbox-ai\\index.html",
  "schema_path": "d:\\auto\\MetaPassiveIncome_FINAL\\outputs\\20260220-180836-blackbox-ai\\product_schema.json",
  "main_content_path": "d:\\auto\\MetaPassiveIncome_FINAL\\outputs\\20260220-180836-blackbox-ai\\product.pdf",
  "checksum": "e7acd3bab40b185456f07d75dc03f191254c0f5aaef32e95e7ddca7fb8594c1f",
  "generated_at": "20260220-180848",
  "status": "GENERATED_SUCCESS",
  "schema_driven": true,
  "notes": [
    "스키마 기반 생성 (product_schema.json)",
    "단일 파일 랜딩 페이지 (CSS/JS 내장)",
    "데이터 액션 라우터를 통한 버튼 기능"
  ]
}