{
  "product_id": "20260213-112318-링크-인-바이오-link-in-bio-마이크로-랜딩-페",
  "output_dir": "d:\\auto\\MetaPassiveIncome_FINAL\\outputs\\20260213-112318-링크-인-바이오-link-in-bio-마이크로-랜딩-페",
  "main_asset": "d:\\auto\\MetaPassiveIncome_FINAL\\outputs\\20260213-112318-링크-인-바이오-link-in-bio-마이크로-랜딩-페\\index.html",
  "schema_path": "d:\\auto\\MetaPassiveIncome_FINAL\\outputs\\20260213-112318-링크-인-바이오-link-in-bio-마이크로-랜딩-페\\product_schema.json",
  "main_content_path": "d:\\auto\\MetaPassiveIncome_FINAL\\outputs\\20260213-112318-링크-인-바이오-link-in-bio-마이크로-랜딩-페\\product.md",
  "checksum": "c29c3521e4dbb52e0e92267d3f6c4ef690076fcaee59c5763e530ca3695a9ed6",
  "generated_at": "20260213-112319",
  "status": "GENERATED_SUCCESS",
  "schema_driven": true,
  "notes": [
    "스키마 기반 생성 (product_schema.json)",
    "단일 파일 랜딩 페이지 (CSS/JS 내장)",
    "데이터 액션 라우터를 통한 버튼 기능"
  ]
}