{
  "product_id": "20260213-103321-단일-온라인-코스-판매-페이지",
  "output_dir": "d:\\auto\\MetaPassiveIncome_FINAL\\outputs\\20260213-103321-단일-온라인-코스-판매-페이지",
  "main_asset": "d:\\auto\\MetaPassiveIncome_FINAL\\outputs\\20260213-103321-단일-온라인-코스-판매-페이지\\index.html",
  "schema_path": "d:\\auto\\MetaPassiveIncome_FINAL\\outputs\\20260213-103321-단일-온라인-코스-판매-페이지\\product_schema.json",
  "main_content_path": "d:\\auto\\MetaPassiveIncome_FINAL\\outputs\\20260213-103321-단일-온라인-코스-판매-페이지\\product.md",
  "checksum": "993141e9a832d442f7325d82b0b8811e04060f6aee839d891447580f280c6362",
  "generated_at": "20260213-103322",
  "status": "GENERATED_SUCCESS",
  "schema_driven": true,
  "notes": [
    "스키마 기반 생성 (product_schema.json)",
    "단일 파일 랜딩 페이지 (CSS/JS 내장)",
    "데이터 액션 라우터를 통한 버튼 기능"
  ]
}