{
  "product_id": "20260220-134701-900-etsy-printables-worksheets",
  "output_dir": "d:\\auto\\MetaPassiveIncome_FINAL\\outputs\\20260220-134701-900-etsy-printables-worksheets",
  "main_asset": "d:\\auto\\MetaPassiveIncome_FINAL\\outputs\\20260220-134701-900-etsy-printables-worksheets\\index.html",
  "schema_path": "d:\\auto\\MetaPassiveIncome_FINAL\\outputs\\20260220-134701-900-etsy-printables-worksheets\\product_schema.json",
  "main_content_path": "d:\\auto\\MetaPassiveIncome_FINAL\\outputs\\20260220-134701-900-etsy-printables-worksheets\\product.pdf",
  "checksum": "92e003c9d966cb4ad54578189f55d94a299cbf8356fd28c5ed71cf1ff6272ab4",
  "generated_at": "20260220-134710",
  "status": "GENERATED_SUCCESS",
  "schema_driven": true,
  "notes": [
    "스키마 기반 생성 (product_schema.json)",
    "단일 파일 랜딩 페이지 (CSS/JS 내장)",
    "데이터 액션 라우터를 통한 버튼 기능"
  ]
}