{
  "product_id": "20260219-030007-18-best-digital-products-to-se",
  "topic": "18 Best Digital Products to Sell in 2026: Top Trending, Profitable, and In-Demand Ideas",
  "sections": [
    "executive_overview",
    "strategic_foundation",
    "implementation_framework",
    "case_study",
    "tool_stack",
    "execution_checklist",
    "advanced_strategies",
    "troubleshooting",
    "roadmap",
    "bonus_vault"
  ],
  "price_band": "$19.00",
  "price_wei": 11600000000000000
}