day,channel,hook,cta,keywords
1,Blog,"Privacy-first: reduce payment traceability in your ops","Get the full premium guide + templates","crypto checkout, stablecoins, settlement"
2,X,"Avoid the top 5 mistakes when selling digital goods for crypto","Use the checklist and avoid expensive errors","nowpayments, invoice, payment status"
3,Instagram,"Stop paying card fees — settle globally in minutes","Get the full premium guide + templates","automation, ops, support macros"
4,LinkedIn,"Turn crypto payments into a predictable revenue system","Use the checklist and avoid expensive errors","crypto checkout, stablecoins, settlement"
5,LinkedIn,"Avoid the top 5 mistakes when selling digital goods for crypto","Use the checklist and avoid expensive errors","conversion rate, funnel, landing page"
6,Blog,"Upgrade conversion with trust blocks + proof metrics","Use the checklist and avoid expensive errors","automation, ops, support macros"
7,YouTube Shorts,"Privacy-first: reduce payment traceability in your ops","Download the bundle and deploy today","web3 payments, digital product delivery"
8,Instagram,"Privacy-first: reduce payment traceability in your ops","Get the full premium guide + templates","automation, ops, support macros"
9,LinkedIn,"Upgrade conversion with trust blocks + proof metrics","Download the bundle and deploy today","web3 payments, digital product delivery"
10,YouTube Shorts,"Avoid the top 5 mistakes when selling digital goods for crypto","Use the checklist and avoid expensive errors","web3 payments, digital product delivery"
11,Blog,"Upgrade conversion with trust blocks + proof metrics","Use the checklist and avoid expensive errors","automation, ops, support macros"
12,Instagram,"Turn crypto payments into a predictable revenue system","Copy the exact system and ship this week","crypto checkout, stablecoins, settlement"
13,Blog,"Stop paying card fees — settle globally in minutes","Get the full premium guide + templates","web3 payments, digital product delivery"
14,X,"From 0 to first 10 sales: a realistic 7-day launch plan","Get the full premium guide + templates","automation, ops, support macros"
15,Blog,"Upgrade conversion with trust blocks + proof metrics","Get the full premium guide + templates","web3 payments, digital product delivery"
16,LinkedIn,"Privacy-first: reduce payment traceability in your ops","Use the checklist and avoid expensive errors","automation, ops, support macros"
17,Blog,"Turn crypto payments into a predictable revenue system","Use the checklist and avoid expensive errors","web3 payments, digital product delivery"
18,Blog,"Upgrade conversion with trust blocks + proof metrics","Use the checklist and avoid expensive errors","nowpayments, invoice, payment status"
19,LinkedIn,"Privacy-first: reduce payment traceability in your ops","Download the bundle and deploy today","nowpayments, invoice, payment status"
20,Blog,"Turn crypto payments into a predictable revenue system","Download the bundle and deploy today","web3 payments, digital product delivery"
21,Blog,"Stop paying card fees — settle globally in minutes","Download the bundle and deploy today","crypto checkout, stablecoins, settlement"
22,Instagram,"Stop paying card fees — settle globally in minutes","Use the checklist and avoid expensive errors","web3 payments, digital product delivery"
23,YouTube Shorts,"Upgrade conversion with trust blocks + proof metrics","Download the bundle and deploy today","nowpayments, invoice, payment status"
24,YouTube Shorts,"Upgrade conversion with trust blocks + proof metrics","Get the full premium guide + templates","conversion rate, funnel, landing page"
25,Blog,"Privacy-first: reduce payment traceability in your ops","Use the checklist and avoid expensive errors","automation, ops, support macros"
26,Instagram,"Turn crypto payments into a predictable revenue system","Get the full premium guide + templates","crypto checkout, stablecoins, settlement"
27,LinkedIn,"Stop paying card fees — settle globally in minutes","Use the checklist and avoid expensive errors","crypto checkout, stablecoins, settlement"
28,Reddit,"Avoid the top 5 mistakes when selling digital goods for crypto","Use the checklist and avoid expensive errors","web3 payments, digital product delivery"
29,Reddit,"Privacy-first: reduce payment traceability in your ops","Get the full premium guide + templates","nowpayments, invoice, payment status"
30,Reddit,"Upgrade conversion with trust blocks + proof metrics","Copy the exact system and ship this week","crypto checkout, stablecoins, settlement"
