{
  "product_id": "20260215-015455-automated-daily-planner-system",
  "title": "Unlock Your Passive Income with Automated-Daily-Planner-System",
  "target_customer": "Creators and merchants interested in Automated-Daily-Planner-System",
  "value_proposition": "Leverage AI to create and sell digital products based on: Automated-Daily-Planner-System",
  "sections": {
    "hero": {
      "headline": "Unlock Your Passive Income with Automated-Daily-Planner-System",
      "subheadline": "Leverage AI to create and sell digital products based on: Automated-Daily-Planner-System"
    },
    "problem": {
      "description": "Modern workflows are fragmented and manual. Users waste hours on repetitive tasks that should be automated, leading to burnout and inefficiency."
    },
    "solution": {
      "description": "A seamless productivity engine that automates the heavy lifting. Includes ready-to-use templates, batch scripts, and a clear roadmap to 10x output."
    },
    "features": [
      "1-Click workflow automation templates for Automated-Daily-Planner-System",
      "Batch processing & script library for Automated-Daily-Planner-System",
      "Time-saving integration hooks for Automated-Daily-Planner-System",
      "Customizable milestone trackers for Automated-Daily-Planner-System",
      "Minimalist, friction-free UI/UX for Automated-Daily-Planner-System"
    ],
    "benefits": [
      "Ship faster with ready Automated-Daily-Planner-System templates",
      "Increase conversion with clear Automated-Daily-Planner-System value prop",
      "Operate with predictable Automated-Daily-Planner-System delivery flow",
      "Scale experimentation with simple Automated-Daily-Planner-System A/B hooks"
    ],
    "pricing": {
      "tier_name": "Standard Access",
      "price": "$59.00"
    },
    "faq": [
      {
        "q": "What is included?",
        "a": "You get the full landing page, the Automated-Daily-Planner-System guide, and automated delivery setup."
      },
      {
        "q": "How do I deploy?",
        "a": "Upload to Vercel, Netlify, or any static host. No backend needed."
      },
      {
        "q": "Is it secure?",
        "a": "Yes, it uses wallet-based authentication for delivery gating."
      }
    ],
    "cta": {
      "text": "Get Started Now"
    },
    "design": {
      "theme": "tech",
      "primary_color": "#ef4444",
      "secondary_color": "#ef4444",
      "font_family": "Inter, sans-serif",
      "layout_style": "minimalist"
    }
  },
  "assets": {
    "main_content_file": "product.pdf",
    "landing_page": "index.html"
  },
  "_injected_price": "$59.00",
  "metadata": {
    "final_price_usd": 179.0
  },
  "price": "59",
  "offers": {
    "@type": "Offer",
    "price": "59.00",
    "priceCurrency": "USD"
  },
  "_market_price": "$179.00",
  "market_analysis": {
    "category": "SaaS / System",
    "market_price": 179,
    "our_price": 59,
    "desc": "High-value functional software/system"
  }
}