{
  "product_id": "20260220-074802-student-log-in",
  "title": "Unlock Your Passive Income with Student Log In",
  "target_customer": "Creators and merchants interested in Student Log In",
  "value_proposition": "Leverage AI to create and sell digital products based on: Student Log In",
  "sections": {
    "hero": {
      "headline": "Unlock Your Passive Income with Student Log In",
      "subheadline": "Leverage AI to create and sell digital products based on: Student Log In"
    },
    "problem": {
      "description": "Creating and selling digital products is complex and time-consuming. Most creators fail due to technical friction and lack of a structured system."
    },
    "solution": {
      "description": "A professional-grade implementation system that handles everything from landing to delivery. Focus on your content, we handle the infrastructure."
    },
    "features": [
      "One-file deployment architecture for Student Log In",
      "Secure token-gated delivery for Student Log In",
      "Conversion-optimized landing components for Student Log In",
      "Built-in analytics & tracking for Student Log In",
      "Automated promotion asset generator for Student Log In"
    ],
    "benefits": [
      "Ship faster with ready Student Log In templates",
      "Increase conversion with clear Student Log In value prop",
      "Operate with predictable Student Log In delivery flow",
      "Scale experimentation with simple Student Log In A/B hooks"
    ],
    "pricing": {
      "tier_name": "Standard Access",
      "price": "$29"
    },
    "faq": [
      {
        "q": "What is included?",
        "a": "You get the full landing page, the Student Log In guide, and automated delivery setup."
      },
      {
        "q": "How do I deploy?",
        "a": "Upload to Vercel, Netlify, or any static host. No backend needed."
      },
      {
        "q": "Is it secure?",
        "a": "Yes, it uses wallet-based authentication for delivery gating."
      }
    ],
    "cta": {
      "text": "Get Started Now"
    },
    "design": {
      "theme": "saas",
      "primary_color": "#00b4ff",
      "secondary_color": "#00b4ff",
      "font_family": "system-ui, sans-serif",
      "layout_style": "professional"
    }
  },
  "assets": {
    "main_content_file": "product.pdf",
    "landing_page": "index.html"
  }
}