{
  "product_id": "20260213-103706-ai-saas-waitlist-landing-page",
  "output_dir": "d:\\auto\\MetaPassiveIncome_FINAL\\outputs\\20260213-103706-ai-saas-waitlist-landing-page",
  "main_asset": "d:\\auto\\MetaPassiveIncome_FINAL\\outputs\\20260213-103706-ai-saas-waitlist-landing-page\\index.html",
  "schema_path": "d:\\auto\\MetaPassiveIncome_FINAL\\outputs\\20260213-103706-ai-saas-waitlist-landing-page\\product_schema.json",
  "main_content_path": "d:\\auto\\MetaPassiveIncome_FINAL\\outputs\\20260213-103706-ai-saas-waitlist-landing-page\\product.md",
  "checksum": "db40edd3bf4e936e006d65d8b2f13bc9ad78e84e36f4583a781933ea7f575555",
  "generated_at": "20260213-103706",
  "status": "GENERATED_SUCCESS",
  "schema_driven": true,
  "notes": [
    "스키마 기반 생성 (product_schema.json)",
    "단일 파일 랜딩 페이지 (CSS/JS 내장)",
    "데이터 액션 라우터를 통한 버튼 기능"
  ]
}