{
  "product_id": "20260214-112651-aipassiveincomesystem",
  "title": "Unlock Your Passive Income with AIPassiveIncomeSystem",
  "target_customer": "Creators and merchants interested in AIPassiveIncomeSystem",
  "value_proposition": "Leverage AI to create and sell digital products based on: AIPassiveIncomeSystem",
  "sections": {
    "hero": {
      "headline": "Unlock Your Passive Income with AIPassiveIncomeSystem",
      "subheadline": "Leverage AI to create and sell digital products based on: AIPassiveIncomeSystem"
    },
    "problem": {
      "description": "Monetizing AIPassiveIncomeSystem is slow without ready assets. Builders waste time wiring checkout, delivery, and messaging, hurting conversion."
    },
    "solution": {
      "description": "A complete package for AIPassiveIncomeSystem: wallet checkout landing, token-gated delivery, and structured copy that converts. One-file deploy."
    },
    "features": [
      "Wallet checkout landing (one-file deploy)",
      "Token-gated delivery flow",
      "Lead capture and plan gating UI",
      "Structured copy sections that convert",
      "Promotion hooks for immediate launch"
    ],
    "benefits": [
      "Ship faster with ready templates",
      "Increase conversion with clear value prop",
      "Operate with predictable delivery flow",
      "Scale experimentation with simple A/B hooks"
    ],
    "pricing": {
      "tier_name": "Standard Access",
      "price": "$49.0"
    },
    "faq": [
      {
        "q": "What is included?",
        "a": "You get the full landing page, the AIPassiveIncomeSystem guide, and automated delivery setup."
      },
      {
        "q": "How do I deploy?",
        "a": "Upload to Vercel, Netlify, or any static host. No backend needed."
      },
      {
        "q": "Is it secure?",
        "a": "Yes, it uses wallet-based authentication for delivery gating."
      }
    ],
    "cta": {
      "text": "Get Started Now"
    },
    "design": {
      "theme": "minimal",
      "primary_color": "#ef4444",
      "secondary_color": "#ef4444",
      "font_family": "Inter, sans-serif",
      "layout_style": "minimalist"
    }
  },
  "assets": {
    "main_content_file": "product.pdf",
    "landing_page": "index.html"
  }
}