day,channel,hook,cta,keywords
1,LinkedIn,"Privacy-first: reduce payment traceability in your ops","Copy the exact system and ship this week","crypto checkout, stablecoins, settlement"
2,Instagram,"Upgrade conversion with trust blocks + proof metrics","Get the full premium guide + templates","automation, ops, support macros"
3,LinkedIn,"Upgrade conversion with trust blocks + proof metrics","Download the bundle and deploy today","conversion rate, funnel, landing page"
4,LinkedIn,"Avoid the top 5 mistakes when selling digital goods for crypto","Copy the exact system and ship this week","nowpayments, invoice, payment status"
5,YouTube Shorts,"From 0 to first 10 sales: a realistic 7-day launch plan","Download the bundle and deploy today","automation, ops, support macros"
6,YouTube Shorts,"From 0 to first 10 sales: a realistic 7-day launch plan","Copy the exact system and ship this week","nowpayments, invoice, payment status"
7,Instagram,"Turn crypto payments into a predictable revenue system","Download the bundle and deploy today","nowpayments, invoice, payment status"
8,Instagram,"Privacy-first: reduce payment traceability in your ops","Download the bundle and deploy today","conversion rate, funnel, landing page"
9,LinkedIn,"Stop paying card fees — settle globally in minutes","Use the checklist and avoid expensive errors","crypto checkout, stablecoins, settlement"
10,LinkedIn,"Privacy-first: reduce payment traceability in your ops","Download the bundle and deploy today","crypto checkout, stablecoins, settlement"
11,Blog,"Privacy-first: reduce payment traceability in your ops","Copy the exact system and ship this week","automation, ops, support macros"
12,Blog,"Avoid the top 5 mistakes when selling digital goods for crypto","Get the full premium guide + templates","automation, ops, support macros"
13,Reddit,"Privacy-first: reduce payment traceability in your ops","Get the full premium guide + templates","automation, ops, support macros"
14,Reddit,"Turn crypto payments into a predictable revenue system","Copy the exact system and ship this week","automation, ops, support macros"
15,YouTube Shorts,"Turn crypto payments into a predictable revenue system","Download the bundle and deploy today","web3 payments, digital product delivery"
16,Blog,"Upgrade conversion with trust blocks + proof metrics","Use the checklist and avoid expensive errors","conversion rate, funnel, landing page"
17,Blog,"Turn crypto payments into a predictable revenue system","Download the bundle and deploy today","automation, ops, support macros"
18,LinkedIn,"Avoid the top 5 mistakes when selling digital goods for crypto","Copy the exact system and ship this week","crypto checkout, stablecoins, settlement"
19,Instagram,"Privacy-first: reduce payment traceability in your ops","Use the checklist and avoid expensive errors","conversion rate, funnel, landing page"
20,YouTube Shorts,"Privacy-first: reduce payment traceability in your ops","Copy the exact system and ship this week","nowpayments, invoice, payment status"
21,Reddit,"Turn crypto payments into a predictable revenue system","Get the full premium guide + templates","crypto checkout, stablecoins, settlement"
22,YouTube Shorts,"Upgrade conversion with trust blocks + proof metrics","Use the checklist and avoid expensive errors","automation, ops, support macros"
23,LinkedIn,"Upgrade conversion with trust blocks + proof metrics","Copy the exact system and ship this week","automation, ops, support macros"
24,Instagram,"Stop paying card fees — settle globally in minutes","Download the bundle and deploy today","nowpayments, invoice, payment status"
25,Blog,"Avoid the top 5 mistakes when selling digital goods for crypto","Get the full premium guide + templates","crypto checkout, stablecoins, settlement"
26,TikTok,"From 0 to first 10 sales: a realistic 7-day launch plan","Download the bundle and deploy today","nowpayments, invoice, payment status"
27,Reddit,"Turn crypto payments into a predictable revenue system","Use the checklist and avoid expensive errors","automation, ops, support macros"
28,Instagram,"Stop paying card fees — settle globally in minutes","Use the checklist and avoid expensive errors","nowpayments, invoice, payment status"
29,Blog,"Avoid the top 5 mistakes when selling digital goods for crypto","Use the checklist and avoid expensive errors","automation, ops, support macros"
30,TikTok,"From 0 to first 10 sales: a realistic 7-day launch plan","Use the checklist and avoid expensive errors","web3 payments, digital product delivery"
