{
  "product_id": "20260213-154047-freelancer-small-agency-servic",
  "output_dir": "d:\\auto\\MetaPassiveIncome_FINAL\\outputs\\20260213-154047-freelancer-small-agency-servic",
  "main_asset": "d:\\auto\\MetaPassiveIncome_FINAL\\outputs\\20260213-154047-freelancer-small-agency-servic\\index.html",
  "schema_path": "d:\\auto\\MetaPassiveIncome_FINAL\\outputs\\20260213-154047-freelancer-small-agency-servic\\product_schema.json",
  "main_content_path": "d:\\auto\\MetaPassiveIncome_FINAL\\outputs\\20260213-154047-freelancer-small-agency-servic\\product.md",
  "checksum": "58ad4ae674b42c43c6861e52f5bd36b1f211f92b114efb16c66434d6d591556f",
  "generated_at": "20260213-154047",
  "status": "GENERATED_SUCCESS",
  "schema_driven": true,
  "notes": [
    "스키마 기반 생성 (product_schema.json)",
    "단일 파일 랜딩 페이지 (CSS/JS 내장)",
    "데이터 액션 라우터를 통한 버튼 기능"
  ]
}