{
  "product_id": "20260215-143859-web3-asset-security-audit-fram",
  "output_dir": "d:\\auto\\MetaPassiveIncome_FINAL\\outputs\\20260215-143859-web3-asset-security-audit-fram",
  "main_asset": "d:\\auto\\MetaPassiveIncome_FINAL\\outputs\\20260215-143859-web3-asset-security-audit-fram\\index.html",
  "schema_path": "d:\\auto\\MetaPassiveIncome_FINAL\\outputs\\20260215-143859-web3-asset-security-audit-fram\\product_schema.json",
  "main_content_path": "d:\\auto\\MetaPassiveIncome_FINAL\\outputs\\20260215-143859-web3-asset-security-audit-fram\\product.pdf",
  "checksum": "69f61960bfc77a046e045e680decb96d1d2067261a2d978ce21dd44ec26b04fa",
  "generated_at": "20260215-143859",
  "status": "GENERATED_SUCCESS",
  "schema_driven": true,
  "notes": [
    "스키마 기반 생성 (product_schema.json)",
    "단일 파일 랜딩 페이지 (CSS/JS 내장)",
    "데이터 액션 라우터를 통한 버튼 기능"
  ]
}