{
  "product_id": "20260220-180209-7-hidden-no-code-ai-saas-ideas",
  "output_dir": "d:\\auto\\MetaPassiveIncome_FINAL\\outputs\\20260220-180209-7-hidden-no-code-ai-saas-ideas",
  "main_asset": "d:\\auto\\MetaPassiveIncome_FINAL\\outputs\\20260220-180209-7-hidden-no-code-ai-saas-ideas\\index.html",
  "schema_path": "d:\\auto\\MetaPassiveIncome_FINAL\\outputs\\20260220-180209-7-hidden-no-code-ai-saas-ideas\\product_schema.json",
  "main_content_path": "d:\\auto\\MetaPassiveIncome_FINAL\\outputs\\20260220-180209-7-hidden-no-code-ai-saas-ideas\\product.pdf",
  "checksum": "230aee0fea25e01ca56668393e96b93012143292d29e537ff1d671b53f53f7cb",
  "generated_at": "20260220-180224",
  "status": "GENERATED_SUCCESS",
  "schema_driven": true,
  "notes": [
    "스키마 기반 생성 (product_schema.json)",
    "단일 파일 랜딩 페이지 (CSS/JS 내장)",
    "데이터 액션 라우터를 통한 버튼 기능"
  ]
}