{
  "product_id": "20260213-101735-소셜-미디어-프로필-링크-페이지",
  "output_dir": "d:\\auto\\MetaPassiveIncome_FINAL\\outputs\\20260213-101735-소셜-미디어-프로필-링크-페이지",
  "main_asset": "d:\\auto\\MetaPassiveIncome_FINAL\\outputs\\20260213-101735-소셜-미디어-프로필-링크-페이지\\index.html",
  "schema_path": "d:\\auto\\MetaPassiveIncome_FINAL\\outputs\\20260213-101735-소셜-미디어-프로필-링크-페이지\\product_schema.json",
  "main_content_path": "d:\\auto\\MetaPassiveIncome_FINAL\\outputs\\20260213-101735-소셜-미디어-프로필-링크-페이지\\product.md",
  "checksum": "66ff6f6c926c85de646d4efce68830a48aa8054873f3e5675c97e3c42ab945ec",
  "generated_at": "20260213-101735",
  "status": "GENERATED_SUCCESS",
  "schema_driven": true,
  "notes": [
    "스키마 기반 생성 (product_schema.json)",
    "단일 파일 랜딩 페이지 (CSS/JS 내장)",
    "데이터 액션 라우터를 통한 버튼 기능"
  ]
}