{
  "product_id": "20260215-143622-web3-smart-contract-audit-chec",
  "output_dir": "d:\\auto\\MetaPassiveIncome_FINAL\\outputs\\20260215-143622-web3-smart-contract-audit-chec",
  "main_asset": "d:\\auto\\MetaPassiveIncome_FINAL\\outputs\\20260215-143622-web3-smart-contract-audit-chec\\index.html",
  "schema_path": "d:\\auto\\MetaPassiveIncome_FINAL\\outputs\\20260215-143622-web3-smart-contract-audit-chec\\product_schema.json",
  "main_content_path": "d:\\auto\\MetaPassiveIncome_FINAL\\outputs\\20260215-143622-web3-smart-contract-audit-chec\\product.pdf",
  "checksum": "49064b721ed79c9629510bde17d29a50dee0069dceea22f81ac163c282fcbfa1",
  "generated_at": "20260215-143623",
  "status": "GENERATED_SUCCESS",
  "schema_driven": true,
  "notes": [
    "스키마 기반 생성 (product_schema.json)",
    "단일 파일 랜딩 페이지 (CSS/JS 내장)",
    "데이터 액션 라우터를 통한 버튼 기능"
  ]
}