{
  "product_id": "20260220-205123-2026-ielts-speaking-questions",
  "output_dir": "d:\\auto\\MetaPassiveIncome_FINAL\\outputs\\20260220-205123-2026-ielts-speaking-questions",
  "main_asset": "d:\\auto\\MetaPassiveIncome_FINAL\\outputs\\20260220-205123-2026-ielts-speaking-questions\\index.html",
  "schema_path": "d:\\auto\\MetaPassiveIncome_FINAL\\outputs\\20260220-205123-2026-ielts-speaking-questions\\product_schema.json",
  "main_content_path": "d:\\auto\\MetaPassiveIncome_FINAL\\outputs\\20260220-205123-2026-ielts-speaking-questions\\product.pdf",
  "checksum": "c7343ad818565993b32093229759dc100679aaeecc7ba5550cc9b45f6decc1dc",
  "generated_at": "20260220-205141",
  "status": "GENERATED_SUCCESS",
  "schema_driven": true,
  "notes": [
    "스키마 기반 생성 (product_schema.json)",
    "단일 파일 랜딩 페이지 (CSS/JS 내장)",
    "데이터 액션 라우터를 통한 버튼 기능"
  ]
}