{
  "product_id": "20260220-205123-2026-ielts-speaking-questions",
  "title": "Unlock Your Passive Income with 2026 IELTS Speaking Questions And Answer",
  "target_customer": "Creators and merchants interested in 2026 IELTS Speaking Questions And Answer",
  "value_proposition": "Leverage AI to create and sell digital products based on: 2026 IELTS Speaking Questions And Answer",
  "sections": {
    "hero": {
      "headline": "Unlock Your Passive Income with 2026 IELTS Speaking Questions And Answer",
      "subheadline": "Leverage AI to create and sell digital products based on: 2026 IELTS Speaking Questions And Answer"
    },
    "problem": {
      "description": "Creating and selling digital products is complex and time-consuming. Most creators fail due to technical friction and lack of a structured system."
    },
    "solution": {
      "description": "A professional-grade implementation system that handles everything from landing to delivery. Focus on your content, we handle the infrastructure."
    },
    "features": [
      "One-file deployment architecture for 2026 IELTS Speaking Questions And Answer",
      "Secure token-gated delivery for 2026 IELTS Speaking Questions And Answer",
      "Conversion-optimized landing components for 2026 IELTS Speaking Questions And Answer",
      "Built-in analytics & tracking for 2026 IELTS Speaking Questions And Answer",
      "Automated promotion asset generator for 2026 IELTS Speaking Questions And Answer"
    ],
    "benefits": [
      "Ship faster with ready 2026 IELTS Speaking Questions And Answer templates",
      "Increase conversion with clear 2026 IELTS Speaking Questions And Answer value prop",
      "Operate with predictable 2026 IELTS Speaking Questions And Answer delivery flow",
      "Scale experimentation with simple 2026 IELTS Speaking Questions And Answer A/B hooks"
    ],
    "pricing": {
      "tier_name": "Standard Access",
      "price": "$29.00"
    },
    "faq": [
      {
        "q": "What is included?",
        "a": "You get the full landing page, the 2026 IELTS Speaking Questions And Answer guide, and automated delivery setup."
      },
      {
        "q": "How do I deploy?",
        "a": "Upload to Vercel, Netlify, or any static host. No backend needed."
      },
      {
        "q": "Is it secure?",
        "a": "Yes, it uses wallet-based authentication for delivery gating."
      }
    ],
    "cta": {
      "text": "Get Started Now"
    },
    "design": {
      "theme": "saas",
      "primary_color": "#00b4ff",
      "secondary_color": "#00b4ff",
      "font_family": "Inter, sans-serif",
      "layout_style": "minimalist"
    }
  },
  "assets": {
    "main_content_file": "product.pdf",
    "landing_page": "index.html"
  },
  "_injected_price": "$29.00",
  "_market_price": "$49.00",
  "price": "29"
}