{
  "product_id": "20260213-111527-제품-출시-coming-soon-페이지-이메일-캡처-포",
  "output_dir": "d:\\auto\\MetaPassiveIncome_FINAL\\outputs\\20260213-111527-제품-출시-coming-soon-페이지-이메일-캡처-포",
  "main_asset": "d:\\auto\\MetaPassiveIncome_FINAL\\outputs\\20260213-111527-제품-출시-coming-soon-페이지-이메일-캡처-포\\index.html",
  "schema_path": "d:\\auto\\MetaPassiveIncome_FINAL\\outputs\\20260213-111527-제품-출시-coming-soon-페이지-이메일-캡처-포\\product_schema.json",
  "main_content_path": "d:\\auto\\MetaPassiveIncome_FINAL\\outputs\\20260213-111527-제품-출시-coming-soon-페이지-이메일-캡처-포\\product.md",
  "checksum": "86a4097da47d6b29e8738d5cda3f8f31153f01e5bf8a84008367fe6813aaab86",
  "generated_at": "20260213-111527",
  "status": "GENERATED_SUCCESS",
  "schema_driven": true,
  "notes": [
    "스키마 기반 생성 (product_schema.json)",
    "단일 파일 랜딩 페이지 (CSS/JS 내장)",
    "데이터 액션 라우터를 통한 버튼 기능"
  ]
}