{
  "product_id": "20260220-114637-digital-asset-bundle-2026-02-2",
  "output_dir": "d:\\auto\\MetaPassiveIncome_FINAL\\outputs\\20260220-114637-digital-asset-bundle-2026-02-2",
  "main_asset": "d:\\auto\\MetaPassiveIncome_FINAL\\outputs\\20260220-114637-digital-asset-bundle-2026-02-2\\index.html",
  "schema_path": "d:\\auto\\MetaPassiveIncome_FINAL\\outputs\\20260220-114637-digital-asset-bundle-2026-02-2\\product_schema.json",
  "main_content_path": "d:\\auto\\MetaPassiveIncome_FINAL\\outputs\\20260220-114637-digital-asset-bundle-2026-02-2\\product.pdf",
  "checksum": "fd57a5393f6d85281f81005dd92bd96009a0d8b398a433ca5923f0694bd62aa1",
  "generated_at": "20260220-114654",
  "status": "GENERATED_SUCCESS",
  "schema_driven": true,
  "notes": [
    "스키마 기반 생성 (product_schema.json)",
    "단일 파일 랜딩 페이지 (CSS/JS 내장)",
    "데이터 액션 라우터를 통한 버튼 기능"
  ]
}