{
  "product_id": "20260213-111159-saas-waitlist-coming-soon-page",
  "output_dir": "d:\\auto\\MetaPassiveIncome_FINAL\\outputs\\20260213-111159-saas-waitlist-coming-soon-page",
  "main_asset": "d:\\auto\\MetaPassiveIncome_FINAL\\outputs\\20260213-111159-saas-waitlist-coming-soon-page\\index.html",
  "schema_path": "d:\\auto\\MetaPassiveIncome_FINAL\\outputs\\20260213-111159-saas-waitlist-coming-soon-page\\product_schema.json",
  "main_content_path": "d:\\auto\\MetaPassiveIncome_FINAL\\outputs\\20260213-111159-saas-waitlist-coming-soon-page\\product.md",
  "checksum": "db110c42e029c71cdcd44107f87978e3d9a8d93ddbd733882efd756a3555d9bf",
  "generated_at": "20260213-111159",
  "status": "GENERATED_SUCCESS",
  "schema_driven": true,
  "notes": [
    "스키마 기반 생성 (product_schema.json)",
    "단일 파일 랜딩 페이지 (CSS/JS 내장)",
    "데이터 액션 라우터를 통한 버튼 기능"
  ]
}