day,channel,hook,cta,keywords
1,Reddit,"Stop paying card fees — settle globally in minutes","Copy the exact system and ship this week","crypto checkout, stablecoins, settlement"
2,Reddit,"Privacy-first: reduce payment traceability in your ops","Copy the exact system and ship this week","automation, ops, support macros"
3,YouTube Shorts,"From 0 to first 10 sales: a realistic 7-day launch plan","Use the checklist and avoid expensive errors","web3 payments, digital product delivery"
4,X,"Stop paying card fees — settle globally in minutes","Use the checklist and avoid expensive errors","web3 payments, digital product delivery"
5,Reddit,"Avoid the top 5 mistakes when selling digital goods for crypto","Get the full premium guide + templates","conversion rate, funnel, landing page"
6,LinkedIn,"Privacy-first: reduce payment traceability in your ops","Use the checklist and avoid expensive errors","automation, ops, support macros"
7,Blog,"Upgrade conversion with trust blocks + proof metrics","Use the checklist and avoid expensive errors","automation, ops, support macros"
8,TikTok,"Turn crypto payments into a predictable revenue system","Use the checklist and avoid expensive errors","crypto checkout, stablecoins, settlement"
9,YouTube Shorts,"Stop paying card fees — settle globally in minutes","Copy the exact system and ship this week","automation, ops, support macros"
10,X,"Privacy-first: reduce payment traceability in your ops","Download the bundle and deploy today","conversion rate, funnel, landing page"
11,TikTok,"Privacy-first: reduce payment traceability in your ops","Get the full premium guide + templates","crypto checkout, stablecoins, settlement"
12,Instagram,"Upgrade conversion with trust blocks + proof metrics","Get the full premium guide + templates","web3 payments, digital product delivery"
13,Instagram,"Stop paying card fees — settle globally in minutes","Get the full premium guide + templates","automation, ops, support macros"
14,YouTube Shorts,"Upgrade conversion with trust blocks + proof metrics","Copy the exact system and ship this week","crypto checkout, stablecoins, settlement"
15,Reddit,"Upgrade conversion with trust blocks + proof metrics","Download the bundle and deploy today","web3 payments, digital product delivery"
16,LinkedIn,"From 0 to first 10 sales: a realistic 7-day launch plan","Copy the exact system and ship this week","web3 payments, digital product delivery"
17,Blog,"Stop paying card fees — settle globally in minutes","Get the full premium guide + templates","nowpayments, invoice, payment status"
18,Instagram,"Avoid the top 5 mistakes when selling digital goods for crypto","Get the full premium guide + templates","nowpayments, invoice, payment status"
19,YouTube Shorts,"Turn crypto payments into a predictable revenue system","Download the bundle and deploy today","automation, ops, support macros"
20,YouTube Shorts,"From 0 to first 10 sales: a realistic 7-day launch plan","Use the checklist and avoid expensive errors","conversion rate, funnel, landing page"
21,YouTube Shorts,"Turn crypto payments into a predictable revenue system","Use the checklist and avoid expensive errors","web3 payments, digital product delivery"
22,Blog,"Upgrade conversion with trust blocks + proof metrics","Use the checklist and avoid expensive errors","conversion rate, funnel, landing page"
23,YouTube Shorts,"From 0 to first 10 sales: a realistic 7-day launch plan","Use the checklist and avoid expensive errors","automation, ops, support macros"
24,Reddit,"Privacy-first: reduce payment traceability in your ops","Download the bundle and deploy today","crypto checkout, stablecoins, settlement"
25,X,"Turn crypto payments into a predictable revenue system","Copy the exact system and ship this week","nowpayments, invoice, payment status"
26,YouTube Shorts,"Upgrade conversion with trust blocks + proof metrics","Download the bundle and deploy today","nowpayments, invoice, payment status"
27,X,"Privacy-first: reduce payment traceability in your ops","Get the full premium guide + templates","automation, ops, support macros"
28,Reddit,"From 0 to first 10 sales: a realistic 7-day launch plan","Use the checklist and avoid expensive errors","crypto checkout, stablecoins, settlement"
29,LinkedIn,"Upgrade conversion with trust blocks + proof metrics","Get the full premium guide + templates","web3 payments, digital product delivery"
30,Instagram,"Avoid the top 5 mistakes when selling digital goods for crypto","Copy the exact system and ship this week","conversion rate, funnel, landing page"
