{
  "product_id": "20260213-075117-ai-passive-income",
  "output_dir": "d:\\auto\\MetaPassiveIncome_FINAL\\outputs\\20260213-075117-ai-passive-income",
  "main_asset": "d:\\auto\\MetaPassiveIncome_FINAL\\outputs\\20260213-075117-ai-passive-income\\index.html",
  "schema_path": "d:\\auto\\MetaPassiveIncome_FINAL\\outputs\\20260213-075117-ai-passive-income\\product_schema.json",
  "main_content_path": "d:\\auto\\MetaPassiveIncome_FINAL\\outputs\\20260213-075117-ai-passive-income\\product.md",
  "checksum": "67979b75bcb1fd62a7842aa636ea9757b784a894bbd245c0ec88404395d4d9ed",
  "generated_at": "20260213-075117",
  "status": "GENERATED_SUCCESS",
  "schema_driven": true,
  "notes": [
    "스키마 기반 생성 (product_schema.json)",
    "단일 파일 랜딩 페이지 (CSS/JS 내장)",
    "데이터 액션 라우터를 통한 버튼 기능"
  ]
}