{
  "product_id": "20260220-060044-web3-marketing-playbook-commun",
  "output_dir": "d:\\auto\\MetaPassiveIncome_FINAL\\outputs\\20260220-060044-web3-marketing-playbook-commun",
  "main_asset": "d:\\auto\\MetaPassiveIncome_FINAL\\outputs\\20260220-060044-web3-marketing-playbook-commun\\index.html",
  "schema_path": "d:\\auto\\MetaPassiveIncome_FINAL\\outputs\\20260220-060044-web3-marketing-playbook-commun\\product_schema.json",
  "main_content_path": "d:\\auto\\MetaPassiveIncome_FINAL\\outputs\\20260220-060044-web3-marketing-playbook-commun\\product.pdf",
  "checksum": "275360abb7bdd72b44007096cb5533e5add39dad38a2e92791ad1186aaba5b04",
  "generated_at": "20260220-060100",
  "status": "GENERATED_SUCCESS",
  "schema_driven": true,
  "notes": [
    "스키마 기반 생성 (product_schema.json)",
    "단일 파일 랜딩 페이지 (CSS/JS 내장)",
    "데이터 액션 라우터를 통한 버튼 기능"
  ]
}