{
  "product_id": "20260219-143112-28-unique-digital-products-to",
  "output_dir": "d:\\auto\\MetaPassiveIncome_FINAL\\outputs\\20260219-143112-28-unique-digital-products-to",
  "main_asset": "d:\\auto\\MetaPassiveIncome_FINAL\\outputs\\20260219-143112-28-unique-digital-products-to\\index.html",
  "schema_path": "d:\\auto\\MetaPassiveIncome_FINAL\\outputs\\20260219-143112-28-unique-digital-products-to\\product_schema.json",
  "main_content_path": "d:\\auto\\MetaPassiveIncome_FINAL\\outputs\\20260219-143112-28-unique-digital-products-to\\product.pdf",
  "checksum": "243cda6b063ec835a09f9d92fafea3169b8ac14c8d86907e27c1676d0b66bb35",
  "generated_at": "20260219-143123",
  "status": "GENERATED_SUCCESS",
  "schema_driven": true,
  "notes": [
    "스키마 기반 생성 (product_schema.json)",
    "단일 파일 랜딩 페이지 (CSS/JS 내장)",
    "데이터 액션 라우터를 통한 버튼 기능"
  ]
}