{
  "product_id": "20260219-143112-28-unique-digital-products-to",
  "title": "Unlock Your Passive Income with 28 Unique Digital Products To Sell in 2026 (Profitable Ideas)",
  "target_customer": "Creators and merchants interested in 28 Unique Digital Products To Sell in 2026 (Profitable Ideas)",
  "value_proposition": "Leverage AI to create and sell digital products based on: 28 Unique Digital Products To Sell in 2026 (Profitable Ideas)",
  "sections": {
    "hero": {
      "headline": "Unlock Your Passive Income with 28 Unique Digital Products To Sell in 2026 (Profitable Ideas)",
      "subheadline": "Leverage AI to create and sell digital products based on: 28 Unique Digital Products To Sell in 2026 (Profitable Ideas)"
    },
    "problem": {
      "description": "Generic e-commerce stores fail to build trust and suffer from high cart abandonment. Without a high-performance storefront, conversion remains stagnant."
    },
    "solution": {
      "description": "A conversion-optimized e-commerce engine with mobile-first UI, friction-free checkout, and built-in trust triggers. Built for modern digital merchants."
    },
    "features": [
      "Mobile-optimized high-speed landing UI for 28 Unique Digital Products To Sell in 2026 (Profitable Ideas)",
      "Trust-building proof & badge templates for 28 Unique Digital Products To Sell in 2026 (Profitable Ideas)",
      "Frictionless 1-click checkout flow for 28 Unique Digital Products To Sell in 2026 (Profitable Ideas)",
      "Automated order confirmation & tracking for 28 Unique Digital Products To Sell in 2026 (Profitable Ideas)",
      "Urgency & scarcity trigger system for 28 Unique Digital Products To Sell in 2026 (Profitable Ideas)"
    ],
    "benefits": [
      "Ship faster with ready 28 Unique Digital Products To Sell in 2026 (Profitable Ideas) templates",
      "Increase conversion with clear 28 Unique Digital Products To Sell in 2026 (Profitable Ideas) value prop",
      "Operate with predictable 28 Unique Digital Products To Sell in 2026 (Profitable Ideas) delivery flow",
      "Scale experimentation with simple 28 Unique Digital Products To Sell in 2026 (Profitable Ideas) A/B hooks"
    ],
    "pricing": {
      "tier_name": "Standard Access",
      "price": "$29.00"
    },
    "faq": [
      {
        "q": "What is included?",
        "a": "You get the full landing page, the 28 Unique Digital Products To Sell in 2026 (Profitable Ideas) guide, and automated delivery setup."
      },
      {
        "q": "How do I deploy?",
        "a": "Upload to Vercel, Netlify, or any static host. No backend needed."
      },
      {
        "q": "Is it secure?",
        "a": "Yes, it uses wallet-based authentication for delivery gating."
      }
    ],
    "cta": {
      "text": "Get Started Now"
    },
    "design": {
      "theme": "elegant",
      "primary_color": "#00b4ff",
      "secondary_color": "#00b4ff",
      "font_family": "Inter, sans-serif",
      "layout_style": "minimalist"
    }
  },
  "assets": {
    "main_content_file": "product.pdf",
    "landing_page": "index.html"
  },
  "metadata": {
    "final_price_usd": 29.0
  },
  "_injected_price": "$29.00",
  "price": "29",
  "offers": {
    "@type": "Offer",
    "price": "29.00",
    "priceCurrency": "USD"
  },
  "_market_price": "$49.00",
  "market_analysis": {
    "category": "Standard Digital Asset",
    "market_price": 49,
    "our_price": 29,
    "desc": "High-quality digital resource"
  }
}