{
  "product_id": "20260220-181547-the-6-best-b-2-b-community-exa",
  "title": "Unlock Your Passive Income with The 6 Best B 2 B Community Examples of 2025",
  "target_customer": "Creators and merchants interested in The 6 Best B 2 B Community Examples of 2025",
  "value_proposition": "Leverage AI to create and sell digital products based on: The 6 Best B 2 B Community Examples of 2025",
  "sections": {
    "hero": {
      "headline": "Unlock Your Passive Income with The 6 Best B 2 B Community Examples of 2025",
      "subheadline": "Leverage AI to create and sell digital products based on: The 6 Best B 2 B Community Examples of 2025"
    },
    "problem": {
      "description": "Creating and selling digital products is complex and time-consuming. Most creators fail due to technical friction and lack of a structured system."
    },
    "solution": {
      "description": "A professional-grade implementation system that handles everything from landing to delivery. Focus on your content, we handle the infrastructure."
    },
    "features": [
      "One-file deployment architecture for The 6 Best B 2 B Community Examples of 2025",
      "Secure token-gated delivery for The 6 Best B 2 B Community Examples of 2025",
      "Conversion-optimized landing components for The 6 Best B 2 B Community Examples of 2025",
      "Built-in analytics & tracking for The 6 Best B 2 B Community Examples of 2025",
      "Automated promotion asset generator for The 6 Best B 2 B Community Examples of 2025"
    ],
    "benefits": [
      "Ship faster with ready The 6 Best B 2 B Community Examples of 2025 templates",
      "Increase conversion with clear The 6 Best B 2 B Community Examples of 2025 value prop",
      "Operate with predictable The 6 Best B 2 B Community Examples of 2025 delivery flow",
      "Scale experimentation with simple The 6 Best B 2 B Community Examples of 2025 A/B hooks"
    ],
    "pricing": {
      "tier_name": "Standard Access",
      "price": "$29.00"
    },
    "faq": [
      {
        "q": "What is included?",
        "a": "You get the full landing page, the The 6 Best B 2 B Community Examples of 2025 guide, and automated delivery setup."
      },
      {
        "q": "How do I deploy?",
        "a": "Upload to Vercel, Netlify, or any static host. No backend needed."
      },
      {
        "q": "Is it secure?",
        "a": "Yes, it uses wallet-based authentication for delivery gating."
      }
    ],
    "cta": {
      "text": "Get Started Now"
    },
    "design": {
      "theme": "modern",
      "primary_color": "#00b4ff",
      "secondary_color": "#00b4ff",
      "font_family": "system-ui, sans-serif",
      "layout_style": "professional"
    }
  },
  "assets": {
    "main_content_file": "product.pdf",
    "landing_page": "index.html"
  },
  "_injected_price": "$29.00",
  "_market_price": "$49.00",
  "price": "29"
}