{
  "product_id": "20260220-180836-blackbox-ai",
  "title": "Unlock Your Passive Income with BLACKBOX AI",
  "target_customer": "Creators and merchants interested in BLACKBOX AI",
  "value_proposition": "Leverage AI to create and sell digital products based on: BLACKBOX AI",
  "sections": {
    "hero": {
      "headline": "Unlock Your Passive Income with BLACKBOX AI",
      "subheadline": "Leverage AI to create and sell digital products based on: BLACKBOX AI"
    },
    "problem": {
      "description": "Manual AI workflows are slow and error-prone. Without a structured automation system, scaling AI-driven tasks leads to inconsistent quality and high operational costs."
    },
    "solution": {
      "description": "A robust AI automation framework with pre-built prompt templates, error-handling logic, and automated quality gates. Designed for high-scale AI operations."
    },
    "features": [
      "Hardened prompt engineering library for BLACKBOX AI",
      "Automated quality gate & validation logic for BLACKBOX AI",
      "Rate-limit & retry handling system for BLACKBOX AI",
      "Structured output (JSON/Markdown) templates for BLACKBOX AI",
      "AI-to-Human handoff workflows for BLACKBOX AI"
    ],
    "benefits": [
      "Ship faster with ready BLACKBOX AI templates",
      "Increase conversion with clear BLACKBOX AI value prop",
      "Operate with predictable BLACKBOX AI delivery flow",
      "Scale experimentation with simple BLACKBOX AI A/B hooks"
    ],
    "pricing": {
      "tier_name": "Standard Access",
      "price": "$29.00"
    },
    "faq": [
      {
        "q": "What is included?",
        "a": "You get the full landing page, the BLACKBOX AI guide, and automated delivery setup."
      },
      {
        "q": "How do I deploy?",
        "a": "Upload to Vercel, Netlify, or any static host. No backend needed."
      },
      {
        "q": "Is it secure?",
        "a": "Yes, it uses wallet-based authentication for delivery gating."
      }
    ],
    "cta": {
      "text": "Get Started Now"
    },
    "design": {
      "theme": "minimal",
      "primary_color": "#10b981",
      "secondary_color": "#10b981",
      "font_family": "system-ui, sans-serif",
      "layout_style": "professional"
    }
  },
  "assets": {
    "main_content_file": "product.pdf",
    "landing_page": "index.html"
  },
  "_injected_price": "$29.00",
  "_market_price": "$49.00",
  "price": "29"
}