{
  "product_id": "20260213-042948-crypto-first-email-funnel-syst",
  "output_dir": "d:\\auto\\MetaPassiveIncome_FINAL\\outputs\\20260213-042948-crypto-first-email-funnel-syst",
  "main_asset": "d:\\auto\\MetaPassiveIncome_FINAL\\outputs\\20260213-042948-crypto-first-email-funnel-syst\\index.html",
  "schema_path": "d:\\auto\\MetaPassiveIncome_FINAL\\outputs\\20260213-042948-crypto-first-email-funnel-syst\\product_schema.json",
  "main_content_path": "d:\\auto\\MetaPassiveIncome_FINAL\\outputs\\20260213-042948-crypto-first-email-funnel-syst\\product.md",
  "checksum": "3bf5cb113b55529fc28accdfab5cb3ebef5f43dce918d870cb5ca0562355df0a",
  "generated_at": "20260213-042948",
  "status": "GENERATED_SUCCESS",
  "schema_driven": true,
  "notes": [
    "스키마 기반 생성 (product_schema.json)",
    "단일 파일 랜딩 페이지 (CSS/JS 내장)",
    "데이터 액션 라우터를 통한 버튼 기능"
  ]
}