{
  "product_id": "20260208-095347-단일-서비스-판매-페이지-온페이지-세일즈",
  "output_dir": "d:\\auto\\MetaPassiveIncome_FINAL\\outputs\\20260208-095347-단일-서비스-판매-페이지-온페이지-세일즈",
  "main_asset": "d:\\auto\\MetaPassiveIncome_FINAL\\outputs\\20260208-095347-단일-서비스-판매-페이지-온페이지-세일즈\\index.html",
  "schema_path": "d:\\auto\\MetaPassiveIncome_FINAL\\outputs\\20260208-095347-단일-서비스-판매-페이지-온페이지-세일즈\\product_schema.json",
  "main_content_path": "d:\\auto\\MetaPassiveIncome_FINAL\\outputs\\20260208-095347-단일-서비스-판매-페이지-온페이지-세일즈\\product.md",
  "checksum": "f9a70f82f9309e0e86071c239b4e5745ec7e0fa2ee3d0a691cb99f2c1ed9b287",
  "generated_at": "20260208-095347",
  "status": "GENERATED_SUCCESS",
  "schema_driven": true,
  "notes": [
    "스키마 기반 생성 (product_schema.json)",
    "단일 파일 랜딩 페이지 (CSS/JS 내장)",
    "데이터 액션 라우터를 통한 버튼 기능"
  ]
}