{
  "product_id": "20260220-001843-10-must-try-notion-templates-f",
  "title": "Unlock Your Passive Income with 10 Must-Try Notion Templates for Productivity in 2026",
  "target_customer": "Creators and merchants interested in 10 Must-Try Notion Templates for Productivity in 2026",
  "value_proposition": "Leverage AI to create and sell digital products based on: 10 Must-Try Notion Templates for Productivity in 2026",
  "sections": {
    "hero": {
      "headline": "Unlock Your Passive Income with 10 Must-Try Notion Templates for Productivity in 2026",
      "subheadline": "Leverage AI to create and sell digital products based on: 10 Must-Try Notion Templates for Productivity in 2026"
    },
    "problem": {
      "description": "Modern workflows are fragmented and manual. Users waste hours on repetitive tasks that should be automated, leading to burnout and inefficiency."
    },
    "solution": {
      "description": "A seamless productivity engine that automates the heavy lifting. Includes ready-to-use templates, batch scripts, and a clear roadmap to 10x output."
    },
    "features": [
      "1-Click workflow automation templates for 10 Must-Try Notion Templates for Productivity in 2026",
      "Batch processing & script library for 10 Must-Try Notion Templates for Productivity in 2026",
      "Time-saving integration hooks for 10 Must-Try Notion Templates for Productivity in 2026",
      "Customizable milestone trackers for 10 Must-Try Notion Templates for Productivity in 2026",
      "Minimalist, friction-free UI/UX for 10 Must-Try Notion Templates for Productivity in 2026"
    ],
    "benefits": [
      "Ship faster with ready 10 Must-Try Notion Templates for Productivity in 2026 templates",
      "Increase conversion with clear 10 Must-Try Notion Templates for Productivity in 2026 value prop",
      "Operate with predictable 10 Must-Try Notion Templates for Productivity in 2026 delivery flow",
      "Scale experimentation with simple 10 Must-Try Notion Templates for Productivity in 2026 A/B hooks"
    ],
    "pricing": {
      "tier_name": "Standard Access",
      "price": "$19.00"
    },
    "faq": [
      {
        "q": "What is included?",
        "a": "You get the full landing page, the 10 Must-Try Notion Templates for Productivity in 2026 guide, and automated delivery setup."
      },
      {
        "q": "How do I deploy?",
        "a": "Upload to Vercel, Netlify, or any static host. No backend needed."
      },
      {
        "q": "Is it secure?",
        "a": "Yes, it uses wallet-based authentication for delivery gating."
      }
    ],
    "cta": {
      "text": "Get Started Now"
    },
    "design": {
      "theme": "saas",
      "primary_color": "#8b5cf6",
      "secondary_color": "#8b5cf6",
      "font_family": "Georgia, serif",
      "layout_style": "creative"
    }
  },
  "assets": {
    "main_content_file": "product.pdf",
    "landing_page": "index.html"
  },
  "_injected_price": "$19.00",
  "_market_price": "$49.00",
  "price": "19"
}