{
  "product_id": "20260213-151024-제품-출시-coming-soon-페이지-이메일-수집-포",
  "output_dir": "d:\\auto\\MetaPassiveIncome_FINAL\\outputs\\20260213-151024-제품-출시-coming-soon-페이지-이메일-수집-포",
  "main_asset": "d:\\auto\\MetaPassiveIncome_FINAL\\outputs\\20260213-151024-제품-출시-coming-soon-페이지-이메일-수집-포\\index.html",
  "schema_path": "d:\\auto\\MetaPassiveIncome_FINAL\\outputs\\20260213-151024-제품-출시-coming-soon-페이지-이메일-수집-포\\product_schema.json",
  "main_content_path": "d:\\auto\\MetaPassiveIncome_FINAL\\outputs\\20260213-151024-제품-출시-coming-soon-페이지-이메일-수집-포\\product.md",
  "checksum": "4036e9f17da19028a24ab98c28d2dce63ffda7717c6383ebf72d74370446969d",
  "generated_at": "20260213-151024",
  "status": "GENERATED_SUCCESS",
  "schema_driven": true,
  "notes": [
    "스키마 기반 생성 (product_schema.json)",
    "단일 파일 랜딩 페이지 (CSS/JS 내장)",
    "데이터 액션 라우터를 통한 버튼 기능"
  ]
}