day,channel,hook,cta,keywords
1,Reddit,"Avoid the top 5 mistakes when selling digital goods for crypto","Copy the exact system and ship this week","web3 payments, digital product delivery"
2,YouTube Shorts,"Privacy-first: reduce payment traceability in your ops","Download the bundle and deploy today","crypto checkout, stablecoins, settlement"
3,X,"Upgrade conversion with trust blocks + proof metrics","Copy the exact system and ship this week","nowpayments, invoice, payment status"
4,Blog,"From 0 to first 10 sales: a realistic 7-day launch plan","Get the full premium guide + templates","automation, ops, support macros"
5,Instagram,"Upgrade conversion with trust blocks + proof metrics","Copy the exact system and ship this week","web3 payments, digital product delivery"
6,LinkedIn,"Upgrade conversion with trust blocks + proof metrics","Copy the exact system and ship this week","crypto checkout, stablecoins, settlement"
7,YouTube Shorts,"Stop paying card fees — settle globally in minutes","Use the checklist and avoid expensive errors","conversion rate, funnel, landing page"
8,Instagram,"Privacy-first: reduce payment traceability in your ops","Copy the exact system and ship this week","crypto checkout, stablecoins, settlement"
9,TikTok,"Privacy-first: reduce payment traceability in your ops","Get the full premium guide + templates","nowpayments, invoice, payment status"
10,Instagram,"Upgrade conversion with trust blocks + proof metrics","Use the checklist and avoid expensive errors","conversion rate, funnel, landing page"
11,Reddit,"From 0 to first 10 sales: a realistic 7-day launch plan","Copy the exact system and ship this week","nowpayments, invoice, payment status"
12,YouTube Shorts,"Turn crypto payments into a predictable revenue system","Get the full premium guide + templates","crypto checkout, stablecoins, settlement"
13,Instagram,"Turn crypto payments into a predictable revenue system","Use the checklist and avoid expensive errors","conversion rate, funnel, landing page"
14,Reddit,"Stop paying card fees — settle globally in minutes","Get the full premium guide + templates","conversion rate, funnel, landing page"
15,Reddit,"Stop paying card fees — settle globally in minutes","Use the checklist and avoid expensive errors","automation, ops, support macros"
16,Instagram,"From 0 to first 10 sales: a realistic 7-day launch plan","Get the full premium guide + templates","automation, ops, support macros"
17,TikTok,"Privacy-first: reduce payment traceability in your ops","Download the bundle and deploy today","automation, ops, support macros"
18,Instagram,"Avoid the top 5 mistakes when selling digital goods for crypto","Copy the exact system and ship this week","conversion rate, funnel, landing page"
19,Blog,"Privacy-first: reduce payment traceability in your ops","Download the bundle and deploy today","nowpayments, invoice, payment status"
20,YouTube Shorts,"Turn crypto payments into a predictable revenue system","Download the bundle and deploy today","web3 payments, digital product delivery"
21,Instagram,"From 0 to first 10 sales: a realistic 7-day launch plan","Use the checklist and avoid expensive errors","web3 payments, digital product delivery"
22,X,"Privacy-first: reduce payment traceability in your ops","Download the bundle and deploy today","web3 payments, digital product delivery"
23,Instagram,"Upgrade conversion with trust blocks + proof metrics","Download the bundle and deploy today","web3 payments, digital product delivery"
24,YouTube Shorts,"Upgrade conversion with trust blocks + proof metrics","Get the full premium guide + templates","crypto checkout, stablecoins, settlement"
25,X,"Privacy-first: reduce payment traceability in your ops","Download the bundle and deploy today","automation, ops, support macros"
26,YouTube Shorts,"Stop paying card fees — settle globally in minutes","Copy the exact system and ship this week","web3 payments, digital product delivery"
27,Blog,"Privacy-first: reduce payment traceability in your ops","Use the checklist and avoid expensive errors","nowpayments, invoice, payment status"
28,TikTok,"Stop paying card fees — settle globally in minutes","Copy the exact system and ship this week","crypto checkout, stablecoins, settlement"
29,Blog,"Privacy-first: reduce payment traceability in your ops","Download the bundle and deploy today","conversion rate, funnel, landing page"
30,Instagram,"Stop paying card fees — settle globally in minutes","Download the bundle and deploy today","automation, ops, support macros"
