{
  "product_id": "20260220-015945-cold-wallet-ops-manual-for-dig",
  "title": "Unlock Your Passive Income with Cold-Wallet Ops Manual for Digital Product Businesses",
  "target_customer": "Creators and merchants interested in Cold-Wallet Ops Manual for Digital Product Businesses",
  "value_proposition": "Leverage AI to create and sell digital products based on: Cold-Wallet Ops Manual for Digital Product Businesses",
  "sections": {
    "hero": {
      "headline": "Unlock Your Passive Income with Cold-Wallet Ops Manual for Digital Product Businesses",
      "subheadline": "Leverage AI to create and sell digital products based on: Cold-Wallet Ops Manual for Digital Product Businesses"
    },
    "problem": {
      "description": "Financial operators struggle with manual reporting, volatile fees, and complex compliance. Without a professional system, trust decays and conversion drops."
    },
    "solution": {
      "description": "A hardened financial toolkit with automated tracking, fee-optimized checkout, and built-in compliance checklists. Designed for high-trust transactions."
    },
    "features": [
      "Fee-optimized wallet checkout for Cold-Wallet Ops Manual for Digital Product Businesses",
      "Automated transaction reconciliation log for Cold-Wallet Ops Manual for Digital Product Businesses",
      "Compliance & Tax reporting templates for Cold-Wallet Ops Manual for Digital Product Businesses",
      "Real-time network fee estimator for Cold-Wallet Ops Manual for Digital Product Businesses",
      "Secure, idempotent delivery system for Cold-Wallet Ops Manual for Digital Product Businesses"
    ],
    "benefits": [
      "Ship faster with ready Cold-Wallet Ops Manual for Digital Product Businesses templates",
      "Increase conversion with clear Cold-Wallet Ops Manual for Digital Product Businesses value prop",
      "Operate with predictable Cold-Wallet Ops Manual for Digital Product Businesses delivery flow",
      "Scale experimentation with simple Cold-Wallet Ops Manual for Digital Product Businesses A/B hooks"
    ],
    "pricing": {
      "tier_name": "Standard Access",
      "price": "$39.00"
    },
    "faq": [
      {
        "q": "What is included?",
        "a": "You get the full landing page, the Cold-Wallet Ops Manual for Digital Product Businesses guide, and automated delivery setup."
      },
      {
        "q": "How do I deploy?",
        "a": "Upload to Vercel, Netlify, or any static host. No backend needed."
      },
      {
        "q": "Is it secure?",
        "a": "Yes, it uses wallet-based authentication for delivery gating."
      }
    ],
    "cta": {
      "text": "Get Started Now"
    },
    "design": {
      "theme": "saas",
      "primary_color": "#6366f1",
      "secondary_color": "#6366f1",
      "font_family": "Georgia, serif",
      "layout_style": "creative"
    }
  },
  "assets": {
    "main_content_file": "product.pdf",
    "landing_page": "index.html"
  }
}