{
  "product_id": "20260213-220457-global-merchant-crypto-checkou",
  "output_dir": "d:\\auto\\MetaPassiveIncome_FINAL\\outputs\\20260213-220457-global-merchant-crypto-checkou",
  "main_asset": "d:\\auto\\MetaPassiveIncome_FINAL\\outputs\\20260213-220457-global-merchant-crypto-checkou\\index.html",
  "schema_path": "d:\\auto\\MetaPassiveIncome_FINAL\\outputs\\20260213-220457-global-merchant-crypto-checkou\\product_schema.json",
  "main_content_path": "d:\\auto\\MetaPassiveIncome_FINAL\\outputs\\20260213-220457-global-merchant-crypto-checkou\\product.md",
  "checksum": "483c2e4300fcb14270f6cc871bb61e5a1c3bc582171ca98a410f06b23212263d",
  "generated_at": "20260213-220457",
  "status": "GENERATED_SUCCESS",
  "schema_driven": true,
  "notes": [
    "스키마 기반 생성 (product_schema.json)",
    "단일 파일 랜딩 페이지 (CSS/JS 내장)",
    "데이터 액션 라우터를 통한 버튼 기능"
  ]
}