{
  "product_id": "20260220-053152-leading-trends-for-etsy-2026-k",
  "output_dir": "d:\\auto\\MetaPassiveIncome_FINAL\\outputs\\20260220-053152-leading-trends-for-etsy-2026-k",
  "main_asset": "d:\\auto\\MetaPassiveIncome_FINAL\\outputs\\20260220-053152-leading-trends-for-etsy-2026-k\\index.html",
  "schema_path": "d:\\auto\\MetaPassiveIncome_FINAL\\outputs\\20260220-053152-leading-trends-for-etsy-2026-k\\product_schema.json",
  "main_content_path": "d:\\auto\\MetaPassiveIncome_FINAL\\outputs\\20260220-053152-leading-trends-for-etsy-2026-k\\product.pdf",
  "checksum": "20ee00fdf24344f58b8143d37184a4b4967cf6c962542632cec1a6e0e31dbeed",
  "generated_at": "20260220-053203",
  "status": "GENERATED_SUCCESS",
  "schema_driven": true,
  "notes": [
    "스키마 기반 생성 (product_schema.json)",
    "단일 파일 랜딩 페이지 (CSS/JS 내장)",
    "데이터 액션 라우터를 통한 버튼 기능"
  ]
}