{
  "product_id": "20260220-082710-course-login",
  "output_dir": "d:\\auto\\MetaPassiveIncome_FINAL\\outputs\\20260220-082710-course-login",
  "main_asset": "d:\\auto\\MetaPassiveIncome_FINAL\\outputs\\20260220-082710-course-login\\index.html",
  "schema_path": "d:\\auto\\MetaPassiveIncome_FINAL\\outputs\\20260220-082710-course-login\\product_schema.json",
  "main_content_path": "d:\\auto\\MetaPassiveIncome_FINAL\\outputs\\20260220-082710-course-login\\product.pdf",
  "checksum": "883599ba0fe058a18967833014991a94ef8c82e3527058a835758a03f10c92a5",
  "generated_at": "20260220-082722",
  "status": "GENERATED_SUCCESS",
  "schema_driven": true,
  "notes": [
    "스키마 기반 생성 (product_schema.json)",
    "단일 파일 랜딩 페이지 (CSS/JS 내장)",
    "데이터 액션 라우터를 통한 버튼 기능"
  ]
}