{
  "product_id": "20260220-082710-course-login",
  "title": "Unlock Your Passive Income with Course Login",
  "target_customer": "Creators and merchants interested in Course Login",
  "value_proposition": "Leverage AI to create and sell digital products based on: Course Login",
  "sections": {
    "hero": {
      "headline": "Unlock Your Passive Income with Course Login",
      "subheadline": "Leverage AI to create and sell digital products based on: Course Login"
    },
    "problem": {
      "description": "Creating and selling digital products is complex and time-consuming. Most creators fail due to technical friction and lack of a structured system."
    },
    "solution": {
      "description": "A professional-grade implementation system that handles everything from landing to delivery. Focus on your content, we handle the infrastructure."
    },
    "features": [
      "One-file deployment architecture for Course Login",
      "Secure token-gated delivery for Course Login",
      "Conversion-optimized landing components for Course Login",
      "Built-in analytics & tracking for Course Login",
      "Automated promotion asset generator for Course Login"
    ],
    "benefits": [
      "Ship faster with ready Course Login templates",
      "Increase conversion with clear Course Login value prop",
      "Operate with predictable Course Login delivery flow",
      "Scale experimentation with simple Course Login A/B hooks"
    ],
    "pricing": {
      "tier_name": "Standard Access",
      "price": "$39.00"
    },
    "faq": [
      {
        "q": "What is included?",
        "a": "You get the full landing page, the Course Login guide, and automated delivery setup."
      },
      {
        "q": "How do I deploy?",
        "a": "Upload to Vercel, Netlify, or any static host. No backend needed."
      },
      {
        "q": "Is it secure?",
        "a": "Yes, it uses wallet-based authentication for delivery gating."
      }
    ],
    "cta": {
      "text": "Get Started Now"
    },
    "design": {
      "theme": "dark",
      "primary_color": "#00b4ff",
      "secondary_color": "#00b4ff",
      "font_family": "system-ui, sans-serif",
      "layout_style": "professional"
    }
  },
  "assets": {
    "main_content_file": "product.pdf",
    "landing_page": "index.html"
  },
  "_injected_price": "$39.00",
  "_market_price": "$99.00",
  "price": "39"
}