{
  "product_id": "20260213-152118-social-media-link-in-bio",
  "output_dir": "d:\\auto\\MetaPassiveIncome_FINAL\\outputs\\20260213-152118-social-media-link-in-bio",
  "main_asset": "d:\\auto\\MetaPassiveIncome_FINAL\\outputs\\20260213-152118-social-media-link-in-bio\\index.html",
  "schema_path": "d:\\auto\\MetaPassiveIncome_FINAL\\outputs\\20260213-152118-social-media-link-in-bio\\product_schema.json",
  "main_content_path": "d:\\auto\\MetaPassiveIncome_FINAL\\outputs\\20260213-152118-social-media-link-in-bio\\product.md",
  "checksum": "07a8f7b29ca832d76cea376a5ad73bb1bb10258a81c8d8f27c1cd9f490f9d231",
  "generated_at": "20260213-152118",
  "status": "GENERATED_SUCCESS",
  "schema_driven": true,
  "notes": [
    "스키마 기반 생성 (product_schema.json)",
    "단일 파일 랜딩 페이지 (CSS/JS 내장)",
    "데이터 액션 라우터를 통한 버튼 기능"
  ]
}