{
  "product_id": "20260208-074729-개인-브랜딩-link-in-bio-페이지",
  "output_dir": "d:\\auto\\MetaPassiveIncome_FINAL\\outputs\\20260208-074729-개인-브랜딩-link-in-bio-페이지",
  "main_asset": "d:\\auto\\MetaPassiveIncome_FINAL\\outputs\\20260208-074729-개인-브랜딩-link-in-bio-페이지\\index.html",
  "schema_path": "d:\\auto\\MetaPassiveIncome_FINAL\\outputs\\20260208-074729-개인-브랜딩-link-in-bio-페이지\\product_schema.json",
  "main_content_path": "d:\\auto\\MetaPassiveIncome_FINAL\\outputs\\20260208-074729-개인-브랜딩-link-in-bio-페이지\\product.md",
  "checksum": "d73afb2db2d027a6af3c0cfb0dadf26cfadd27ac59d195bec5194e366a479dba",
  "generated_at": "20260208-074730",
  "status": "GENERATED_SUCCESS",
  "schema_driven": true,
  "notes": [
    "스키마 기반 생성 (product_schema.json)",
    "단일 파일 랜딩 페이지 (CSS/JS 내장)",
    "데이터 액션 라우터를 통한 버튼 기능"
  ]
}