{
  "product_id": "20260220-040541-top-10-digital-product-niches",
  "output_dir": "d:\\auto\\MetaPassiveIncome_FINAL\\outputs\\20260220-040541-top-10-digital-product-niches",
  "main_asset": "d:\\auto\\MetaPassiveIncome_FINAL\\outputs\\20260220-040541-top-10-digital-product-niches\\index.html",
  "schema_path": "d:\\auto\\MetaPassiveIncome_FINAL\\outputs\\20260220-040541-top-10-digital-product-niches\\product_schema.json",
  "main_content_path": "d:\\auto\\MetaPassiveIncome_FINAL\\outputs\\20260220-040541-top-10-digital-product-niches\\product.pdf",
  "checksum": "5a9b01c875a1afcc73bcc0665545ed847ea6a2cb7f476471544bd918ec38c21a",
  "generated_at": "20260220-040555",
  "status": "GENERATED_SUCCESS",
  "schema_driven": true,
  "notes": [
    "스키마 기반 생성 (product_schema.json)",
    "단일 파일 랜딩 페이지 (CSS/JS 내장)",
    "데이터 액션 라우터를 통한 버튼 기능"
  ]
}