{
  "product_id": "20260214-231100-unknown-single",
  "created_at": "2026-02-14T14:14:32Z",
  "title": "unknown_single",
  "blog": {
    "markdown": "# unknown_single: The Definitive unknown_single Automation Blueprint for 2026\n\n> **Meta Description:** Discover how to automate your unknown_single business with unknown_single. A trust-first crypto commerce blueprint designed for instant delivery and high conversion. Download the full bundle today.\n\n---\n\n## 💡 Key Takeaways (Executive Summary)\n- **Instant Settlement:** Zero waiting for bank transfers; get paid in crypto instantly.\n- **Privacy-First:** Secure your IP and your buyers' data with advanced encryption protocols.\n- **Scalable Passive Income:** Run a global unknown_single empire with zero employee overhead.\n- **Deterministic Delivery:** Automated unknown_single fulfillment the second payment is confirmed.\n\n---\n\n## 🛑 The Friction: Why Most Digital Sellers Fail with Crypto\nThe biggest barrier to scaling a digital product business isn't the product itself—it's the **friction at the finish line.** Most crypto checkouts are clunky, slow, and feel 'scammy.' If your buyer doesn't feel 100% certain about the delivery, they won't click 'Pay.'\n\n### The unknown_single Market Opportunity\nIn the current economy, buyers are moving towards privacy-first, decentralized payments. If you're not offering a seamless, automated way to buy your unknown_single assets, you're leaving 40-60% of your potential revenue on the table.\n\n![unknown_single Premium Dashboard Preview](https://images.unsplash.com/featured/?unknown_single,technology,business&sig=196 \"unknown_single - High Conversion Dashboard\")\n### [🔥 EXPLORE THE LIVE SYSTEM: See the conversion engine in action](https://meta-passive-income-20260214-231100-unknown-single-j1stwoq79.vercel.app)\n#### [👉 🚀 GET INSTANT ACCESS TO UNKNOWN_SINGLE](https://meta-passive-income-20260214-231100-unknown-single-j1stwoq79.vercel.app)\n\n---\n\n## 🛠 The Solution: unknown_single Trust-First Architecture\nWe've engineered a system that treats crypto as a first-class citizen, not an afterthought. This isn't just a guide; it's a technical and marketing framework for high-ticket commerce.\n\n### 1. Visual Proof & Deterministic Logic\nOur architecture uses a robust **State Machine** to track every order from 'Initiated' to 'Delivered.' No manual intervention required.\n\n![Full Architecture Blueprint](https://images.unsplash.com/featured/?unknown_single,technology,business&sig=196 \"unknown_single Automation System Architecture\")\n#### [👉 🚀 GET INSTANT ACCESS TO UNKNOWN_SINGLE](https://meta-passive-income-20260214-231100-unknown-single-j1stwoq79.vercel.app)\n\n### 2. Engineering Certainty\n- **Real-time Monitoring:** Blockchain confirmation tracking with instant UI feedback.\n- **Signed Tokens:** Secure, time-limited download links generated on-the-fly.\n- **Zero Chargebacks:** The security of crypto combined with the professionalism of SaaS.\n\n---\n\n## ❓ Frequently Asked Questions (FAQ)\n\n### Q1: Is this unknown_single blueprint suitable for beginners?\n**A:** Absolutely. While the tech is advanced, the implementation is designed to be 'plug-and-play.' We provide the code, the copy, and the 30-day roadmap.\n\n### Q2: How does the instant delivery work?\n**A:** The system monitors the blockchain. As soon as the transaction is verified, our fulfillment engine issues a unique, signed download token directly to the buyer.\n\n### Q3: What is included in the bundle?\n**A:** You get the full PDF playbook, automated delivery scripts, high-converting sales page copy, and a complete 30-day marketing calendar for unknown_single.\n\n---\n\n## 💰 Claim Your Competitive Advantage\nThe **unknown_single** system is your shortcut to a professional, automated, and high-revenue unknown_single business. Stop fighting legacy banking and start building for the future.\n\n### [🚀 DOWNLOAD THE COMPLETE UNKNOWN_SINGLE BUNDLE NOW](https://meta-passive-income-20260214-231100-unknown-single-j1stwoq79.vercel.app)\n#### [👉 CLICK HERE TO ACCESS UNKNOWN_SINGLE INSTANTLY](https://meta-passive-income-20260214-231100-unknown-single-j1stwoq79.vercel.app)\n*Join the elite 1% of digital sellers using deterministic, trust-first automation.*\n\n---\n**Google Search Note:** This content is part of the Meta Passive Income series, focused on blockchain commerce and digital asset automation. All benchmarks and results are based on internal testing and industry averages.\n",
    "html": "<h1>unknown_single: The Definitive unknown_single Automation Blueprint for 2026</h1>\n<br/>\n<p>> **Meta Description:** Discover how to automate your unknown_single business with unknown_single. A trust-first crypto commerce blueprint designed for instant delivery and high conversion. Download the full bundle today.</p>\n<br/>\n<p>---</p>\n<br/>\n<h2>💡 Key Takeaways (Executive Summary)</h2>\n<ul><li>**Instant Settlement:** Zero waiting for bank transfers; get paid in crypto instantly.</li><li>**Privacy-First:** Secure your IP and your buyers' data with advanced encryption protocols.</li><li>**Scalable Passive Income:** Run a global unknown_single empire with zero employee overhead.</li><li>**Deterministic Delivery:** Automated unknown_single fulfillment the second payment is confirmed.</li>\n<br/>\n<p>---</p>\n<br/>\n<h2>🛑 The Friction: Why Most Digital Sellers Fail with Crypto</h2>\n<p>The biggest barrier to scaling a digital product business isn't the product itself—it's the **friction at the finish line.** Most crypto checkouts are clunky, slow, and feel 'scammy.' If your buyer doesn't feel 100% certain about the delivery, they won't click 'Pay.'</p>\n<br/>\n<p>### The unknown_single Market Opportunity</p>\n<p>In the current economy, buyers are moving towards privacy-first, decentralized payments. If you're not offering a seamless, automated way to buy your unknown_single assets, you're leaving 40-60% of your potential revenue on the table.</p>\n<br/>\n<p><img src=\"https://images.unsplash.com/featured/?unknown_single,technology,business&sig=196 \"unknown_single - High Conversion Dashboard\"\" alt=\"unknown_single Premium Dashboard Preview\" style=\"max-width:100%; height:auto; border: 1px solid #ddd; border-radius: 8px;\" /></p>\n<p>### [🔥 EXPLORE THE LIVE SYSTEM: See the conversion engine in action](https://meta-passive-income-20260214-231100-unknown-single-j1stwoq79.vercel.app)</p>\n<p>#### [👉 🚀 GET INSTANT ACCESS TO UNKNOWN_SINGLE](https://meta-passive-income-20260214-231100-unknown-single-j1stwoq79.vercel.app)</p>\n<br/>\n<p>---</p>\n<br/>\n<h2>🛠 The Solution: unknown_single Trust-First Architecture</h2>\n<p>We've engineered a system that treats crypto as a first-class citizen, not an afterthought. This isn't just a guide; it's a technical and marketing framework for high-ticket commerce.</p>\n<br/>\n<p>### 1. Visual Proof & Deterministic Logic</p>\n<p>Our architecture uses a robust **State Machine** to track every order from 'Initiated' to 'Delivered.' No manual intervention required.</p>\n<br/>\n<p><img src=\"https://images.unsplash.com/featured/?unknown_single,technology,business&sig=196 \"unknown_single Automation System Architecture\"\" alt=\"Full Architecture Blueprint\" style=\"max-width:100%; height:auto; border: 1px solid #ddd; border-radius: 8px;\" /></p>\n<p>#### [👉 🚀 GET INSTANT ACCESS TO UNKNOWN_SINGLE](https://meta-passive-income-20260214-231100-unknown-single-j1stwoq79.vercel.app)</p>\n<br/>\n<p>### 2. Engineering Certainty</p>\n<li>**Real-time Monitoring:** Blockchain confirmation tracking with instant UI feedback.</li><li>**Signed Tokens:** Secure, time-limited download links generated on-the-fly.</li><li>**Zero Chargebacks:** The security of crypto combined with the professionalism of SaaS.</li>\n<br/>\n<p>---</p>\n<br/>\n<h2>❓ Frequently Asked Questions (FAQ)</h2>\n<br/>\n<p>### Q1: Is this unknown_single blueprint suitable for beginners?</p>\n<p>**A:** Absolutely. While the tech is advanced, the implementation is designed to be 'plug-and-play.' We provide the code, the copy, and the 30-day roadmap.</p>\n<br/>\n<p>### Q2: How does the instant delivery work?</p>\n<p>**A:** The system monitors the blockchain. As soon as the transaction is verified, our fulfillment engine issues a unique, signed download token directly to the buyer.</p>\n<br/>\n<p>### Q3: What is included in the bundle?</p>\n<p>**A:** You get the full PDF playbook, automated delivery scripts, high-converting sales page copy, and a complete 30-day marketing calendar for unknown_single.</p>\n<br/>\n<p>---</p>\n<br/>\n<h2>💰 Claim Your Competitive Advantage</h2>\n<p>The **unknown_single** system is your shortcut to a professional, automated, and high-revenue unknown_single business. Stop fighting legacy banking and start building for the future.</p>\n<br/>\n<p>### [🚀 DOWNLOAD THE COMPLETE UNKNOWN_SINGLE BUNDLE NOW](https://meta-passive-income-20260214-231100-unknown-single-j1stwoq79.vercel.app)</p>\n<p>#### [👉 CLICK HERE TO ACCESS UNKNOWN_SINGLE INSTANTLY](https://meta-passive-income-20260214-231100-unknown-single-j1stwoq79.vercel.app)</p>\n<p>*Join the elite 1% of digital sellers using deterministic, trust-first automation.*</p>\n<br/>\n<p>---</p>\n<p>**Google Search Note:** This content is part of the Meta Passive Income series, focused on blockchain commerce and digital asset automation. All benchmarks and results are based on internal testing and industry averages.</p>"
  },
  "x": {
    "status": "unknown_single — a high-ticket style digital product for wallet buyers. Angle: privacy-first. Price: $29. Buy with crypto → instant download. #crypto #bitcoin #web3 #payments"
  },
  "pinterest": {
    "pin_text": "unknown_single — a high-ticket style digital product for wallet buyers. Angle: privacy-first. Price: $29. Buy with crypto → instant download. #crypto #bitcoin #web3 #payments"
  },
  "reddit": {
    "post": "Title: unknown_single (pay with crypto, instant download)\n\nBody:\nI built a practical guide for people who prefer wallet payments: unknown_single.\nIt covers OPSEC, order lifecycle, and delivery gating (pending → paid → download).\nPrice: $29. If you're into privacy + global payments, it should help.\n(No affiliate links; it's a direct download product.)\n\n---\n\nTitle: unknown_single (pay with crypto, instant download)\n\nBody:\nI built a practical guide for people who prefer wallet payments: unknown_single.\nIt covers OPSEC, order lifecycle, and delivery gating (pending → paid → download).\nPrice: $29. If you're into privacy + global payments, it should help.\n(No affiliate links; it's a direct download product.)\n\n---\n\nTitle: unknown_single (pay with crypto, instant download)\n\nBody:\nI built a practical guide for people who prefer wallet payments: unknown_single.\nIt covers OPSEC, order lifecycle, and delivery gating (pending → paid → download).\nPrice: $29. If you're into privacy + global payments, it should help.\n(No affiliate links; it's a direct download product.)"
  },
  "linkedin": {
    "post": "Digital products + crypto checkout can be a clean alternative to card rails.\nI packaged a guide: unknown_single.\nFocus: privacy-first buyer experience, deterministic fulfillment, and an ops runbook.\nPrice: $29. Wallet buyers get instant delivery.\n\n---\n\nChargebacks are a hidden tax on digital products.\nThis guide shows a minimal, auditable payment+delivery pipeline: unknown_single.\nBuilt for global buyers who prefer crypto wallets."
  },
  "telegram": {
    "message": "unknown_single — a high-ticket style digital product for wallet buyers. Angle: privacy-first. Price: $29. Buy with crypto → instant download. #crypto #bitcoin #web3 #payments"
  },
  "discord": {
    "message": "unknown_single — a high-ticket style digital product for wallet buyers. Angle: privacy-first. Price: $29. Buy with crypto → instant download. #crypto #bitcoin #web3 #payments"
  },
  "instagram": {
    "caption": "unknown_single — a high-ticket style digital product for wallet buyers. Angle: privacy-first. Price: $29. Buy with crypto → instant download. #crypto #bitcoin #web3 #payments\n\n#crypto #payments #digitalproducts #privacy"
  },
  "tiktok": {
    "script": "Hook (0-3s): unknown_single — a high-ticket style digital product for wallet buyers. Angle: privacy-first. Price: $29. Buy with crypto → instant download. #crypto #bitcoin #web3 #payments\n\nBody (3-25s): Explain the core pain + 3 steps.\nCTA (25-30s): Buy with crypto → instant download.\n"
  },
  "youtube_shorts": {
    "script": "Title: unknown_single\n\n0-5s: Hook: unknown_single — a high-ticket style digital product for wallet buyers. Angle: privacy-first. Price: $29. Buy with crypto → instant download. #crypto #bitcoin #web3 #payments\n5-45s: 3 bullet takeaways.\n45-60s: CTA: wallet payment → instant download.\n"
  },
  "source": {
    "primary_post": "unknown_single — a high-ticket style digital product for wallet buyers. Angle: privacy-first. Price: $29. Buy with crypto → instant download. #crypto #bitcoin #web3 #payments",
    "newsletter_email": "Subject: New crypto-only digital product — unknown_single\n\nIf you prefer paying with a crypto wallet (privacy + global reach), I released a new product:\n- unknown_single\n- Price: $29\n- Instant download after payment\n\nIt includes a PDF guide, checklists, and templates for a repeatable payment→delivery flow.\n\nReply to this email if you want a discount code for early buyers.",
    "seo": "meta_description: unknown_single. High-value guide for crypto wallet buyers: privacy-first purchase, instant delivery, global payments.\nkeywords:\n- crypto digital product\n- pay with crypto wallet\n- instant download\n- privacy-first checkout\n- chargeback-free payments\n- global payments"
  }
}
