{
  "product_id": "20260220-103707-490-business-management-ideen",
  "output_dir": "d:\\auto\\MetaPassiveIncome_FINAL\\outputs\\20260220-103707-490-business-management-ideen",
  "main_asset": "d:\\auto\\MetaPassiveIncome_FINAL\\outputs\\20260220-103707-490-business-management-ideen\\index.html",
  "schema_path": "d:\\auto\\MetaPassiveIncome_FINAL\\outputs\\20260220-103707-490-business-management-ideen\\product_schema.json",
  "main_content_path": "d:\\auto\\MetaPassiveIncome_FINAL\\outputs\\20260220-103707-490-business-management-ideen\\product.pdf",
  "checksum": "64355ce82b3e5e8a1e5c92a7a3c2aab903dc4d7a840b37170c92fce7fa1f8d09",
  "generated_at": "20260220-103718",
  "status": "GENERATED_SUCCESS",
  "schema_driven": true,
  "notes": [
    "스키마 기반 생성 (product_schema.json)",
    "단일 파일 랜딩 페이지 (CSS/JS 내장)",
    "데이터 액션 라우터를 통한 버튼 기능"
  ]
}