{
  "product_id": "20260219-072203-15-digital-product-ideas-you-c",
  "output_dir": "d:\\auto\\MetaPassiveIncome_FINAL\\outputs\\20260219-072203-15-digital-product-ideas-you-c",
  "main_asset": "d:\\auto\\MetaPassiveIncome_FINAL\\outputs\\20260219-072203-15-digital-product-ideas-you-c\\index.html",
  "schema_path": "d:\\auto\\MetaPassiveIncome_FINAL\\outputs\\20260219-072203-15-digital-product-ideas-you-c\\product_schema.json",
  "main_content_path": "d:\\auto\\MetaPassiveIncome_FINAL\\outputs\\20260219-072203-15-digital-product-ideas-you-c\\product.pdf",
  "checksum": "f2857925ca767bbffd643c3d3a6283e457f9cd43003f908fac19b0cff3b85aef",
  "generated_at": "20260219-072214",
  "status": "GENERATED_SUCCESS",
  "schema_driven": true,
  "notes": [
    "스키마 기반 생성 (product_schema.json)",
    "단일 파일 랜딩 페이지 (CSS/JS 내장)",
    "데이터 액션 라우터를 통한 버튼 기능"
  ]
}