{
  "product_id": "20260219-002802-top-sales-templates-from-notio",
  "output_dir": "d:\\auto\\MetaPassiveIncome_FINAL\\outputs\\20260219-002802-top-sales-templates-from-notio",
  "main_asset": "d:\\auto\\MetaPassiveIncome_FINAL\\outputs\\20260219-002802-top-sales-templates-from-notio\\index.html",
  "schema_path": "d:\\auto\\MetaPassiveIncome_FINAL\\outputs\\20260219-002802-top-sales-templates-from-notio\\product_schema.json",
  "main_content_path": "d:\\auto\\MetaPassiveIncome_FINAL\\outputs\\20260219-002802-top-sales-templates-from-notio\\product.pdf",
  "checksum": "1e91e72f09db474d9eb0d813d2fe906065b6300efbdff74ca0bf72dcdc6407cf",
  "generated_at": "20260219-002812",
  "status": "GENERATED_SUCCESS",
  "schema_driven": true,
  "notes": [
    "스키마 기반 생성 (product_schema.json)",
    "단일 파일 랜딩 페이지 (CSS/JS 내장)",
    "데이터 액션 라우터를 통한 버튼 기능"
  ]
}