{
  "product_id": "20260219-002802-top-sales-templates-from-notio",
  "title": "Unlock Your Passive Income with Top Sales Templates from Notion",
  "target_customer": "Creators and merchants interested in Top Sales Templates from Notion",
  "value_proposition": "Leverage AI to create and sell digital products based on: Top Sales Templates from Notion",
  "sections": {
    "hero": {
      "headline": "Unlock Your Passive Income with Top Sales Templates from Notion",
      "subheadline": "Leverage AI to create and sell digital products based on: Top Sales Templates from Notion"
    },
    "problem": {
      "description": "Most marketing assets are generic and fail to convert. Without a high-converting system, traffic is wasted and acquisition costs skyrocket."
    },
    "solution": {
      "description": "A results-driven marketing vault with proven hooks, structured landing templates, and conversion-optimized copy. Designed for rapid scale."
    },
    "features": [
      "High-converting hook & headline library for Top Sales Templates from Notion",
      "A/B test ready landing page templates for Top Sales Templates from Notion",
      "Psychology-based sales copy frameworks for Top Sales Templates from Notion",
      "Social proof & proof-block templates for Top Sales Templates from Notion",
      "Multi-channel promotion sequences for Top Sales Templates from Notion"
    ],
    "benefits": [
      "Ship faster with ready Top Sales Templates from Notion templates",
      "Increase conversion with clear Top Sales Templates from Notion value prop",
      "Operate with predictable Top Sales Templates from Notion delivery flow",
      "Scale experimentation with simple Top Sales Templates from Notion A/B hooks"
    ],
    "pricing": {
      "tier_name": "Standard Access",
      "price": "$19.00"
    },
    "faq": [
      {
        "q": "What is included?",
        "a": "You get the full landing page, the Top Sales Templates from Notion guide, and automated delivery setup."
      },
      {
        "q": "How do I deploy?",
        "a": "Upload to Vercel, Netlify, or any static host. No backend needed."
      },
      {
        "q": "Is it secure?",
        "a": "Yes, it uses wallet-based authentication for delivery gating."
      }
    ],
    "cta": {
      "text": "Get Started Now"
    },
    "design": {
      "theme": "landing",
      "primary_color": "#ef4444",
      "secondary_color": "#ef4444",
      "font_family": "Inter, sans-serif",
      "layout_style": "minimalist"
    }
  },
  "assets": {
    "main_content_file": "product.pdf",
    "landing_page": "index.html"
  },
  "metadata": {
    "final_price_usd": 25.0
  },
  "_injected_price": "$19.00",
  "price": "19",
  "offers": {
    "@type": "Offer",
    "price": "19.00",
    "priceCurrency": "USD"
  },
  "_market_price": "$49.00",
  "market_analysis": {
    "category": "Template / Landing Page",
    "market_price": 49,
    "our_price": 19,
    "desc": "Ready-to-use web templates"
  }
}