day,channel,hook,cta,keywords
1,LinkedIn,"🌍 Global commerce without boundaries: Sell to anyone, anywhere, instantly.","👉 Grab the Premium Bundle + Secret Templates [Limited Time]","sales funnel design, trust-building metrics, automated operations"
2,X,"⚠️ The #1 mistake digital sellers make with crypto (and how to fix it).","✅ Get the checklist and avoid the expensive mistakes I made.","crypto automation, instant settlement, web3 commerce"
3,TikTok,"📈 Double your conversion rates with 'Trust Blocks' + Proof Metrics.","📥 Download the complete system and launch your store today.","nowpayments integration, automated fulfillment, high-ticket sales"
4,Reddit,"📈 Double your conversion rates with 'Trust Blocks' + Proof Metrics.","📥 Download the complete system and launch your store today.","digital product delivery, privacy-first payments, conversion optimization"
5,Blog,"📈 Double your conversion rates with 'Trust Blocks' + Proof Metrics.","💰 Start accepting crypto like a pro — Download now.","passive income system, crypto revenue, digital entrepreneurship"
6,Reddit,"🔒 Privacy is a feature, not a luxury. Reduce payment traceability today.","🛠 Copy my exact workflow and start shipping by tonight.","digital product delivery, privacy-first payments, conversion optimization"
7,TikTok,"📈 Double your conversion rates with 'Trust Blocks' + Proof Metrics.","✅ Get the checklist and avoid the expensive mistakes I made.","sales funnel design, trust-building metrics, automated operations"
8,LinkedIn,"🔒 Privacy is a feature, not a luxury. Reduce payment traceability today.","✅ Get the checklist and avoid the expensive mistakes I made.","digital product delivery, privacy-first payments, conversion optimization"
9,LinkedIn,"💎 From zero to automated crypto sales: The exact 7-day blueprint.","💰 Start accepting crypto like a pro — Download now.","sales funnel design, trust-building metrics, automated operations"
10,X,"🌍 Global commerce without boundaries: Sell to anyone, anywhere, instantly.","💰 Start accepting crypto like a pro — Download now.","nowpayments integration, automated fulfillment, high-ticket sales"
11,Instagram,"⚠️ The #1 mistake digital sellers make with crypto (and how to fix it).","💰 Start accepting crypto like a pro — Download now.","passive income system, crypto revenue, digital entrepreneurship"
12,X,"🔒 Privacy is a feature, not a luxury. Reduce payment traceability today.","👉 Grab the Premium Bundle + Secret Templates [Limited Time]","crypto automation, instant settlement, web3 commerce"
13,YouTube Shorts,"⚠️ The #1 mistake digital sellers make with crypto (and how to fix it).","🛠 Copy my exact workflow and start shipping by tonight.","passive income system, crypto revenue, digital entrepreneurship"
14,Reddit,"⚠️ The #1 mistake digital sellers make with crypto (and how to fix it).","💰 Start accepting crypto like a pro — Download now.","sales funnel design, trust-building metrics, automated operations"
15,Instagram,"📈 Double your conversion rates with 'Trust Blocks' + Proof Metrics.","💰 Start accepting crypto like a pro — Download now.","nowpayments integration, automated fulfillment, high-ticket sales"
16,LinkedIn,"🔥 Stop losing 3% to card fees — Settle globally in seconds, not days.","✅ Get the checklist and avoid the expensive mistakes I made.","passive income system, crypto revenue, digital entrepreneurship"
17,Blog,"🔥 Stop losing 3% to card fees — Settle globally in seconds, not days.","💰 Start accepting crypto like a pro — Download now.","sales funnel design, trust-building metrics, automated operations"
18,LinkedIn,"🌍 Global commerce without boundaries: Sell to anyone, anywhere, instantly.","💰 Start accepting crypto like a pro — Download now.","crypto automation, instant settlement, web3 commerce"
19,Blog,"🔒 Privacy is a feature, not a luxury. Reduce payment traceability today.","👉 Grab the Premium Bundle + Secret Templates [Limited Time]","nowpayments integration, automated fulfillment, high-ticket sales"
20,TikTok,"⚠️ The #1 mistake digital sellers make with crypto (and how to fix it).","💰 Start accepting crypto like a pro — Download now.","nowpayments integration, automated fulfillment, high-ticket sales"
21,TikTok,"🔥 Stop losing 3% to card fees — Settle globally in seconds, not days.","✅ Get the checklist and avoid the expensive mistakes I made.","digital product delivery, privacy-first payments, conversion optimization"
22,X,"💎 From zero to automated crypto sales: The exact 7-day blueprint.","💰 Start accepting crypto like a pro — Download now.","crypto automation, instant settlement, web3 commerce"
23,X,"🌍 Global commerce without boundaries: Sell to anyone, anywhere, instantly.","🛠 Copy my exact workflow and start shipping by tonight.","passive income system, crypto revenue, digital entrepreneurship"
24,Instagram,"🌍 Global commerce without boundaries: Sell to anyone, anywhere, instantly.","📥 Download the complete system and launch your store today.","crypto automation, instant settlement, web3 commerce"
25,Instagram,"🔥 Stop losing 3% to card fees — Settle globally in seconds, not days.","💰 Start accepting crypto like a pro — Download now.","crypto automation, instant settlement, web3 commerce"
26,X,"⚠️ The #1 mistake digital sellers make with crypto (and how to fix it).","✅ Get the checklist and avoid the expensive mistakes I made.","passive income system, crypto revenue, digital entrepreneurship"
27,Blog,"🚀 Turn your crypto wallet into a high-performance revenue engine.","📥 Download the complete system and launch your store today.","crypto automation, instant settlement, web3 commerce"
28,YouTube Shorts,"📈 Double your conversion rates with 'Trust Blocks' + Proof Metrics.","💰 Start accepting crypto like a pro — Download now.","passive income system, crypto revenue, digital entrepreneurship"
29,X,"⚠️ The #1 mistake digital sellers make with crypto (and how to fix it).","✅ Get the checklist and avoid the expensive mistakes I made.","nowpayments integration, automated fulfillment, high-ticket sales"
30,Blog,"🔒 Privacy is a feature, not a luxury. Reduce payment traceability today.","💰 Start accepting crypto like a pro — Download now.","digital product delivery, privacy-first payments, conversion optimization"
