{
  "product_id": "20260213-063037-how-to-sell-high-ticket-digita",
  "output_dir": "d:\\auto\\MetaPassiveIncome_FINAL\\outputs\\20260213-063037-how-to-sell-high-ticket-digita",
  "main_asset": "d:\\auto\\MetaPassiveIncome_FINAL\\outputs\\20260213-063037-how-to-sell-high-ticket-digita\\index.html",
  "schema_path": "d:\\auto\\MetaPassiveIncome_FINAL\\outputs\\20260213-063037-how-to-sell-high-ticket-digita\\product_schema.json",
  "main_content_path": "d:\\auto\\MetaPassiveIncome_FINAL\\outputs\\20260213-063037-how-to-sell-high-ticket-digita\\product.md",
  "checksum": "d88e4475d0dd00e3ccb95c222f240a514217b41207cc726ffe038863a45ed07c",
  "generated_at": "20260213-063037",
  "status": "GENERATED_SUCCESS",
  "schema_driven": true,
  "notes": [
    "스키마 기반 생성 (product_schema.json)",
    "단일 파일 랜딩 페이지 (CSS/JS 내장)",
    "데이터 액션 라우터를 통한 버튼 기능"
  ]
}