{
  "product_id": "20260220-063116-sell-online-with-shopify",
  "title": "Unlock Your Passive Income with Sell Online with Shopify®",
  "target_customer": "Creators and merchants interested in Sell Online with Shopify®",
  "value_proposition": "Leverage AI to create and sell digital products based on: Sell Online with Shopify®",
  "sections": {
    "hero": {
      "headline": "Unlock Your Passive Income with Sell Online with Shopify®",
      "subheadline": "Leverage AI to create and sell digital products based on: Sell Online with Shopify®"
    },
    "problem": {
      "description": "Generic e-commerce stores fail to build trust and suffer from high cart abandonment. Without a high-performance storefront, conversion remains stagnant."
    },
    "solution": {
      "description": "A conversion-optimized e-commerce engine with mobile-first UI, friction-free checkout, and built-in trust triggers. Built for modern digital merchants."
    },
    "features": [
      "Mobile-optimized high-speed landing UI for Sell Online with Shopify®",
      "Trust-building proof & badge templates for Sell Online with Shopify®",
      "Frictionless 1-click checkout flow for Sell Online with Shopify®",
      "Automated order confirmation & tracking for Sell Online with Shopify®",
      "Urgency & scarcity trigger system for Sell Online with Shopify®"
    ],
    "benefits": [
      "Ship faster with ready Sell Online with Shopify® templates",
      "Increase conversion with clear Sell Online with Shopify® value prop",
      "Operate with predictable Sell Online with Shopify® delivery flow",
      "Scale experimentation with simple Sell Online with Shopify® A/B hooks"
    ],
    "pricing": {
      "tier_name": "Standard Access",
      "price": "$29"
    },
    "faq": [
      {
        "q": "What is included?",
        "a": "You get the full landing page, the Sell Online with Shopify® guide, and automated delivery setup."
      },
      {
        "q": "How do I deploy?",
        "a": "Upload to Vercel, Netlify, or any static host. No backend needed."
      },
      {
        "q": "Is it secure?",
        "a": "Yes, it uses wallet-based authentication for delivery gating."
      }
    ],
    "cta": {
      "text": "Get Started Now"
    },
    "design": {
      "theme": "elegant",
      "primary_color": "#f59e0b",
      "secondary_color": "#f59e0b",
      "font_family": "Georgia, serif",
      "layout_style": "creative"
    }
  },
  "assets": {
    "main_content_file": "product.pdf",
    "landing_page": "index.html"
  }
}