{
  "product_id": "20260220-083354-12-notion-ideas-to-boost-produ",
  "title": "Unlock Your Passive Income with 12 Notion Ideas to Boost Productivity in 2026",
  "target_customer": "Creators and merchants interested in 12 Notion Ideas to Boost Productivity in 2026",
  "value_proposition": "Leverage AI to create and sell digital products based on: 12 Notion Ideas to Boost Productivity in 2026",
  "sections": {
    "hero": {
      "headline": "Unlock Your Passive Income with 12 Notion Ideas to Boost Productivity in 2026",
      "subheadline": "Leverage AI to create and sell digital products based on: 12 Notion Ideas to Boost Productivity in 2026"
    },
    "problem": {
      "description": "Modern workflows are fragmented and manual. Users waste hours on repetitive tasks that should be automated, leading to burnout and inefficiency."
    },
    "solution": {
      "description": "A seamless productivity engine that automates the heavy lifting. Includes ready-to-use templates, batch scripts, and a clear roadmap to 10x output."
    },
    "features": [
      "1-Click workflow automation templates for 12 Notion Ideas to Boost Productivity in 2026",
      "Batch processing & script library for 12 Notion Ideas to Boost Productivity in 2026",
      "Time-saving integration hooks for 12 Notion Ideas to Boost Productivity in 2026",
      "Customizable milestone trackers for 12 Notion Ideas to Boost Productivity in 2026",
      "Minimalist, friction-free UI/UX for 12 Notion Ideas to Boost Productivity in 2026"
    ],
    "benefits": [
      "Ship faster with ready 12 Notion Ideas to Boost Productivity in 2026 templates",
      "Increase conversion with clear 12 Notion Ideas to Boost Productivity in 2026 value prop",
      "Operate with predictable 12 Notion Ideas to Boost Productivity in 2026 delivery flow",
      "Scale experimentation with simple 12 Notion Ideas to Boost Productivity in 2026 A/B hooks"
    ],
    "pricing": {
      "tier_name": "Standard Access",
      "price": "$59.00"
    },
    "faq": [
      {
        "q": "What is included?",
        "a": "You get the full landing page, the 12 Notion Ideas to Boost Productivity in 2026 guide, and automated delivery setup."
      },
      {
        "q": "How do I deploy?",
        "a": "Upload to Vercel, Netlify, or any static host. No backend needed."
      },
      {
        "q": "Is it secure?",
        "a": "Yes, it uses wallet-based authentication for delivery gating."
      }
    ],
    "cta": {
      "text": "Get Started Now"
    },
    "design": {
      "theme": "saas",
      "primary_color": "#8b5cf6",
      "secondary_color": "#8b5cf6",
      "font_family": "Roboto, sans-serif",
      "layout_style": "bold"
    }
  },
  "assets": {
    "main_content_file": "product.pdf",
    "landing_page": "index.html"
  }
}