{
  "product_id": "20260218-223156-8-best-notion-templates-for-20",
  "title": "Unlock Your Passive Income with 8 Best Notion Templates for 2025 (I Built and Tested Every One)",
  "target_customer": "Creators and merchants interested in 8 Best Notion Templates for 2025 (I Built and Tested Every One)",
  "value_proposition": "Leverage AI to create and sell digital products based on: 8 Best Notion Templates for 2025 (I Built and Tested Every One)",
  "sections": {
    "hero": {
      "headline": "Unlock Your Passive Income with 8 Best Notion Templates for 2025 (I Built and Tested Every One)",
      "subheadline": "Leverage AI to create and sell digital products based on: 8 Best Notion Templates for 2025 (I Built and Tested Every One)"
    },
    "problem": {
      "description": "Creating and selling digital products is complex and time-consuming. Most creators fail due to technical friction and lack of a structured system."
    },
    "solution": {
      "description": "A professional-grade implementation system that handles everything from landing to delivery. Focus on your content, we handle the infrastructure."
    },
    "features": [
      "One-file deployment architecture for 8 Best Notion Templates for 2025 (I Built and Tested Every One)",
      "Secure token-gated delivery for 8 Best Notion Templates for 2025 (I Built and Tested Every One)",
      "Conversion-optimized landing components for 8 Best Notion Templates for 2025 (I Built and Tested Every One)",
      "Built-in analytics & tracking for 8 Best Notion Templates for 2025 (I Built and Tested Every One)",
      "Automated promotion asset generator for 8 Best Notion Templates for 2025 (I Built and Tested Every One)"
    ],
    "benefits": [
      "Ship faster with ready 8 Best Notion Templates for 2025 (I Built and Tested Every One) templates",
      "Increase conversion with clear 8 Best Notion Templates for 2025 (I Built and Tested Every One) value prop",
      "Operate with predictable 8 Best Notion Templates for 2025 (I Built and Tested Every One) delivery flow",
      "Scale experimentation with simple 8 Best Notion Templates for 2025 (I Built and Tested Every One) A/B hooks"
    ],
    "pricing": {
      "tier_name": "Standard Access",
      "price": "$19.00"
    },
    "faq": [
      {
        "q": "What is included?",
        "a": "You get the full landing page, the 8 Best Notion Templates for 2025 (I Built and Tested Every One) guide, and automated delivery setup."
      },
      {
        "q": "How do I deploy?",
        "a": "Upload to Vercel, Netlify, or any static host. No backend needed."
      },
      {
        "q": "Is it secure?",
        "a": "Yes, it uses wallet-based authentication for delivery gating."
      }
    ],
    "cta": {
      "text": "Get Started Now"
    },
    "design": {
      "theme": "modern",
      "primary_color": "#00b4ff",
      "secondary_color": "#00b4ff",
      "font_family": "system-ui, sans-serif",
      "layout_style": "professional"
    }
  },
  "assets": {
    "main_content_file": "product.pdf",
    "landing_page": "index.html"
  },
  "metadata": {
    "final_price_usd": 25.0
  },
  "_injected_price": "$19.00",
  "price": "19",
  "offers": {
    "@type": "Offer",
    "price": "19.00",
    "priceCurrency": "USD"
  },
  "_market_price": "$49.00",
  "market_analysis": {
    "category": "Template / Landing Page",
    "market_price": 49,
    "our_price": 19,
    "desc": "Ready-to-use web templates"
  }
}