day,channel,hook,cta,keywords
1,YouTube Shorts,"Turn crypto payments into a predictable revenue system","Copy the exact system and ship this week","conversion rate, funnel, landing page"
2,Blog,"Upgrade conversion with trust blocks + proof metrics","Copy the exact system and ship this week","nowpayments, invoice, payment status"
3,Instagram,"From 0 to first 10 sales: a realistic 7-day launch plan","Copy the exact system and ship this week","automation, ops, support macros"
4,YouTube Shorts,"Turn crypto payments into a predictable revenue system","Get the full premium guide + templates","web3 payments, digital product delivery"
5,Blog,"Privacy-first: reduce payment traceability in your ops","Use the checklist and avoid expensive errors","nowpayments, invoice, payment status"
6,YouTube Shorts,"Turn crypto payments into a predictable revenue system","Use the checklist and avoid expensive errors","web3 payments, digital product delivery"
7,YouTube Shorts,"From 0 to first 10 sales: a realistic 7-day launch plan","Use the checklist and avoid expensive errors","conversion rate, funnel, landing page"
8,Instagram,"Upgrade conversion with trust blocks + proof metrics","Copy the exact system and ship this week","web3 payments, digital product delivery"
9,Instagram,"Stop paying card fees — settle globally in minutes","Get the full premium guide + templates","automation, ops, support macros"
10,YouTube Shorts,"From 0 to first 10 sales: a realistic 7-day launch plan","Get the full premium guide + templates","web3 payments, digital product delivery"
11,Blog,"Upgrade conversion with trust blocks + proof metrics","Get the full premium guide + templates","automation, ops, support macros"
12,TikTok,"Turn crypto payments into a predictable revenue system","Use the checklist and avoid expensive errors","conversion rate, funnel, landing page"
13,LinkedIn,"From 0 to first 10 sales: a realistic 7-day launch plan","Download the bundle and deploy today","conversion rate, funnel, landing page"
14,YouTube Shorts,"Avoid the top 5 mistakes when selling digital goods for crypto","Get the full premium guide + templates","crypto checkout, stablecoins, settlement"
15,X,"From 0 to first 10 sales: a realistic 7-day launch plan","Copy the exact system and ship this week","crypto checkout, stablecoins, settlement"
16,X,"Privacy-first: reduce payment traceability in your ops","Get the full premium guide + templates","automation, ops, support macros"
17,X,"Upgrade conversion with trust blocks + proof metrics","Use the checklist and avoid expensive errors","nowpayments, invoice, payment status"
18,TikTok,"Privacy-first: reduce payment traceability in your ops","Copy the exact system and ship this week","automation, ops, support macros"
19,Blog,"Stop paying card fees — settle globally in minutes","Get the full premium guide + templates","automation, ops, support macros"
20,Reddit,"Stop paying card fees — settle globally in minutes","Use the checklist and avoid expensive errors","conversion rate, funnel, landing page"
21,Blog,"Avoid the top 5 mistakes when selling digital goods for crypto","Use the checklist and avoid expensive errors","web3 payments, digital product delivery"
22,LinkedIn,"From 0 to first 10 sales: a realistic 7-day launch plan","Copy the exact system and ship this week","crypto checkout, stablecoins, settlement"
23,Instagram,"Turn crypto payments into a predictable revenue system","Get the full premium guide + templates","conversion rate, funnel, landing page"
24,X,"Privacy-first: reduce payment traceability in your ops","Get the full premium guide + templates","conversion rate, funnel, landing page"
25,Reddit,"Privacy-first: reduce payment traceability in your ops","Download the bundle and deploy today","conversion rate, funnel, landing page"
26,TikTok,"Privacy-first: reduce payment traceability in your ops","Use the checklist and avoid expensive errors","automation, ops, support macros"
27,Blog,"Turn crypto payments into a predictable revenue system","Use the checklist and avoid expensive errors","web3 payments, digital product delivery"
28,LinkedIn,"Avoid the top 5 mistakes when selling digital goods for crypto","Copy the exact system and ship this week","nowpayments, invoice, payment status"
29,Instagram,"Stop paying card fees — settle globally in minutes","Copy the exact system and ship this week","conversion rate, funnel, landing page"
30,X,"Avoid the top 5 mistakes when selling digital goods for crypto","Copy the exact system and ship this week","automation, ops, support macros"
