{
  "product_id": "20260220-212254-how-i-made-93k-in-revenue-sell",
  "title": "Unlock Your Passive Income with How I Made $93K in Revenue Selling Digital Downloads on Etsy",
  "target_customer": "Creators and merchants interested in How I Made $93K in Revenue Selling Digital Downloads on Etsy",
  "value_proposition": "Leverage AI to create and sell digital products based on: How I Made $93K in Revenue Selling Digital Downloads on Etsy",
  "sections": {
    "hero": {
      "headline": "Unlock Your Passive Income with How I Made $93K in Revenue Selling Digital Downloads on Etsy",
      "subheadline": "Leverage AI to create and sell digital products based on: How I Made $93K in Revenue Selling Digital Downloads on Etsy"
    },
    "problem": {
      "description": "Most marketing assets are generic and fail to convert. Without a high-converting system, traffic is wasted and acquisition costs skyrocket."
    },
    "solution": {
      "description": "A results-driven marketing vault with proven hooks, structured landing templates, and conversion-optimized copy. Designed for rapid scale."
    },
    "features": [
      "High-converting hook & headline library for How I Made $93K in Revenue Selling Digital Downloads on Etsy",
      "A/B test ready landing page templates for How I Made $93K in Revenue Selling Digital Downloads on Etsy",
      "Psychology-based sales copy frameworks for How I Made $93K in Revenue Selling Digital Downloads on Etsy",
      "Social proof & proof-block templates for How I Made $93K in Revenue Selling Digital Downloads on Etsy",
      "Multi-channel promotion sequences for How I Made $93K in Revenue Selling Digital Downloads on Etsy"
    ],
    "benefits": [
      "Ship faster with ready How I Made $93K in Revenue Selling Digital Downloads on Etsy templates",
      "Increase conversion with clear How I Made $93K in Revenue Selling Digital Downloads on Etsy value prop",
      "Operate with predictable How I Made $93K in Revenue Selling Digital Downloads on Etsy delivery flow",
      "Scale experimentation with simple How I Made $93K in Revenue Selling Digital Downloads on Etsy A/B hooks"
    ],
    "pricing": {
      "tier_name": "Standard Access",
      "price": "$59.00"
    },
    "faq": [
      {
        "q": "What is included?",
        "a": "You get the full landing page, the How I Made $93K in Revenue Selling Digital Downloads on Etsy guide, and automated delivery setup."
      },
      {
        "q": "How do I deploy?",
        "a": "Upload to Vercel, Netlify, or any static host. No backend needed."
      },
      {
        "q": "Is it secure?",
        "a": "Yes, it uses wallet-based authentication for delivery gating."
      }
    ],
    "cta": {
      "text": "Get Started Now"
    },
    "design": {
      "theme": "modern",
      "primary_color": "#8b5cf6",
      "secondary_color": "#8b5cf6",
      "font_family": "Roboto, sans-serif",
      "layout_style": "bold"
    }
  },
  "assets": {
    "main_content_file": "product.pdf",
    "landing_page": "index.html"
  },
  "_injected_price": "$59.00",
  "_market_price": "$179.00",
  "price": "59"
}