{
  "product_id": "20260213-105709-crypto-wallet-checkout-token-g",
  "output_dir": "d:\\auto\\MetaPassiveIncome_FINAL\\outputs\\20260213-105709-crypto-wallet-checkout-token-g",
  "main_asset": "d:\\auto\\MetaPassiveIncome_FINAL\\outputs\\20260213-105709-crypto-wallet-checkout-token-g\\index.html",
  "schema_path": "d:\\auto\\MetaPassiveIncome_FINAL\\outputs\\20260213-105709-crypto-wallet-checkout-token-g\\product_schema.json",
  "main_content_path": "d:\\auto\\MetaPassiveIncome_FINAL\\outputs\\20260213-105709-crypto-wallet-checkout-token-g\\product.md",
  "checksum": "6f7e73abd1704e43fcde1a9cdff1531851b7f321f83992dae8607c5e4d4361bb",
  "generated_at": "20260213-105709",
  "status": "GENERATED_SUCCESS",
  "schema_driven": true,
  "notes": [
    "스키마 기반 생성 (product_schema.json)",
    "단일 파일 랜딩 페이지 (CSS/JS 내장)",
    "데이터 액션 라우터를 통한 버튼 기능"
  ]
}