{
  "product_id": "20260213-152805-crypto-wallet-buyer-playbook-p",
  "output_dir": "d:\\auto\\MetaPassiveIncome_FINAL\\outputs\\20260213-152805-crypto-wallet-buyer-playbook-p",
  "main_asset": "d:\\auto\\MetaPassiveIncome_FINAL\\outputs\\20260213-152805-crypto-wallet-buyer-playbook-p\\index.html",
  "schema_path": "d:\\auto\\MetaPassiveIncome_FINAL\\outputs\\20260213-152805-crypto-wallet-buyer-playbook-p\\product_schema.json",
  "main_content_path": "d:\\auto\\MetaPassiveIncome_FINAL\\outputs\\20260213-152805-crypto-wallet-buyer-playbook-p\\product.md",
  "checksum": "fe0c59a43aac66992c621c1f61abd74031099785085369c78674395c8d873060",
  "generated_at": "20260213-152805",
  "status": "GENERATED_SUCCESS",
  "schema_driven": true,
  "notes": [
    "스키마 기반 생성 (product_schema.json)",
    "단일 파일 랜딩 페이지 (CSS/JS 내장)",
    "데이터 액션 라우터를 통한 버튼 기능"
  ]
}