{
  "product_id": "20260219-022754-dashboard-and-digital-product",
  "output_dir": "d:\\auto\\MetaPassiveIncome_FINAL\\outputs\\20260219-022754-dashboard-and-digital-product",
  "main_asset": "d:\\auto\\MetaPassiveIncome_FINAL\\outputs\\20260219-022754-dashboard-and-digital-product\\index.html",
  "schema_path": "d:\\auto\\MetaPassiveIncome_FINAL\\outputs\\20260219-022754-dashboard-and-digital-product\\product_schema.json",
  "main_content_path": "d:\\auto\\MetaPassiveIncome_FINAL\\outputs\\20260219-022754-dashboard-and-digital-product\\product.pdf",
  "checksum": "b87d5d7a6165c6558cbcaa283fb8b2093b639c8a5fbd9d4caee997b6c8c26f85",
  "generated_at": "20260219-022808",
  "status": "GENERATED_SUCCESS",
  "schema_driven": true,
  "notes": [
    "스키마 기반 생성 (product_schema.json)",
    "단일 파일 랜딩 페이지 (CSS/JS 내장)",
    "데이터 액션 라우터를 통한 버튼 기능"
  ]
}