{
  "product_id": "20260219-151033-top-22-digital-products-in-dem",
  "title": "Unlock Your Passive Income with Top 22 digital products in demand for 2026",
  "target_customer": "Creators and merchants interested in Top 22 digital products in demand for 2026",
  "value_proposition": "Leverage AI to create and sell digital products based on: Top 22 digital products in demand for 2026",
  "sections": {
    "hero": {
      "headline": "Unlock Your Passive Income with Top 22 digital products in demand for 2026",
      "subheadline": "Leverage AI to create and sell digital products based on: Top 22 digital products in demand for 2026"
    },
    "problem": {
      "description": "Generic e-commerce stores fail to build trust and suffer from high cart abandonment. Without a high-performance storefront, conversion remains stagnant."
    },
    "solution": {
      "description": "A conversion-optimized e-commerce engine with mobile-first UI, friction-free checkout, and built-in trust triggers. Built for modern digital merchants."
    },
    "features": [
      "Mobile-optimized high-speed landing UI for Top 22 digital products in demand for 2026",
      "Trust-building proof & badge templates for Top 22 digital products in demand for 2026",
      "Frictionless 1-click checkout flow for Top 22 digital products in demand for 2026",
      "Automated order confirmation & tracking for Top 22 digital products in demand for 2026",
      "Urgency & scarcity trigger system for Top 22 digital products in demand for 2026"
    ],
    "benefits": [
      "Ship faster with ready Top 22 digital products in demand for 2026 templates",
      "Increase conversion with clear Top 22 digital products in demand for 2026 value prop",
      "Operate with predictable Top 22 digital products in demand for 2026 delivery flow",
      "Scale experimentation with simple Top 22 digital products in demand for 2026 A/B hooks"
    ],
    "pricing": {
      "tier_name": "Standard Access",
      "price": "$29.00"
    },
    "faq": [
      {
        "q": "What is included?",
        "a": "You get the full landing page, the Top 22 digital products in demand for 2026 guide, and automated delivery setup."
      },
      {
        "q": "How do I deploy?",
        "a": "Upload to Vercel, Netlify, or any static host. No backend needed."
      },
      {
        "q": "Is it secure?",
        "a": "Yes, it uses wallet-based authentication for delivery gating."
      }
    ],
    "cta": {
      "text": "Get Started Now"
    },
    "design": {
      "theme": "landing",
      "primary_color": "#10b981",
      "secondary_color": "#10b981",
      "font_family": "Inter, sans-serif",
      "layout_style": "minimalist"
    }
  },
  "assets": {
    "main_content_file": "product.pdf",
    "landing_page": "index.html"
  },
  "metadata": {
    "final_price_usd": 29.0
  },
  "_injected_price": "$29.00",
  "price": "29",
  "offers": {
    "@type": "Offer",
    "price": "29.00",
    "priceCurrency": "USD"
  },
  "_market_price": "$49.00",
  "market_analysis": {
    "category": "Standard Digital Asset",
    "market_price": 49,
    "our_price": 29,
    "desc": "High-quality digital resource"
  }
}