{
  "product_id": "20260219-225211-what-s-going-to-be-hot-in-2026",
  "output_dir": "d:\\auto\\MetaPassiveIncome_FINAL\\outputs\\20260219-225211-what-s-going-to-be-hot-in-2026",
  "main_asset": "d:\\auto\\MetaPassiveIncome_FINAL\\outputs\\20260219-225211-what-s-going-to-be-hot-in-2026\\index.html",
  "schema_path": "d:\\auto\\MetaPassiveIncome_FINAL\\outputs\\20260219-225211-what-s-going-to-be-hot-in-2026\\product_schema.json",
  "main_content_path": "d:\\auto\\MetaPassiveIncome_FINAL\\outputs\\20260219-225211-what-s-going-to-be-hot-in-2026\\product.pdf",
  "checksum": "3e126db0152c502e32bc5f7f2408e1db0f40228712562d7585cceb1f6402fb70",
  "generated_at": "20260219-225223",
  "status": "GENERATED_SUCCESS",
  "schema_driven": true,
  "notes": [
    "스키마 기반 생성 (product_schema.json)",
    "단일 파일 랜딩 페이지 (CSS/JS 내장)",
    "데이터 액션 라우터를 통한 버튼 기능"
  ]
}