{
  "product_id": "20260219-225211-what-s-going-to-be-hot-in-2026",
  "title": "Unlock Your Passive Income with What's Going to Be Hot in 2026",
  "target_customer": "Creators and merchants interested in What's Going to Be Hot in 2026",
  "value_proposition": "Leverage AI to create and sell digital products based on: What's Going to Be Hot in 2026",
  "sections": {
    "hero": {
      "headline": "Unlock Your Passive Income with What's Going to Be Hot in 2026",
      "subheadline": "Leverage AI to create and sell digital products based on: What's Going to Be Hot in 2026"
    },
    "problem": {
      "description": "Creating and selling digital products is complex and time-consuming. Most creators fail due to technical friction and lack of a structured system."
    },
    "solution": {
      "description": "A professional-grade implementation system that handles everything from landing to delivery. Focus on your content, we handle the infrastructure."
    },
    "features": [
      "One-file deployment architecture for What's Going to Be Hot in 2026",
      "Secure token-gated delivery for What's Going to Be Hot in 2026",
      "Conversion-optimized landing components for What's Going to Be Hot in 2026",
      "Built-in analytics & tracking for What's Going to Be Hot in 2026",
      "Automated promotion asset generator for What's Going to Be Hot in 2026"
    ],
    "benefits": [
      "Ship faster with ready What's Going to Be Hot in 2026 templates",
      "Increase conversion with clear What's Going to Be Hot in 2026 value prop",
      "Operate with predictable What's Going to Be Hot in 2026 delivery flow",
      "Scale experimentation with simple What's Going to Be Hot in 2026 A/B hooks"
    ],
    "pricing": {
      "tier_name": "Standard Access",
      "price": "$29.00"
    },
    "faq": [
      {
        "q": "What is included?",
        "a": "You get the full landing page, the What's Going to Be Hot in 2026 guide, and automated delivery setup."
      },
      {
        "q": "How do I deploy?",
        "a": "Upload to Vercel, Netlify, or any static host. No backend needed."
      },
      {
        "q": "Is it secure?",
        "a": "Yes, it uses wallet-based authentication for delivery gating."
      }
    ],
    "cta": {
      "text": "Get Started Now"
    },
    "design": {
      "theme": "elegant",
      "primary_color": "#00b4ff",
      "secondary_color": "#00b4ff",
      "font_family": "Inter, sans-serif",
      "layout_style": "minimalist"
    }
  },
  "assets": {
    "main_content_file": "product.pdf",
    "landing_page": "index.html"
  },
  "_injected_price": "$29.00",
  "_market_price": "$49.00",
  "market_analysis": {
    "category": "Standard Digital Asset",
    "market_price": 49,
    "our_price": 29,
    "desc": "High-quality digital resource"
  },
  "price": "29",
  "offers": {
    "@type": "Offer",
    "price": "29.00"
  }
}