{
  "product_id": "20260220-053326-stablecoin-settlement-handbook",
  "title": "Unlock Your Passive Income with Stablecoin Settlement Handbook for Cross-Border Solopreneurs",
  "target_customer": "Creators and merchants interested in Stablecoin Settlement Handbook for Cross-Border Solopreneurs",
  "value_proposition": "Leverage AI to create and sell digital products based on: Stablecoin Settlement Handbook for Cross-Border Solopreneurs",
  "sections": {
    "hero": {
      "headline": "Unlock Your Passive Income with Stablecoin Settlement Handbook for Cross-Border Solopreneurs",
      "subheadline": "Leverage AI to create and sell digital products based on: Stablecoin Settlement Handbook for Cross-Border Solopreneurs"
    },
    "problem": {
      "description": "Creating and selling digital products is complex and time-consuming. Most creators fail due to technical friction and lack of a structured system."
    },
    "solution": {
      "description": "A professional-grade implementation system that handles everything from landing to delivery. Focus on your content, we handle the infrastructure."
    },
    "features": [
      "One-file deployment architecture for Stablecoin Settlement Handbook for Cross-Border Solopreneurs",
      "Secure token-gated delivery for Stablecoin Settlement Handbook for Cross-Border Solopreneurs",
      "Conversion-optimized landing components for Stablecoin Settlement Handbook for Cross-Border Solopreneurs",
      "Built-in analytics & tracking for Stablecoin Settlement Handbook for Cross-Border Solopreneurs",
      "Automated promotion asset generator for Stablecoin Settlement Handbook for Cross-Border Solopreneurs"
    ],
    "benefits": [
      "Ship faster with ready Stablecoin Settlement Handbook for Cross-Border Solopreneurs templates",
      "Increase conversion with clear Stablecoin Settlement Handbook for Cross-Border Solopreneurs value prop",
      "Operate with predictable Stablecoin Settlement Handbook for Cross-Border Solopreneurs delivery flow",
      "Scale experimentation with simple Stablecoin Settlement Handbook for Cross-Border Solopreneurs A/B hooks"
    ],
    "pricing": {
      "tier_name": "Standard Access",
      "price": "$29.00"
    },
    "faq": [
      {
        "q": "What is included?",
        "a": "You get the full landing page, the Stablecoin Settlement Handbook for Cross-Border Solopreneurs guide, and automated delivery setup."
      },
      {
        "q": "How do I deploy?",
        "a": "Upload to Vercel, Netlify, or any static host. No backend needed."
      },
      {
        "q": "Is it secure?",
        "a": "Yes, it uses wallet-based authentication for delivery gating."
      }
    ],
    "cta": {
      "text": "Get Started Now"
    },
    "design": {
      "theme": "modern",
      "primary_color": "#8b5cf6",
      "secondary_color": "#8b5cf6",
      "font_family": "Georgia, serif",
      "layout_style": "creative"
    }
  },
  "assets": {
    "main_content_file": "product.pdf",
    "landing_page": "index.html"
  },
  "_injected_price": "$29.00",
  "_market_price": "$49.00",
  "price": "29"
}