{
  "product_id": "20260220-102409-2026-planner",
  "output_dir": "d:\\auto\\MetaPassiveIncome_FINAL\\outputs\\20260220-102409-2026-planner",
  "main_asset": "d:\\auto\\MetaPassiveIncome_FINAL\\outputs\\20260220-102409-2026-planner\\index.html",
  "schema_path": "d:\\auto\\MetaPassiveIncome_FINAL\\outputs\\20260220-102409-2026-planner\\product_schema.json",
  "main_content_path": "d:\\auto\\MetaPassiveIncome_FINAL\\outputs\\20260220-102409-2026-planner\\product.pdf",
  "checksum": "f8b8b5006a64abef82e09860a007dff557a01491062bc04eda2eaa3bf0a44489",
  "generated_at": "20260220-102420",
  "status": "GENERATED_SUCCESS",
  "schema_driven": true,
  "notes": [
    "스키마 기반 생성 (product_schema.json)",
    "단일 파일 랜딩 페이지 (CSS/JS 내장)",
    "데이터 액션 라우터를 통한 버튼 기능"
  ]
}