{
  "product_id": "20260220-050239-15-best-digital-product-ideas",
  "output_dir": "d:\\auto\\MetaPassiveIncome_FINAL\\outputs\\20260220-050239-15-best-digital-product-ideas",
  "main_asset": "d:\\auto\\MetaPassiveIncome_FINAL\\outputs\\20260220-050239-15-best-digital-product-ideas\\index.html",
  "schema_path": "d:\\auto\\MetaPassiveIncome_FINAL\\outputs\\20260220-050239-15-best-digital-product-ideas\\product_schema.json",
  "main_content_path": "d:\\auto\\MetaPassiveIncome_FINAL\\outputs\\20260220-050239-15-best-digital-product-ideas\\product.pdf",
  "checksum": "d1e1a9865979f7aebf6def748908a102041ce3c8f234ff881706b6d1f7730de9",
  "generated_at": "20260220-050252",
  "status": "GENERATED_SUCCESS",
  "schema_driven": true,
  "notes": [
    "스키마 기반 생성 (product_schema.json)",
    "단일 파일 랜딩 페이지 (CSS/JS 내장)",
    "데이터 액션 라우터를 통한 버튼 기능"
  ]
}