day,channel,hook,cta,keywords
1,Reddit,"📈 Double your conversion rates with 'Trust Blocks' + Proof Metrics.","✅ Get the checklist and avoid the expensive mistakes I made.","digital product delivery, privacy-first payments, conversion optimization"
2,X,"🌍 Global commerce without boundaries: Sell to anyone, anywhere, instantly.","🛠 Copy my exact workflow and start shipping by tonight.","nowpayments integration, automated fulfillment, high-ticket sales"
3,YouTube Shorts,"💎 From zero to automated crypto sales: The exact 7-day blueprint.","👉 Grab the Premium Bundle + Secret Templates [Limited Time]","digital product delivery, privacy-first payments, conversion optimization"
4,LinkedIn,"🚀 Turn your crypto wallet into a high-performance revenue engine.","👉 Grab the Premium Bundle + Secret Templates [Limited Time]","passive income system, crypto revenue, digital entrepreneurship"
5,TikTok,"🔥 Stop losing 3% to card fees — Settle globally in seconds, not days.","🛠 Copy my exact workflow and start shipping by tonight.","nowpayments integration, automated fulfillment, high-ticket sales"
6,Blog,"🌍 Global commerce without boundaries: Sell to anyone, anywhere, instantly.","👉 Grab the Premium Bundle + Secret Templates [Limited Time]","passive income system, crypto revenue, digital entrepreneurship"
7,TikTok,"🌍 Global commerce without boundaries: Sell to anyone, anywhere, instantly.","📥 Download the complete system and launch your store today.","nowpayments integration, automated fulfillment, high-ticket sales"
8,TikTok,"🔒 Privacy is a feature, not a luxury. Reduce payment traceability today.","✅ Get the checklist and avoid the expensive mistakes I made.","nowpayments integration, automated fulfillment, high-ticket sales"
9,YouTube Shorts,"⚠️ The #1 mistake digital sellers make with crypto (and how to fix it).","🛠 Copy my exact workflow and start shipping by tonight.","digital product delivery, privacy-first payments, conversion optimization"
10,Reddit,"🔥 Stop losing 3% to card fees — Settle globally in seconds, not days.","💰 Start accepting crypto like a pro — Download now.","digital product delivery, privacy-first payments, conversion optimization"
11,Reddit,"🔥 Stop losing 3% to card fees — Settle globally in seconds, not days.","📥 Download the complete system and launch your store today.","crypto automation, instant settlement, web3 commerce"
12,X,"💎 From zero to automated crypto sales: The exact 7-day blueprint.","✅ Get the checklist and avoid the expensive mistakes I made.","passive income system, crypto revenue, digital entrepreneurship"
13,Instagram,"💎 From zero to automated crypto sales: The exact 7-day blueprint.","✅ Get the checklist and avoid the expensive mistakes I made.","digital product delivery, privacy-first payments, conversion optimization"
14,YouTube Shorts,"📈 Double your conversion rates with 'Trust Blocks' + Proof Metrics.","🛠 Copy my exact workflow and start shipping by tonight.","nowpayments integration, automated fulfillment, high-ticket sales"
15,LinkedIn,"🔥 Stop losing 3% to card fees — Settle globally in seconds, not days.","🛠 Copy my exact workflow and start shipping by tonight.","passive income system, crypto revenue, digital entrepreneurship"
16,Blog,"📈 Double your conversion rates with 'Trust Blocks' + Proof Metrics.","✅ Get the checklist and avoid the expensive mistakes I made.","digital product delivery, privacy-first payments, conversion optimization"
17,Blog,"📈 Double your conversion rates with 'Trust Blocks' + Proof Metrics.","💰 Start accepting crypto like a pro — Download now.","crypto automation, instant settlement, web3 commerce"
18,YouTube Shorts,"💎 From zero to automated crypto sales: The exact 7-day blueprint.","📥 Download the complete system and launch your store today.","nowpayments integration, automated fulfillment, high-ticket sales"
19,Reddit,"⚠️ The #1 mistake digital sellers make with crypto (and how to fix it).","✅ Get the checklist and avoid the expensive mistakes I made.","digital product delivery, privacy-first payments, conversion optimization"
20,Reddit,"📈 Double your conversion rates with 'Trust Blocks' + Proof Metrics.","👉 Grab the Premium Bundle + Secret Templates [Limited Time]","crypto automation, instant settlement, web3 commerce"
21,X,"🔒 Privacy is a feature, not a luxury. Reduce payment traceability today.","✅ Get the checklist and avoid the expensive mistakes I made.","passive income system, crypto revenue, digital entrepreneurship"
22,LinkedIn,"🚀 Turn your crypto wallet into a high-performance revenue engine.","👉 Grab the Premium Bundle + Secret Templates [Limited Time]","crypto automation, instant settlement, web3 commerce"
23,Instagram,"⚠️ The #1 mistake digital sellers make with crypto (and how to fix it).","📥 Download the complete system and launch your store today.","digital product delivery, privacy-first payments, conversion optimization"
24,TikTok,"🚀 Turn your crypto wallet into a high-performance revenue engine.","💰 Start accepting crypto like a pro — Download now.","nowpayments integration, automated fulfillment, high-ticket sales"
25,Blog,"⚠️ The #1 mistake digital sellers make with crypto (and how to fix it).","🛠 Copy my exact workflow and start shipping by tonight.","passive income system, crypto revenue, digital entrepreneurship"
26,X,"📈 Double your conversion rates with 'Trust Blocks' + Proof Metrics.","💰 Start accepting crypto like a pro — Download now.","sales funnel design, trust-building metrics, automated operations"
27,TikTok,"🔒 Privacy is a feature, not a luxury. Reduce payment traceability today.","👉 Grab the Premium Bundle + Secret Templates [Limited Time]","digital product delivery, privacy-first payments, conversion optimization"
28,YouTube Shorts,"🔒 Privacy is a feature, not a luxury. Reduce payment traceability today.","📥 Download the complete system and launch your store today.","nowpayments integration, automated fulfillment, high-ticket sales"
29,X,"🔒 Privacy is a feature, not a luxury. Reduce payment traceability today.","💰 Start accepting crypto like a pro — Download now.","digital product delivery, privacy-first payments, conversion optimization"
30,YouTube Shorts,"🚀 Turn your crypto wallet into a high-performance revenue engine.","💰 Start accepting crypto like a pro — Download now.","nowpayments integration, automated fulfillment, high-ticket sales"
