{
  "product_id": "20260220-174404-17-typical-b-2-b-business-exam",
  "title": "Unlock Your Passive Income with 17 Typical B 2 B Business Examples in eCommerce Worth...",
  "target_customer": "Creators and merchants interested in 17 Typical B 2 B Business Examples in eCommerce Worth...",
  "value_proposition": "Leverage AI to create and sell digital products based on: 17 Typical B 2 B Business Examples in eCommerce Worth...",
  "sections": {
    "hero": {
      "headline": "Unlock Your Passive Income with 17 Typical B 2 B Business Examples in eCommerce Worth...",
      "subheadline": "Leverage AI to create and sell digital products based on: 17 Typical B 2 B Business Examples in eCommerce Worth..."
    },
    "problem": {
      "description": "Generic e-commerce stores fail to build trust and suffer from high cart abandonment. Without a high-performance storefront, conversion remains stagnant."
    },
    "solution": {
      "description": "A conversion-optimized e-commerce engine with mobile-first UI, friction-free checkout, and built-in trust triggers. Built for modern digital merchants."
    },
    "features": [
      "Mobile-optimized high-speed landing UI for 17 Typical B 2 B Business Examples in eCommerce Worth...",
      "Trust-building proof & badge templates for 17 Typical B 2 B Business Examples in eCommerce Worth...",
      "Frictionless 1-click checkout flow for 17 Typical B 2 B Business Examples in eCommerce Worth...",
      "Automated order confirmation & tracking for 17 Typical B 2 B Business Examples in eCommerce Worth...",
      "Urgency & scarcity trigger system for 17 Typical B 2 B Business Examples in eCommerce Worth..."
    ],
    "benefits": [
      "Ship faster with ready 17 Typical B 2 B Business Examples in eCommerce Worth... templates",
      "Increase conversion with clear 17 Typical B 2 B Business Examples in eCommerce Worth... value prop",
      "Operate with predictable 17 Typical B 2 B Business Examples in eCommerce Worth... delivery flow",
      "Scale experimentation with simple 17 Typical B 2 B Business Examples in eCommerce Worth... A/B hooks"
    ],
    "pricing": {
      "tier_name": "Standard Access",
      "price": "$59.00"
    },
    "faq": [
      {
        "q": "What is included?",
        "a": "You get the full landing page, the 17 Typical B 2 B Business Examples in eCommerce Worth... guide, and automated delivery setup."
      },
      {
        "q": "How do I deploy?",
        "a": "Upload to Vercel, Netlify, or any static host. No backend needed."
      },
      {
        "q": "Is it secure?",
        "a": "Yes, it uses wallet-based authentication for delivery gating."
      }
    ],
    "cta": {
      "text": "Get Started Now"
    },
    "design": {
      "theme": "modern",
      "primary_color": "#f59e0b",
      "secondary_color": "#f59e0b",
      "font_family": "Roboto, sans-serif",
      "layout_style": "bold"
    }
  },
  "assets": {
    "main_content_file": "product.pdf",
    "landing_page": "index.html"
  }
}