{
  "product_id": "20260213-153151-개인-링크-인-바이오-link-in-bio-페이지",
  "output_dir": "d:\\auto\\MetaPassiveIncome_FINAL\\outputs\\20260213-153151-개인-링크-인-바이오-link-in-bio-페이지",
  "main_asset": "d:\\auto\\MetaPassiveIncome_FINAL\\outputs\\20260213-153151-개인-링크-인-바이오-link-in-bio-페이지\\index.html",
  "schema_path": "d:\\auto\\MetaPassiveIncome_FINAL\\outputs\\20260213-153151-개인-링크-인-바이오-link-in-bio-페이지\\product_schema.json",
  "main_content_path": "d:\\auto\\MetaPassiveIncome_FINAL\\outputs\\20260213-153151-개인-링크-인-바이오-link-in-bio-페이지\\product.md",
  "checksum": "908f38d820cdd5a63b9745e1d50250ba316a74e2b27a74a9483e3a1e4eb73cc9",
  "generated_at": "20260213-153151",
  "status": "GENERATED_SUCCESS",
  "schema_driven": true,
  "notes": [
    "스키마 기반 생성 (product_schema.json)",
    "단일 파일 랜딩 페이지 (CSS/JS 내장)",
    "데이터 액션 라우터를 통한 버튼 기능"
  ]
}