{
  "product_id": "20260219-015809-best-notion-templates-in-2026",
  "title": "Unlock Your Passive Income with Best Notion Templates in 2026 (Free & Paid Picks) – Plandio",
  "target_customer": "Creators and merchants interested in Best Notion Templates in 2026 (Free & Paid Picks) – Plandio",
  "value_proposition": "Leverage AI to create and sell digital products based on: Best Notion Templates in 2026 (Free & Paid Picks) – Plandio",
  "sections": {
    "hero": {
      "headline": "Unlock Your Passive Income with Best Notion Templates in 2026 (Free & Paid Picks) – Plandio",
      "subheadline": "Leverage AI to create and sell digital products based on: Best Notion Templates in 2026 (Free & Paid Picks) – Plandio"
    },
    "problem": {
      "description": "Manual AI workflows are slow and error-prone. Without a structured automation system, scaling AI-driven tasks leads to inconsistent quality and high operational costs."
    },
    "solution": {
      "description": "A robust AI automation framework with pre-built prompt templates, error-handling logic, and automated quality gates. Designed for high-scale AI operations."
    },
    "features": [
      "Hardened prompt engineering library for Best Notion Templates in 2026 (Free & Paid Picks) – Plandio",
      "Automated quality gate & validation logic for Best Notion Templates in 2026 (Free & Paid Picks) – Plandio",
      "Rate-limit & retry handling system for Best Notion Templates in 2026 (Free & Paid Picks) – Plandio",
      "Structured output (JSON/Markdown) templates for Best Notion Templates in 2026 (Free & Paid Picks) – Plandio",
      "AI-to-Human handoff workflows for Best Notion Templates in 2026 (Free & Paid Picks) – Plandio"
    ],
    "benefits": [
      "Ship faster with ready Best Notion Templates in 2026 (Free & Paid Picks) – Plandio templates",
      "Increase conversion with clear Best Notion Templates in 2026 (Free & Paid Picks) – Plandio value prop",
      "Operate with predictable Best Notion Templates in 2026 (Free & Paid Picks) – Plandio delivery flow",
      "Scale experimentation with simple Best Notion Templates in 2026 (Free & Paid Picks) – Plandio A/B hooks"
    ],
    "pricing": {
      "tier_name": "Standard Access",
      "price": "$49.00"
    },
    "faq": [
      {
        "q": "What is included?",
        "a": "You get the full landing page, the Best Notion Templates in 2026 (Free & Paid Picks) – Plandio guide, and automated delivery setup."
      },
      {
        "q": "How do I deploy?",
        "a": "Upload to Vercel, Netlify, or any static host. No backend needed."
      },
      {
        "q": "Is it secure?",
        "a": "Yes, it uses wallet-based authentication for delivery gating."
      }
    ],
    "cta": {
      "text": "Get Started Now"
    },
    "design": {
      "theme": "tech",
      "primary_color": "#10b981",
      "secondary_color": "#10b981",
      "font_family": "system-ui, sans-serif",
      "layout_style": "professional"
    }
  },
  "assets": {
    "main_content_file": "product.pdf",
    "landing_page": "index.html"
  }
}