{
  "ok": false,
  "results": {
    "en": {
      "ok": "false",
      "error": "KeyError: \"Style 'Code' already defined in stylesheet\"",
      "pdf_path": "d:\\auto\\MetaPassiveIncome_FINAL\\outputs\\20260207-144109-ai-도구-대기열-랜딩-페이지\\product_en.pdf"
    },
    "ko": {
      "ok": "false",
      "error": "KeyError: \"Style 'Code' already defined in stylesheet\"",
      "pdf_path": "d:\\auto\\MetaPassiveIncome_FINAL\\outputs\\20260207-144109-ai-도구-대기열-랜딩-페이지\\product_ko.pdf"
    }
  }
}