{
  "product_id": "20260213-154143-saas-waitlist-pre-launch-landi",
  "output_dir": "d:\\auto\\MetaPassiveIncome_FINAL\\outputs\\20260213-154143-saas-waitlist-pre-launch-landi",
  "main_asset": "d:\\auto\\MetaPassiveIncome_FINAL\\outputs\\20260213-154143-saas-waitlist-pre-launch-landi\\index.html",
  "schema_path": "d:\\auto\\MetaPassiveIncome_FINAL\\outputs\\20260213-154143-saas-waitlist-pre-launch-landi\\product_schema.json",
  "main_content_path": "d:\\auto\\MetaPassiveIncome_FINAL\\outputs\\20260213-154143-saas-waitlist-pre-launch-landi\\product.md",
  "checksum": "39de50e2302d7def4027a617dee6b20fc411efce12986c9de9be53b3cbcd2015",
  "generated_at": "20260213-154143",
  "status": "GENERATED_SUCCESS",
  "schema_driven": true,
  "notes": [
    "스키마 기반 생성 (product_schema.json)",
    "단일 파일 랜딩 페이지 (CSS/JS 내장)",
    "데이터 액션 라우터를 통한 버튼 기능"
  ]
}