{
  "product_id": "20260213-103545-crypto-wallet-buyer-playbook-p",
  "output_dir": "d:\\auto\\MetaPassiveIncome_FINAL\\outputs\\20260213-103545-crypto-wallet-buyer-playbook-p",
  "main_asset": "d:\\auto\\MetaPassiveIncome_FINAL\\outputs\\20260213-103545-crypto-wallet-buyer-playbook-p\\index.html",
  "schema_path": "d:\\auto\\MetaPassiveIncome_FINAL\\outputs\\20260213-103545-crypto-wallet-buyer-playbook-p\\product_schema.json",
  "main_content_path": "d:\\auto\\MetaPassiveIncome_FINAL\\outputs\\20260213-103545-crypto-wallet-buyer-playbook-p\\product.md",
  "checksum": "407ed90a7a709e31101bad0917c296c160c1f24d9a73595f7761735895b46f4e",
  "generated_at": "20260213-103545",
  "status": "GENERATED_SUCCESS",
  "schema_driven": true,
  "notes": [
    "스키마 기반 생성 (product_schema.json)",
    "단일 파일 랜딩 페이지 (CSS/JS 내장)",
    "데이터 액션 라우터를 통한 버튼 기능"
  ]
}