{
  "product_id": "20260213-103722-online-course-webinar-sales-pa",
  "output_dir": "d:\\auto\\MetaPassiveIncome_FINAL\\outputs\\20260213-103722-online-course-webinar-sales-pa",
  "main_asset": "d:\\auto\\MetaPassiveIncome_FINAL\\outputs\\20260213-103722-online-course-webinar-sales-pa\\index.html",
  "schema_path": "d:\\auto\\MetaPassiveIncome_FINAL\\outputs\\20260213-103722-online-course-webinar-sales-pa\\product_schema.json",
  "main_content_path": "d:\\auto\\MetaPassiveIncome_FINAL\\outputs\\20260213-103722-online-course-webinar-sales-pa\\product.md",
  "checksum": "20de3417a0ae2456383e55e6d12648ccf9803c2fa7349cde99f61096d987910a",
  "generated_at": "20260213-103722",
  "status": "GENERATED_SUCCESS",
  "schema_driven": true,
  "notes": [
    "스키마 기반 생성 (product_schema.json)",
    "단일 파일 랜딩 페이지 (CSS/JS 내장)",
    "데이터 액션 라우터를 통한 버튼 기능"
  ]
}