{
  "product_id": "20260219-202435-academia-edu",
  "output_dir": "d:\\auto\\MetaPassiveIncome_FINAL\\outputs\\20260219-202435-academia-edu",
  "main_asset": "d:\\auto\\MetaPassiveIncome_FINAL\\outputs\\20260219-202435-academia-edu\\index.html",
  "schema_path": "d:\\auto\\MetaPassiveIncome_FINAL\\outputs\\20260219-202435-academia-edu\\product_schema.json",
  "main_content_path": "d:\\auto\\MetaPassiveIncome_FINAL\\outputs\\20260219-202435-academia-edu\\product.pdf",
  "checksum": "8b573d066071cc79f5a0d88b62197389b4aaa52ceead324208ef99f47f6f047e",
  "generated_at": "20260219-202451",
  "status": "GENERATED_SUCCESS",
  "schema_driven": true,
  "notes": [
    "스키마 기반 생성 (product_schema.json)",
    "단일 파일 랜딩 페이지 (CSS/JS 내장)",
    "데이터 액션 라우터를 통한 버튼 기능"
  ]
}