{
  "product_id": "20260219-202435-academia-edu",
  "title": "Unlock Your Passive Income with Academia.edu",
  "target_customer": "Creators and merchants interested in Academia.edu",
  "value_proposition": "Leverage AI to create and sell digital products based on: Academia.edu",
  "sections": {
    "hero": {
      "headline": "Unlock Your Passive Income with Academia.edu",
      "subheadline": "Leverage AI to create and sell digital products based on: Academia.edu"
    },
    "problem": {
      "description": "Most marketing assets are generic and fail to convert. Without a high-converting system, traffic is wasted and acquisition costs skyrocket."
    },
    "solution": {
      "description": "A results-driven marketing vault with proven hooks, structured landing templates, and conversion-optimized copy. Designed for rapid scale."
    },
    "features": [
      "High-converting hook & headline library for Academia.edu",
      "A/B test ready landing page templates for Academia.edu",
      "Psychology-based sales copy frameworks for Academia.edu",
      "Social proof & proof-block templates for Academia.edu",
      "Multi-channel promotion sequences for Academia.edu"
    ],
    "benefits": [
      "Ship faster with ready Academia.edu templates",
      "Increase conversion with clear Academia.edu value prop",
      "Operate with predictable Academia.edu delivery flow",
      "Scale experimentation with simple Academia.edu A/B hooks"
    ],
    "pricing": {
      "tier_name": "Standard Access",
      "price": "$29.00"
    },
    "faq": [
      {
        "q": "What is included?",
        "a": "You get the full landing page, the Academia.edu guide, and automated delivery setup."
      },
      {
        "q": "How do I deploy?",
        "a": "Upload to Vercel, Netlify, or any static host. No backend needed."
      },
      {
        "q": "Is it secure?",
        "a": "Yes, it uses wallet-based authentication for delivery gating."
      }
    ],
    "cta": {
      "text": "Get Started Now"
    },
    "design": {
      "theme": "dark",
      "primary_color": "#f59e0b",
      "secondary_color": "#f59e0b",
      "font_family": "Roboto, sans-serif",
      "layout_style": "bold"
    }
  },
  "assets": {
    "main_content_file": "product.pdf",
    "landing_page": "index.html"
  },
  "price": "29",
  "_injected_price": "$29.00",
  "offers": {
    "@type": "Offer",
    "price": "29.00",
    "priceCurrency": "USD"
  },
  "_market_price": "$49.00",
  "market_analysis": {
    "category": "Standard Digital Asset",
    "market_price": 49,
    "our_price": 29,
    "desc": "High-quality digital resource"
  }
}