{
  "product_id": "20260220-011529-15-successful-b2b-ecommerce-ex",
  "output_dir": "d:\\auto\\MetaPassiveIncome_FINAL\\outputs\\20260220-011529-15-successful-b2b-ecommerce-ex",
  "main_asset": "d:\\auto\\MetaPassiveIncome_FINAL\\outputs\\20260220-011529-15-successful-b2b-ecommerce-ex\\index.html",
  "schema_path": "d:\\auto\\MetaPassiveIncome_FINAL\\outputs\\20260220-011529-15-successful-b2b-ecommerce-ex\\product_schema.json",
  "main_content_path": "d:\\auto\\MetaPassiveIncome_FINAL\\outputs\\20260220-011529-15-successful-b2b-ecommerce-ex\\product.pdf",
  "checksum": "2a5b7eecad5af230c3c0c297923c933b2ad62fe087a177e2d3e41e5fe739bfc9",
  "generated_at": "20260220-011547",
  "status": "GENERATED_SUCCESS",
  "schema_driven": true,
  "notes": [
    "스키마 기반 생성 (product_schema.json)",
    "단일 파일 랜딩 페이지 (CSS/JS 내장)",
    "데이터 액션 라우터를 통한 버튼 기능"
  ]
}