{
  "product_id": "20260220-061810-digital-to-physical-on-etsy-th",
  "output_dir": "d:\\auto\\MetaPassiveIncome_FINAL\\outputs\\20260220-061810-digital-to-physical-on-etsy-th",
  "main_asset": "d:\\auto\\MetaPassiveIncome_FINAL\\outputs\\20260220-061810-digital-to-physical-on-etsy-th\\index.html",
  "schema_path": "d:\\auto\\MetaPassiveIncome_FINAL\\outputs\\20260220-061810-digital-to-physical-on-etsy-th\\product_schema.json",
  "main_content_path": "d:\\auto\\MetaPassiveIncome_FINAL\\outputs\\20260220-061810-digital-to-physical-on-etsy-th\\product.pdf",
  "checksum": "3103424171dbadf5eb780732021d5fad36528f91e963a85a4efb9cabcc4bb6d8",
  "generated_at": "20260220-061822",
  "status": "GENERATED_SUCCESS",
  "schema_driven": true,
  "notes": [
    "스키마 기반 생성 (product_schema.json)",
    "단일 파일 랜딩 페이지 (CSS/JS 내장)",
    "데이터 액션 라우터를 통한 버튼 기능"
  ]
}