{
  "product_id": "20260220-061810-digital-to-physical-on-etsy-th",
  "title": "Unlock Your Passive Income with Digital -to-Physical on Etsy : The New Hybrid Seller Playbook",
  "target_customer": "Creators and merchants interested in Digital -to-Physical on Etsy : The New Hybrid Seller Playbook",
  "value_proposition": "Leverage AI to create and sell digital products based on: Digital -to-Physical on Etsy : The New Hybrid Seller Playbook",
  "sections": {
    "hero": {
      "headline": "Unlock Your Passive Income with Digital -to-Physical on Etsy : The New Hybrid Seller Playbook",
      "subheadline": "Leverage AI to create and sell digital products based on: Digital -to-Physical on Etsy : The New Hybrid Seller Playbook"
    },
    "problem": {
      "description": "Creating and selling digital products is complex and time-consuming. Most creators fail due to technical friction and lack of a structured system."
    },
    "solution": {
      "description": "A professional-grade implementation system that handles everything from landing to delivery. Focus on your content, we handle the infrastructure."
    },
    "features": [
      "One-file deployment architecture for Digital -to-Physical on Etsy : The New Hybrid Seller Playbook",
      "Secure token-gated delivery for Digital -to-Physical on Etsy : The New Hybrid Seller Playbook",
      "Conversion-optimized landing components for Digital -to-Physical on Etsy : The New Hybrid Seller Playbook",
      "Built-in analytics & tracking for Digital -to-Physical on Etsy : The New Hybrid Seller Playbook",
      "Automated promotion asset generator for Digital -to-Physical on Etsy : The New Hybrid Seller Playbook"
    ],
    "benefits": [
      "Ship faster with ready Digital -to-Physical on Etsy : The New Hybrid Seller Playbook templates",
      "Increase conversion with clear Digital -to-Physical on Etsy : The New Hybrid Seller Playbook value prop",
      "Operate with predictable Digital -to-Physical on Etsy : The New Hybrid Seller Playbook delivery flow",
      "Scale experimentation with simple Digital -to-Physical on Etsy : The New Hybrid Seller Playbook A/B hooks"
    ],
    "pricing": {
      "tier_name": "Standard Access",
      "price": "$59.00"
    },
    "faq": [
      {
        "q": "What is included?",
        "a": "You get the full landing page, the Digital -to-Physical on Etsy : The New Hybrid Seller Playbook guide, and automated delivery setup."
      },
      {
        "q": "How do I deploy?",
        "a": "Upload to Vercel, Netlify, or any static host. No backend needed."
      },
      {
        "q": "Is it secure?",
        "a": "Yes, it uses wallet-based authentication for delivery gating."
      }
    ],
    "cta": {
      "text": "Get Started Now"
    },
    "design": {
      "theme": "dark",
      "primary_color": "#8b5cf6",
      "secondary_color": "#8b5cf6",
      "font_family": "Roboto, sans-serif",
      "layout_style": "bold"
    }
  },
  "assets": {
    "main_content_file": "product.pdf",
    "landing_page": "index.html"
  }
}