{
  "product_id": "20260213-055101-ai-passive-income",
  "output_dir": "d:\\auto\\MetaPassiveIncome_FINAL\\outputs\\20260213-055101-ai-passive-income",
  "main_asset": "d:\\auto\\MetaPassiveIncome_FINAL\\outputs\\20260213-055101-ai-passive-income\\index.html",
  "schema_path": "d:\\auto\\MetaPassiveIncome_FINAL\\outputs\\20260213-055101-ai-passive-income\\product_schema.json",
  "main_content_path": "d:\\auto\\MetaPassiveIncome_FINAL\\outputs\\20260213-055101-ai-passive-income\\product.md",
  "checksum": "4507e2454eda606c628300b65322f93e4daee5f8e462c00cd4f06c3314f0ccc1",
  "generated_at": "20260213-055101",
  "status": "GENERATED_SUCCESS",
  "schema_driven": true,
  "notes": [
    "스키마 기반 생성 (product_schema.json)",
    "단일 파일 랜딩 페이지 (CSS/JS 내장)",
    "데이터 액션 라우터를 통한 버튼 기능"
  ]
}