{
  "product_id": "20260219-060347-saas-ideas-150-profitable-saas",
  "title": "Unlock Your Passive Income with SaaS Ideas: 150+ Profitable SaaS Ideas to Build in 2026 ...",
  "target_customer": "Creators and merchants interested in SaaS Ideas: 150+ Profitable SaaS Ideas to Build in 2026 ...",
  "value_proposition": "Leverage AI to create and sell digital products based on: SaaS Ideas: 150+ Profitable SaaS Ideas to Build in 2026 ...",
  "sections": {
    "hero": {
      "headline": "Unlock Your Passive Income with SaaS Ideas: 150+ Profitable SaaS Ideas to Build in 2026 ...",
      "subheadline": "Leverage AI to create and sell digital products based on: SaaS Ideas: 150+ Profitable SaaS Ideas to Build in 2026 ..."
    },
    "problem": {
      "description": "Creating and selling digital products is complex and time-consuming. Most creators fail due to technical friction and lack of a structured system."
    },
    "solution": {
      "description": "A professional-grade implementation system that handles everything from landing to delivery. Focus on your content, we handle the infrastructure."
    },
    "features": [
      "One-file deployment architecture for SaaS Ideas: 150+ Profitable SaaS Ideas to Build in 2026 ...",
      "Secure token-gated delivery for SaaS Ideas: 150+ Profitable SaaS Ideas to Build in 2026 ...",
      "Conversion-optimized landing components for SaaS Ideas: 150+ Profitable SaaS Ideas to Build in 2026 ...",
      "Built-in analytics & tracking for SaaS Ideas: 150+ Profitable SaaS Ideas to Build in 2026 ...",
      "Automated promotion asset generator for SaaS Ideas: 150+ Profitable SaaS Ideas to Build in 2026 ..."
    ],
    "benefits": [
      "Ship faster with ready SaaS Ideas: 150+ Profitable SaaS Ideas to Build in 2026 ... templates",
      "Increase conversion with clear SaaS Ideas: 150+ Profitable SaaS Ideas to Build in 2026 ... value prop",
      "Operate with predictable SaaS Ideas: 150+ Profitable SaaS Ideas to Build in 2026 ... delivery flow",
      "Scale experimentation with simple SaaS Ideas: 150+ Profitable SaaS Ideas to Build in 2026 ... A/B hooks"
    ],
    "pricing": {
      "tier_name": "Standard Access",
      "price": "$59.00"
    },
    "faq": [
      {
        "q": "What is included?",
        "a": "You get the full landing page, the SaaS Ideas: 150+ Profitable SaaS Ideas to Build in 2026 ... guide, and automated delivery setup."
      },
      {
        "q": "How do I deploy?",
        "a": "Upload to Vercel, Netlify, or any static host. No backend needed."
      },
      {
        "q": "Is it secure?",
        "a": "Yes, it uses wallet-based authentication for delivery gating."
      }
    ],
    "cta": {
      "text": "Get Started Now"
    },
    "design": {
      "theme": "modern",
      "primary_color": "#00b4ff",
      "secondary_color": "#00b4ff",
      "font_family": "Inter, sans-serif",
      "layout_style": "minimalist"
    }
  },
  "assets": {
    "main_content_file": "product.pdf",
    "landing_page": "index.html"
  },
  "metadata": {
    "final_price_usd": 179.0
  },
  "_injected_price": "$59.00",
  "price": "59",
  "offers": {
    "@type": "Offer",
    "price": "59.00",
    "priceCurrency": "USD"
  },
  "_market_price": "$179.00",
  "market_analysis": {
    "category": "SaaS / System",
    "market_price": 179,
    "our_price": 59,
    "desc": "High-value functional software/system"
  }
}