{
  "product_id": "20260208-040747-소셜-미디어-프로필-링크-페이지",
  "output_dir": "d:\\auto\\MetaPassiveIncome_FINAL\\outputs\\20260208-040747-소셜-미디어-프로필-링크-페이지",
  "main_asset": "d:\\auto\\MetaPassiveIncome_FINAL\\outputs\\20260208-040747-소셜-미디어-프로필-링크-페이지\\index.html",
  "schema_path": "d:\\auto\\MetaPassiveIncome_FINAL\\outputs\\20260208-040747-소셜-미디어-프로필-링크-페이지\\product_schema.json",
  "main_content_path": "d:\\auto\\MetaPassiveIncome_FINAL\\outputs\\20260208-040747-소셜-미디어-프로필-링크-페이지\\product.md",
  "checksum": "1fb5bad1bb77b2fc0123b687009cfec9dcedbdfdd88193cbe2b5c1ce06fb212e",
  "generated_at": "20260208-040747",
  "status": "GENERATED_SUCCESS",
  "schema_driven": true,
  "notes": [
    "스키마 기반 생성 (product_schema.json)",
    "단일 파일 랜딩 페이지 (CSS/JS 내장)",
    "데이터 액션 라우터를 통한 버튼 기능"
  ]
}