{
  "product_id": "20260213-011154-cold-wallet-ops-manual-for-dig",
  "output_dir": "d:\\auto\\MetaPassiveIncome_FINAL\\outputs\\20260213-011154-cold-wallet-ops-manual-for-dig",
  "main_asset": "d:\\auto\\MetaPassiveIncome_FINAL\\outputs\\20260213-011154-cold-wallet-ops-manual-for-dig\\index.html",
  "schema_path": "d:\\auto\\MetaPassiveIncome_FINAL\\outputs\\20260213-011154-cold-wallet-ops-manual-for-dig\\product_schema.json",
  "main_content_path": "d:\\auto\\MetaPassiveIncome_FINAL\\outputs\\20260213-011154-cold-wallet-ops-manual-for-dig\\product.md",
  "checksum": "a11b2df1f3e168efa0f76e6da0f0f1930ad809912e24ebb1b20aedab7b8b410e",
  "generated_at": "20260213-011155",
  "status": "GENERATED_SUCCESS",
  "schema_driven": true,
  "notes": [
    "스키마 기반 생성 (product_schema.json)",
    "단일 파일 랜딩 페이지 (CSS/JS 내장)",
    "데이터 액션 라우터를 통한 버튼 기능"
  ]
}