{
  "product_id": "20260220-094258-find-the-school-that-fits-you",
  "output_dir": "d:\\auto\\MetaPassiveIncome_FINAL\\outputs\\20260220-094258-find-the-school-that-fits-you",
  "main_asset": "d:\\auto\\MetaPassiveIncome_FINAL\\outputs\\20260220-094258-find-the-school-that-fits-you\\index.html",
  "schema_path": "d:\\auto\\MetaPassiveIncome_FINAL\\outputs\\20260220-094258-find-the-school-that-fits-you\\product_schema.json",
  "main_content_path": "d:\\auto\\MetaPassiveIncome_FINAL\\outputs\\20260220-094258-find-the-school-that-fits-you\\product.pdf",
  "checksum": "41036f7944eadfb2786bd6cf1536e6f6b1036ce5344a9082b14b8087d9caaba1",
  "generated_at": "20260220-094308",
  "status": "GENERATED_SUCCESS",
  "schema_driven": true,
  "notes": [
    "스키마 기반 생성 (product_schema.json)",
    "단일 파일 랜딩 페이지 (CSS/JS 내장)",
    "데이터 액션 라우터를 통한 버튼 기능"
  ]
}