{
  "product_id": "20260220-094258-find-the-school-that-fits-you",
  "title": "Unlock Your Passive Income with Find the School that Fits You Best",
  "target_customer": "Creators and merchants interested in Find the School that Fits You Best",
  "value_proposition": "Leverage AI to create and sell digital products based on: Find the School that Fits You Best",
  "sections": {
    "hero": {
      "headline": "Unlock Your Passive Income with Find the School that Fits You Best",
      "subheadline": "Leverage AI to create and sell digital products based on: Find the School that Fits You Best"
    },
    "problem": {
      "description": "Creating and selling digital products is complex and time-consuming. Most creators fail due to technical friction and lack of a structured system."
    },
    "solution": {
      "description": "A professional-grade implementation system that handles everything from landing to delivery. Focus on your content, we handle the infrastructure."
    },
    "features": [
      "One-file deployment architecture for Find the School that Fits You Best",
      "Secure token-gated delivery for Find the School that Fits You Best",
      "Conversion-optimized landing components for Find the School that Fits You Best",
      "Built-in analytics & tracking for Find the School that Fits You Best",
      "Automated promotion asset generator for Find the School that Fits You Best"
    ],
    "benefits": [
      "Ship faster with ready Find the School that Fits You Best templates",
      "Increase conversion with clear Find the School that Fits You Best value prop",
      "Operate with predictable Find the School that Fits You Best delivery flow",
      "Scale experimentation with simple Find the School that Fits You Best A/B hooks"
    ],
    "pricing": {
      "tier_name": "Standard Access",
      "price": "$29"
    },
    "faq": [
      {
        "q": "What is included?",
        "a": "You get the full landing page, the Find the School that Fits You Best guide, and automated delivery setup."
      },
      {
        "q": "How do I deploy?",
        "a": "Upload to Vercel, Netlify, or any static host. No backend needed."
      },
      {
        "q": "Is it secure?",
        "a": "Yes, it uses wallet-based authentication for delivery gating."
      }
    ],
    "cta": {
      "text": "Get Started Now"
    },
    "design": {
      "theme": "dark",
      "primary_color": "#ef4444",
      "secondary_color": "#ef4444",
      "font_family": "Inter, sans-serif",
      "layout_style": "minimalist"
    }
  },
  "assets": {
    "main_content_file": "product.pdf",
    "landing_page": "index.html"
  }
}