{
  "product_id": "20260220-020442-most-popular-genres-for-2026-w",
  "title": "Unlock Your Passive Income with Most Popular Genres for 2026 – What Readers Are Buying",
  "target_customer": "Creators and merchants interested in Most Popular Genres for 2026 – What Readers Are Buying",
  "value_proposition": "Leverage AI to create and sell digital products based on: Most Popular Genres for 2026 – What Readers Are Buying",
  "sections": {
    "hero": {
      "headline": "Unlock Your Passive Income with Most Popular Genres for 2026 – What Readers Are Buying",
      "subheadline": "Leverage AI to create and sell digital products based on: Most Popular Genres for 2026 – What Readers Are Buying"
    },
    "problem": {
      "description": "Most marketing assets are generic and fail to convert. Without a high-converting system, traffic is wasted and acquisition costs skyrocket."
    },
    "solution": {
      "description": "A results-driven marketing vault with proven hooks, structured landing templates, and conversion-optimized copy. Designed for rapid scale."
    },
    "features": [
      "High-converting hook & headline library for Most Popular Genres for 2026 – What Readers Are Buying",
      "A/B test ready landing page templates for Most Popular Genres for 2026 – What Readers Are Buying",
      "Psychology-based sales copy frameworks for Most Popular Genres for 2026 – What Readers Are Buying",
      "Social proof & proof-block templates for Most Popular Genres for 2026 – What Readers Are Buying",
      "Multi-channel promotion sequences for Most Popular Genres for 2026 – What Readers Are Buying"
    ],
    "benefits": [
      "Ship faster with ready Most Popular Genres for 2026 – What Readers Are Buying templates",
      "Increase conversion with clear Most Popular Genres for 2026 – What Readers Are Buying value prop",
      "Operate with predictable Most Popular Genres for 2026 – What Readers Are Buying delivery flow",
      "Scale experimentation with simple Most Popular Genres for 2026 – What Readers Are Buying A/B hooks"
    ],
    "pricing": {
      "tier_name": "Standard Access",
      "price": "$29.00"
    },
    "faq": [
      {
        "q": "What is included?",
        "a": "You get the full landing page, the Most Popular Genres for 2026 – What Readers Are Buying guide, and automated delivery setup."
      },
      {
        "q": "How do I deploy?",
        "a": "Upload to Vercel, Netlify, or any static host. No backend needed."
      },
      {
        "q": "Is it secure?",
        "a": "Yes, it uses wallet-based authentication for delivery gating."
      }
    ],
    "cta": {
      "text": "Get Started Now"
    },
    "design": {
      "theme": "minimal",
      "primary_color": "#6366f1",
      "secondary_color": "#6366f1",
      "font_family": "Georgia, serif",
      "layout_style": "creative"
    }
  },
  "assets": {
    "main_content_file": "product.pdf",
    "landing_page": "index.html"
  },
  "_injected_price": "$29.00",
  "_market_price": "$49.00",
  "price": "29"
}