{
  "product_id": "20260214-130903-ai-trading-bot",
  "title": "Unlock Your Passive Income with AI-Trading-Bot",
  "target_customer": "Creators and merchants interested in AI-Trading-Bot",
  "value_proposition": "Leverage AI to create and sell digital products based on: AI-Trading-Bot",
  "sections": {
    "hero": {
      "headline": "Unlock Your Passive Income with AI-Trading-Bot",
      "subheadline": "Leverage AI to create and sell digital products based on: AI-Trading-Bot"
    },
    "problem": {
      "description": "Monetizing AI-Trading-Bot is slow without ready assets. Builders waste time wiring checkout, delivery, and messaging, hurting conversion."
    },
    "solution": {
      "description": "A complete package for AI-Trading-Bot: wallet checkout landing, token-gated delivery, and structured copy that converts. One-file deploy."
    },
    "features": [
      "Wallet checkout landing (one-file deploy)",
      "Token-gated delivery flow",
      "Lead capture and plan gating UI",
      "Structured copy sections that convert",
      "Promotion hooks for immediate launch"
    ],
    "benefits": [
      "Ship faster with ready templates",
      "Increase conversion with clear value prop",
      "Operate with predictable delivery flow",
      "Scale experimentation with simple A/B hooks"
    ],
    "pricing": {
      "tier_name": "Standard Access",
      "price": "$49.00"
    },
    "faq": [
      {
        "q": "What is included?",
        "a": "You get the full landing page, the AI-Trading-Bot guide, and automated delivery setup."
      },
      {
        "q": "How do I deploy?",
        "a": "Upload to Vercel, Netlify, or any static host. No backend needed."
      },
      {
        "q": "Is it secure?",
        "a": "Yes, it uses wallet-based authentication for delivery gating."
      }
    ],
    "cta": {
      "text": "Get Started Now"
    },
    "design": {
      "theme": "minimal",
      "primary_color": "#6366f1",
      "secondary_color": "#6366f1",
      "font_family": "Roboto, sans-serif",
      "layout_style": "bold"
    }
  },
  "assets": {
    "main_content_file": "product.pdf",
    "landing_page": "index.html"
  },
  "_injected_price": "$49.00",
  "metadata": {
    "final_price_usd": 49.0
  },
  "price": "49",
  "offers": {
    "@type": "Offer",
    "price": "49.00",
    "priceCurrency": "USD"
  },
  "_market_price": "$149.00",
  "market_analysis": {
    "category": "Trading / Bot / Crypto Tool",
    "market_price": 149,
    "our_price": 49,
    "desc": "Specialized financial tools & scripts"
  }
}