day,channel,hook,cta,keywords
1,Reddit,"🔒 Privacy is a feature, not a luxury. Reduce payment traceability today.","👉 Grab the Premium Bundle + Secret Templates [Limited Time]","crypto automation, instant settlement, web3 commerce"
2,YouTube Shorts,"🚀 Turn your crypto wallet into a high-performance revenue engine.","✅ Get the checklist and avoid the expensive mistakes I made.","digital product delivery, privacy-first payments, conversion optimization"
3,Reddit,"🔒 Privacy is a feature, not a luxury. Reduce payment traceability today.","🛠 Copy my exact workflow and start shipping by tonight.","crypto automation, instant settlement, web3 commerce"
4,X,"⚠️ The #1 mistake digital sellers make with crypto (and how to fix it).","💰 Start accepting crypto like a pro — Download now.","crypto automation, instant settlement, web3 commerce"
5,Blog,"🔒 Privacy is a feature, not a luxury. Reduce payment traceability today.","🛠 Copy my exact workflow and start shipping by tonight.","sales funnel design, trust-building metrics, automated operations"
6,TikTok,"🌍 Global commerce without boundaries: Sell to anyone, anywhere, instantly.","📥 Download the complete system and launch your store today.","passive income system, crypto revenue, digital entrepreneurship"
7,LinkedIn,"💎 From zero to automated crypto sales: The exact 7-day blueprint.","💰 Start accepting crypto like a pro — Download now.","passive income system, crypto revenue, digital entrepreneurship"
8,TikTok,"📈 Double your conversion rates with 'Trust Blocks' + Proof Metrics.","✅ Get the checklist and avoid the expensive mistakes I made.","nowpayments integration, automated fulfillment, high-ticket sales"
9,YouTube Shorts,"💎 From zero to automated crypto sales: The exact 7-day blueprint.","🛠 Copy my exact workflow and start shipping by tonight.","digital product delivery, privacy-first payments, conversion optimization"
10,X,"🔒 Privacy is a feature, not a luxury. Reduce payment traceability today.","📥 Download the complete system and launch your store today.","passive income system, crypto revenue, digital entrepreneurship"
11,TikTok,"⚠️ The #1 mistake digital sellers make with crypto (and how to fix it).","🛠 Copy my exact workflow and start shipping by tonight.","crypto automation, instant settlement, web3 commerce"
12,YouTube Shorts,"💎 From zero to automated crypto sales: The exact 7-day blueprint.","💰 Start accepting crypto like a pro — Download now.","digital product delivery, privacy-first payments, conversion optimization"
13,Reddit,"🌍 Global commerce without boundaries: Sell to anyone, anywhere, instantly.","✅ Get the checklist and avoid the expensive mistakes I made.","digital product delivery, privacy-first payments, conversion optimization"
14,LinkedIn,"📈 Double your conversion rates with 'Trust Blocks' + Proof Metrics.","💰 Start accepting crypto like a pro — Download now.","digital product delivery, privacy-first payments, conversion optimization"
15,LinkedIn,"🚀 Turn your crypto wallet into a high-performance revenue engine.","💰 Start accepting crypto like a pro — Download now.","digital product delivery, privacy-first payments, conversion optimization"
16,LinkedIn,"🔥 Stop losing 3% to card fees — Settle globally in seconds, not days.","🛠 Copy my exact workflow and start shipping by tonight.","crypto automation, instant settlement, web3 commerce"
17,X,"📈 Double your conversion rates with 'Trust Blocks' + Proof Metrics.","📥 Download the complete system and launch your store today.","sales funnel design, trust-building metrics, automated operations"
18,Blog,"🔒 Privacy is a feature, not a luxury. Reduce payment traceability today.","🛠 Copy my exact workflow and start shipping by tonight.","crypto automation, instant settlement, web3 commerce"
19,YouTube Shorts,"💎 From zero to automated crypto sales: The exact 7-day blueprint.","📥 Download the complete system and launch your store today.","nowpayments integration, automated fulfillment, high-ticket sales"
20,Blog,"📈 Double your conversion rates with 'Trust Blocks' + Proof Metrics.","🛠 Copy my exact workflow and start shipping by tonight.","crypto automation, instant settlement, web3 commerce"
21,YouTube Shorts,"💎 From zero to automated crypto sales: The exact 7-day blueprint.","👉 Grab the Premium Bundle + Secret Templates [Limited Time]","nowpayments integration, automated fulfillment, high-ticket sales"
22,LinkedIn,"🌍 Global commerce without boundaries: Sell to anyone, anywhere, instantly.","💰 Start accepting crypto like a pro — Download now.","nowpayments integration, automated fulfillment, high-ticket sales"
23,Reddit,"🌍 Global commerce without boundaries: Sell to anyone, anywhere, instantly.","👉 Grab the Premium Bundle + Secret Templates [Limited Time]","sales funnel design, trust-building metrics, automated operations"
24,Blog,"⚠️ The #1 mistake digital sellers make with crypto (and how to fix it).","💰 Start accepting crypto like a pro — Download now.","sales funnel design, trust-building metrics, automated operations"
25,TikTok,"💎 From zero to automated crypto sales: The exact 7-day blueprint.","📥 Download the complete system and launch your store today.","digital product delivery, privacy-first payments, conversion optimization"
26,Instagram,"📈 Double your conversion rates with 'Trust Blocks' + Proof Metrics.","👉 Grab the Premium Bundle + Secret Templates [Limited Time]","sales funnel design, trust-building metrics, automated operations"
27,TikTok,"🔒 Privacy is a feature, not a luxury. Reduce payment traceability today.","👉 Grab the Premium Bundle + Secret Templates [Limited Time]","passive income system, crypto revenue, digital entrepreneurship"
28,LinkedIn,"📈 Double your conversion rates with 'Trust Blocks' + Proof Metrics.","💰 Start accepting crypto like a pro — Download now.","sales funnel design, trust-building metrics, automated operations"
29,TikTok,"📈 Double your conversion rates with 'Trust Blocks' + Proof Metrics.","💰 Start accepting crypto like a pro — Download now.","digital product delivery, privacy-first payments, conversion optimization"
30,Blog,"⚠️ The #1 mistake digital sellers make with crypto (and how to fix it).","🛠 Copy my exact workflow and start shipping by tonight.","crypto automation, instant settlement, web3 commerce"
