{
  "product_id": "20260219-204520-25-best-shopify-themes-that-ll",
  "output_dir": "d:\\auto\\MetaPassiveIncome_FINAL\\outputs\\20260219-204520-25-best-shopify-themes-that-ll",
  "main_asset": "d:\\auto\\MetaPassiveIncome_FINAL\\outputs\\20260219-204520-25-best-shopify-themes-that-ll\\index.html",
  "schema_path": "d:\\auto\\MetaPassiveIncome_FINAL\\outputs\\20260219-204520-25-best-shopify-themes-that-ll\\product_schema.json",
  "main_content_path": "d:\\auto\\MetaPassiveIncome_FINAL\\outputs\\20260219-204520-25-best-shopify-themes-that-ll\\product.pdf",
  "checksum": "0e5e4c95713a573adcfe2d262593026cd13fb96c9c87cf97c51ee96af656ffc8",
  "generated_at": "20260219-204531",
  "status": "GENERATED_SUCCESS",
  "schema_driven": true,
  "notes": [
    "스키마 기반 생성 (product_schema.json)",
    "단일 파일 랜딩 페이지 (CSS/JS 내장)",
    "데이터 액션 라우터를 통한 버튼 기능"
  ]
}