{
  "product_id": "20260220-192514-untapped-gg",
  "title": "Unlock Your Passive Income with Untapped .gg",
  "target_customer": "Creators and merchants interested in Untapped .gg",
  "value_proposition": "Leverage AI to create and sell digital products based on: Untapped .gg",
  "sections": {
    "hero": {
      "headline": "Unlock Your Passive Income with Untapped .gg",
      "subheadline": "Leverage AI to create and sell digital products based on: Untapped .gg"
    },
    "problem": {
      "description": "Creating and selling digital products is complex and time-consuming. Most creators fail due to technical friction and lack of a structured system."
    },
    "solution": {
      "description": "A professional-grade implementation system that handles everything from landing to delivery. Focus on your content, we handle the infrastructure."
    },
    "features": [
      "One-file deployment architecture for Untapped .gg",
      "Secure token-gated delivery for Untapped .gg",
      "Conversion-optimized landing components for Untapped .gg",
      "Built-in analytics & tracking for Untapped .gg",
      "Automated promotion asset generator for Untapped .gg"
    ],
    "benefits": [
      "Ship faster with ready Untapped .gg templates",
      "Increase conversion with clear Untapped .gg value prop",
      "Operate with predictable Untapped .gg delivery flow",
      "Scale experimentation with simple Untapped .gg A/B hooks"
    ],
    "pricing": {
      "tier_name": "Standard Access",
      "price": "$29.00"
    },
    "faq": [
      {
        "q": "What is included?",
        "a": "You get the full landing page, the Untapped .gg guide, and automated delivery setup."
      },
      {
        "q": "How do I deploy?",
        "a": "Upload to Vercel, Netlify, or any static host. No backend needed."
      },
      {
        "q": "Is it secure?",
        "a": "Yes, it uses wallet-based authentication for delivery gating."
      }
    ],
    "cta": {
      "text": "Get Started Now"
    },
    "design": {
      "theme": "elegant",
      "primary_color": "#8b5cf6",
      "secondary_color": "#8b5cf6",
      "font_family": "Roboto, sans-serif",
      "layout_style": "bold"
    }
  },
  "assets": {
    "main_content_file": "product.pdf",
    "landing_page": "index.html"
  }
}