{
  "product_id": "20260219-155942-top-selling-digital-downloads",
  "title": "Unlock Your Passive Income with Top Selling Digital Downloads",
  "target_customer": "Creators and merchants interested in Top Selling Digital Downloads",
  "value_proposition": "Leverage AI to create and sell digital products based on: Top Selling Digital Downloads",
  "sections": {
    "hero": {
      "headline": "Unlock Your Passive Income with Top Selling Digital Downloads",
      "subheadline": "Leverage AI to create and sell digital products based on: Top Selling Digital Downloads"
    },
    "problem": {
      "description": "Most marketing assets are generic and fail to convert. Without a high-converting system, traffic is wasted and acquisition costs skyrocket."
    },
    "solution": {
      "description": "A results-driven marketing vault with proven hooks, structured landing templates, and conversion-optimized copy. Designed for rapid scale."
    },
    "features": [
      "High-converting hook & headline library for Top Selling Digital Downloads",
      "A/B test ready landing page templates for Top Selling Digital Downloads",
      "Psychology-based sales copy frameworks for Top Selling Digital Downloads",
      "Social proof & proof-block templates for Top Selling Digital Downloads",
      "Multi-channel promotion sequences for Top Selling Digital Downloads"
    ],
    "benefits": [
      "Ship faster with ready Top Selling Digital Downloads templates",
      "Increase conversion with clear Top Selling Digital Downloads value prop",
      "Operate with predictable Top Selling Digital Downloads delivery flow",
      "Scale experimentation with simple Top Selling Digital Downloads A/B hooks"
    ],
    "pricing": {
      "tier_name": "Standard Access",
      "price": "$29.00"
    },
    "faq": [
      {
        "q": "What is included?",
        "a": "You get the full landing page, the Top Selling Digital Downloads guide, and automated delivery setup."
      },
      {
        "q": "How do I deploy?",
        "a": "Upload to Vercel, Netlify, or any static host. No backend needed."
      },
      {
        "q": "Is it secure?",
        "a": "Yes, it uses wallet-based authentication for delivery gating."
      }
    ],
    "cta": {
      "text": "Get Started Now"
    },
    "design": {
      "theme": "dark",
      "primary_color": "#6366f1",
      "secondary_color": "#6366f1",
      "font_family": "Georgia, serif",
      "layout_style": "creative"
    }
  },
  "assets": {
    "main_content_file": "product.pdf",
    "landing_page": "index.html"
  },
  "price": "29",
  "_injected_price": "$29.00",
  "offers": {
    "@type": "Offer",
    "price": "29.00",
    "priceCurrency": "USD"
  },
  "_market_price": "$49.00",
  "market_analysis": {
    "category": "Standard Digital Asset",
    "market_price": 49,
    "our_price": 29,
    "desc": "High-quality digital resource"
  }
}