{
  "product_id": "20260213-153910-stablecoin-settlement-handbook",
  "output_dir": "d:\\auto\\MetaPassiveIncome_FINAL\\outputs\\20260213-153910-stablecoin-settlement-handbook",
  "main_asset": "d:\\auto\\MetaPassiveIncome_FINAL\\outputs\\20260213-153910-stablecoin-settlement-handbook\\index.html",
  "schema_path": "d:\\auto\\MetaPassiveIncome_FINAL\\outputs\\20260213-153910-stablecoin-settlement-handbook\\product_schema.json",
  "main_content_path": "d:\\auto\\MetaPassiveIncome_FINAL\\outputs\\20260213-153910-stablecoin-settlement-handbook\\product.md",
  "checksum": "b6b7ea4678ab9a0c2d72ba921e7a03794fe56036933789946254107045bc85e1",
  "generated_at": "20260213-153910",
  "status": "GENERATED_SUCCESS",
  "schema_driven": true,
  "notes": [
    "스키마 기반 생성 (product_schema.json)",
    "단일 파일 랜딩 페이지 (CSS/JS 내장)",
    "데이터 액션 라우터를 통한 버튼 기능"
  ]
}