{
  "product_id": "20260213-145612-online-course-sales-page-singl",
  "output_dir": "d:\\auto\\MetaPassiveIncome_FINAL\\outputs\\20260213-145612-online-course-sales-page-singl",
  "main_asset": "d:\\auto\\MetaPassiveIncome_FINAL\\outputs\\20260213-145612-online-course-sales-page-singl\\index.html",
  "schema_path": "d:\\auto\\MetaPassiveIncome_FINAL\\outputs\\20260213-145612-online-course-sales-page-singl\\product_schema.json",
  "main_content_path": "d:\\auto\\MetaPassiveIncome_FINAL\\outputs\\20260213-145612-online-course-sales-page-singl\\product.md",
  "checksum": "17e9b5fcda4efedefb68bdd59ddef8b939064eefa056ba36d5ce461fde9e3787",
  "generated_at": "20260213-145613",
  "status": "GENERATED_SUCCESS",
  "schema_driven": true,
  "notes": [
    "스키마 기반 생성 (product_schema.json)",
    "단일 파일 랜딩 페이지 (CSS/JS 내장)",
    "데이터 액션 라우터를 통한 버튼 기능"
  ]
}