{
  "product_id": "20260213-110953-ai-saas-waitlist-landing-page",
  "output_dir": "d:\\auto\\MetaPassiveIncome_FINAL\\outputs\\20260213-110953-ai-saas-waitlist-landing-page",
  "main_asset": "d:\\auto\\MetaPassiveIncome_FINAL\\outputs\\20260213-110953-ai-saas-waitlist-landing-page\\index.html",
  "schema_path": "d:\\auto\\MetaPassiveIncome_FINAL\\outputs\\20260213-110953-ai-saas-waitlist-landing-page\\product_schema.json",
  "main_content_path": "d:\\auto\\MetaPassiveIncome_FINAL\\outputs\\20260213-110953-ai-saas-waitlist-landing-page\\product.md",
  "checksum": "ac2bce15e47f8047ac8277e3f9bed6b694aa6e3afdda3a9f2e2fa66a4c8cd006",
  "generated_at": "20260213-110953",
  "status": "GENERATED_SUCCESS",
  "schema_driven": true,
  "notes": [
    "스키마 기반 생성 (product_schema.json)",
    "단일 파일 랜딩 페이지 (CSS/JS 내장)",
    "데이터 액션 라우터를 통한 버튼 기능"
  ]
}