day,channel,hook,cta,keywords
1,Reddit,"Upgrade conversion with trust blocks + proof metrics","Copy the exact system and ship this week","conversion rate, funnel, landing page"
2,LinkedIn,"Upgrade conversion with trust blocks + proof metrics","Download the bundle and deploy today","web3 payments, digital product delivery"
3,TikTok,"Turn crypto payments into a predictable revenue system","Download the bundle and deploy today","automation, ops, support macros"
4,LinkedIn,"Privacy-first: reduce payment traceability in your ops","Copy the exact system and ship this week","web3 payments, digital product delivery"
5,YouTube Shorts,"Privacy-first: reduce payment traceability in your ops","Download the bundle and deploy today","crypto checkout, stablecoins, settlement"
6,Blog,"Turn crypto payments into a predictable revenue system","Use the checklist and avoid expensive errors","crypto checkout, stablecoins, settlement"
7,Reddit,"Stop paying card fees — settle globally in minutes","Use the checklist and avoid expensive errors","conversion rate, funnel, landing page"
8,Blog,"Avoid the top 5 mistakes when selling digital goods for crypto","Get the full premium guide + templates","web3 payments, digital product delivery"
9,TikTok,"Turn crypto payments into a predictable revenue system","Copy the exact system and ship this week","crypto checkout, stablecoins, settlement"
10,Blog,"Stop paying card fees — settle globally in minutes","Use the checklist and avoid expensive errors","crypto checkout, stablecoins, settlement"
11,YouTube Shorts,"Privacy-first: reduce payment traceability in your ops","Download the bundle and deploy today","nowpayments, invoice, payment status"
12,TikTok,"From 0 to first 10 sales: a realistic 7-day launch plan","Get the full premium guide + templates","nowpayments, invoice, payment status"
13,LinkedIn,"Privacy-first: reduce payment traceability in your ops","Get the full premium guide + templates","nowpayments, invoice, payment status"
14,YouTube Shorts,"Avoid the top 5 mistakes when selling digital goods for crypto","Use the checklist and avoid expensive errors","conversion rate, funnel, landing page"
15,Blog,"Turn crypto payments into a predictable revenue system","Use the checklist and avoid expensive errors","nowpayments, invoice, payment status"
16,LinkedIn,"Avoid the top 5 mistakes when selling digital goods for crypto","Get the full premium guide + templates","nowpayments, invoice, payment status"
17,Blog,"Stop paying card fees — settle globally in minutes","Download the bundle and deploy today","nowpayments, invoice, payment status"
18,TikTok,"Upgrade conversion with trust blocks + proof metrics","Get the full premium guide + templates","web3 payments, digital product delivery"
19,LinkedIn,"Upgrade conversion with trust blocks + proof metrics","Copy the exact system and ship this week","conversion rate, funnel, landing page"
20,TikTok,"Privacy-first: reduce payment traceability in your ops","Download the bundle and deploy today","automation, ops, support macros"
21,Instagram,"From 0 to first 10 sales: a realistic 7-day launch plan","Download the bundle and deploy today","web3 payments, digital product delivery"
22,LinkedIn,"Avoid the top 5 mistakes when selling digital goods for crypto","Get the full premium guide + templates","automation, ops, support macros"
23,TikTok,"Avoid the top 5 mistakes when selling digital goods for crypto","Use the checklist and avoid expensive errors","web3 payments, digital product delivery"
24,YouTube Shorts,"Privacy-first: reduce payment traceability in your ops","Get the full premium guide + templates","web3 payments, digital product delivery"
25,YouTube Shorts,"Stop paying card fees — settle globally in minutes","Download the bundle and deploy today","crypto checkout, stablecoins, settlement"
26,Instagram,"From 0 to first 10 sales: a realistic 7-day launch plan","Download the bundle and deploy today","crypto checkout, stablecoins, settlement"
27,Blog,"Avoid the top 5 mistakes when selling digital goods for crypto","Download the bundle and deploy today","automation, ops, support macros"
28,LinkedIn,"Avoid the top 5 mistakes when selling digital goods for crypto","Download the bundle and deploy today","conversion rate, funnel, landing page"
29,X,"Upgrade conversion with trust blocks + proof metrics","Get the full premium guide + templates","web3 payments, digital product delivery"
30,TikTok,"Upgrade conversion with trust blocks + proof metrics","Use the checklist and avoid expensive errors","nowpayments, invoice, payment status"
