day,channel,hook,cta,keywords
1,YouTube Shorts,"Privacy-first: reduce payment traceability in your ops","Copy the exact system and ship this week","crypto checkout, stablecoins, settlement"
2,YouTube Shorts,"Privacy-first: reduce payment traceability in your ops","Use the checklist and avoid expensive errors","conversion rate, funnel, landing page"
3,Reddit,"Turn crypto payments into a predictable revenue system","Download the bundle and deploy today","web3 payments, digital product delivery"
4,Instagram,"Turn crypto payments into a predictable revenue system","Use the checklist and avoid expensive errors","automation, ops, support macros"
5,YouTube Shorts,"Stop paying card fees — settle globally in minutes","Copy the exact system and ship this week","nowpayments, invoice, payment status"
6,TikTok,"Upgrade conversion with trust blocks + proof metrics","Copy the exact system and ship this week","automation, ops, support macros"
7,LinkedIn,"Upgrade conversion with trust blocks + proof metrics","Get the full premium guide + templates","automation, ops, support macros"
8,LinkedIn,"Stop paying card fees — settle globally in minutes","Copy the exact system and ship this week","automation, ops, support macros"
9,TikTok,"Privacy-first: reduce payment traceability in your ops","Download the bundle and deploy today","crypto checkout, stablecoins, settlement"
10,Instagram,"Privacy-first: reduce payment traceability in your ops","Use the checklist and avoid expensive errors","crypto checkout, stablecoins, settlement"
11,LinkedIn,"Upgrade conversion with trust blocks + proof metrics","Use the checklist and avoid expensive errors","crypto checkout, stablecoins, settlement"
12,X,"Avoid the top 5 mistakes when selling digital goods for crypto","Download the bundle and deploy today","conversion rate, funnel, landing page"
13,Blog,"Privacy-first: reduce payment traceability in your ops","Download the bundle and deploy today","web3 payments, digital product delivery"
14,LinkedIn,"Turn crypto payments into a predictable revenue system","Get the full premium guide + templates","nowpayments, invoice, payment status"
15,Instagram,"From 0 to first 10 sales: a realistic 7-day launch plan","Use the checklist and avoid expensive errors","nowpayments, invoice, payment status"
16,X,"From 0 to first 10 sales: a realistic 7-day launch plan","Download the bundle and deploy today","crypto checkout, stablecoins, settlement"
17,X,"Avoid the top 5 mistakes when selling digital goods for crypto","Get the full premium guide + templates","web3 payments, digital product delivery"
18,LinkedIn,"Turn crypto payments into a predictable revenue system","Get the full premium guide + templates","crypto checkout, stablecoins, settlement"
19,Blog,"Avoid the top 5 mistakes when selling digital goods for crypto","Copy the exact system and ship this week","conversion rate, funnel, landing page"
20,Blog,"Avoid the top 5 mistakes when selling digital goods for crypto","Download the bundle and deploy today","automation, ops, support macros"
21,X,"Stop paying card fees — settle globally in minutes","Get the full premium guide + templates","web3 payments, digital product delivery"
22,TikTok,"Upgrade conversion with trust blocks + proof metrics","Download the bundle and deploy today","automation, ops, support macros"
23,Instagram,"Avoid the top 5 mistakes when selling digital goods for crypto","Download the bundle and deploy today","crypto checkout, stablecoins, settlement"
24,LinkedIn,"Upgrade conversion with trust blocks + proof metrics","Copy the exact system and ship this week","web3 payments, digital product delivery"
25,Reddit,"Stop paying card fees — settle globally in minutes","Download the bundle and deploy today","crypto checkout, stablecoins, settlement"
26,Reddit,"Upgrade conversion with trust blocks + proof metrics","Get the full premium guide + templates","conversion rate, funnel, landing page"
27,TikTok,"From 0 to first 10 sales: a realistic 7-day launch plan","Use the checklist and avoid expensive errors","nowpayments, invoice, payment status"
28,X,"Stop paying card fees — settle globally in minutes","Get the full premium guide + templates","nowpayments, invoice, payment status"
29,TikTok,"From 0 to first 10 sales: a realistic 7-day launch plan","Download the bundle and deploy today","conversion rate, funnel, landing page"
30,TikTok,"Stop paying card fees — settle globally in minutes","Copy the exact system and ship this week","conversion rate, funnel, landing page"
