day,channel,hook,cta,keywords
1,TikTok,"Privacy-first: reduce payment traceability in your ops","Download the bundle and deploy today","automation, ops, support macros"
2,Instagram,"Avoid the top 5 mistakes when selling digital goods for crypto","Download the bundle and deploy today","web3 payments, digital product delivery"
3,LinkedIn,"From 0 to first 10 sales: a realistic 7-day launch plan","Use the checklist and avoid expensive errors","automation, ops, support macros"
4,Blog,"Upgrade conversion with trust blocks + proof metrics","Use the checklist and avoid expensive errors","conversion rate, funnel, landing page"
5,YouTube Shorts,"Privacy-first: reduce payment traceability in your ops","Download the bundle and deploy today","automation, ops, support macros"
6,TikTok,"Stop paying card fees — settle globally in minutes","Download the bundle and deploy today","automation, ops, support macros"
7,Instagram,"Upgrade conversion with trust blocks + proof metrics","Download the bundle and deploy today","automation, ops, support macros"
8,Instagram,"Turn crypto payments into a predictable revenue system","Copy the exact system and ship this week","conversion rate, funnel, landing page"
9,Blog,"Turn crypto payments into a predictable revenue system","Download the bundle and deploy today","automation, ops, support macros"
10,TikTok,"Privacy-first: reduce payment traceability in your ops","Download the bundle and deploy today","crypto checkout, stablecoins, settlement"
11,Instagram,"Avoid the top 5 mistakes when selling digital goods for crypto","Use the checklist and avoid expensive errors","web3 payments, digital product delivery"
12,X,"Privacy-first: reduce payment traceability in your ops","Copy the exact system and ship this week","crypto checkout, stablecoins, settlement"
13,Blog,"Avoid the top 5 mistakes when selling digital goods for crypto","Copy the exact system and ship this week","crypto checkout, stablecoins, settlement"
14,X,"Upgrade conversion with trust blocks + proof metrics","Download the bundle and deploy today","nowpayments, invoice, payment status"
15,Instagram,"Turn crypto payments into a predictable revenue system","Copy the exact system and ship this week","automation, ops, support macros"
16,Instagram,"Turn crypto payments into a predictable revenue system","Copy the exact system and ship this week","nowpayments, invoice, payment status"
17,TikTok,"From 0 to first 10 sales: a realistic 7-day launch plan","Use the checklist and avoid expensive errors","crypto checkout, stablecoins, settlement"
18,YouTube Shorts,"Turn crypto payments into a predictable revenue system","Download the bundle and deploy today","crypto checkout, stablecoins, settlement"
19,Blog,"Stop paying card fees — settle globally in minutes","Get the full premium guide + templates","web3 payments, digital product delivery"
20,X,"Avoid the top 5 mistakes when selling digital goods for crypto","Download the bundle and deploy today","nowpayments, invoice, payment status"
21,Reddit,"Stop paying card fees — settle globally in minutes","Get the full premium guide + templates","nowpayments, invoice, payment status"
22,Instagram,"Upgrade conversion with trust blocks + proof metrics","Use the checklist and avoid expensive errors","web3 payments, digital product delivery"
23,Reddit,"Turn crypto payments into a predictable revenue system","Get the full premium guide + templates","automation, ops, support macros"
24,Reddit,"Privacy-first: reduce payment traceability in your ops","Download the bundle and deploy today","nowpayments, invoice, payment status"
25,LinkedIn,"Upgrade conversion with trust blocks + proof metrics","Copy the exact system and ship this week","web3 payments, digital product delivery"
26,Instagram,"Privacy-first: reduce payment traceability in your ops","Get the full premium guide + templates","web3 payments, digital product delivery"
27,LinkedIn,"Privacy-first: reduce payment traceability in your ops","Use the checklist and avoid expensive errors","nowpayments, invoice, payment status"
28,Blog,"Privacy-first: reduce payment traceability in your ops","Copy the exact system and ship this week","crypto checkout, stablecoins, settlement"
29,Blog,"From 0 to first 10 sales: a realistic 7-day launch plan","Download the bundle and deploy today","automation, ops, support macros"
30,X,"Turn crypto payments into a predictable revenue system","Get the full premium guide + templates","automation, ops, support macros"
