{
  "product_id": "20260221-064927-reading-and-publishing-predict",
  "title": "Unlock Your Passive Income with Reading and Publishing Predictions: Book Trends to Watch for in 2026",
  "target_customer": "Creators and merchants interested in Reading and Publishing Predictions: Book Trends to Watch for in 2026",
  "value_proposition": "Leverage AI to create and sell digital products based on: Reading and Publishing Predictions: Book Trends to Watch for in 2026",
  "sections": {
    "hero": {
      "headline": "Unlock Your Passive Income with Reading and Publishing Predictions: Book Trends to Watch for in 2026",
      "subheadline": "Leverage AI to create and sell digital products based on: Reading and Publishing Predictions: Book Trends to Watch for in 2026"
    },
    "problem": {
      "description": "Most marketing assets are generic and fail to convert. Without a high-converting system, traffic is wasted and acquisition costs skyrocket."
    },
    "solution": {
      "description": "A results-driven marketing vault with proven hooks, structured landing templates, and conversion-optimized copy. Designed for rapid scale."
    },
    "features": [
      "High-converting hook & headline library for Reading and Publishing Predictions: Book Trends to Watch for in 2026",
      "A/B test ready landing page templates for Reading and Publishing Predictions: Book Trends to Watch for in 2026",
      "Psychology-based sales copy frameworks for Reading and Publishing Predictions: Book Trends to Watch for in 2026",
      "Social proof & proof-block templates for Reading and Publishing Predictions: Book Trends to Watch for in 2026",
      "Multi-channel promotion sequences for Reading and Publishing Predictions: Book Trends to Watch for in 2026"
    ],
    "benefits": [
      "Ship faster with ready Reading and Publishing Predictions: Book Trends to Watch for in 2026 templates",
      "Increase conversion with clear Reading and Publishing Predictions: Book Trends to Watch for in 2026 value prop",
      "Operate with predictable Reading and Publishing Predictions: Book Trends to Watch for in 2026 delivery flow",
      "Scale experimentation with simple Reading and Publishing Predictions: Book Trends to Watch for in 2026 A/B hooks"
    ],
    "pricing": {
      "tier_name": "Standard Access",
      "price": "$59.00"
    },
    "faq": [
      {
        "q": "What is included?",
        "a": "You get the full landing page, the Reading and Publishing Predictions: Book Trends to Watch for in 2026 guide, and automated delivery setup."
      },
      {
        "q": "How do I deploy?",
        "a": "Upload to Vercel, Netlify, or any static host. No backend needed."
      },
      {
        "q": "Is it secure?",
        "a": "Yes, it uses wallet-based authentication for delivery gating."
      }
    ],
    "cta": {
      "text": "Get Started Now"
    },
    "design": {
      "theme": "landing",
      "primary_color": "#10b981",
      "secondary_color": "#10b981",
      "font_family": "Inter, sans-serif",
      "layout_style": "minimalist"
    }
  },
  "assets": {
    "main_content_file": "product.pdf",
    "landing_page": "index.html"
  }
}