{
  "product_id": "20260220-112926-digital-products-examples",
  "title": "Unlock Your Passive Income with Digital Products Examples",
  "target_customer": "Creators and merchants interested in Digital Products Examples",
  "value_proposition": "Leverage AI to create and sell digital products based on: Digital Products Examples",
  "sections": {
    "hero": {
      "headline": "Unlock Your Passive Income with Digital Products Examples",
      "subheadline": "Leverage AI to create and sell digital products based on: Digital Products Examples"
    },
    "problem": {
      "description": "Generic e-commerce stores fail to build trust and suffer from high cart abandonment. Without a high-performance storefront, conversion remains stagnant."
    },
    "solution": {
      "description": "A conversion-optimized e-commerce engine with mobile-first UI, friction-free checkout, and built-in trust triggers. Built for modern digital merchants."
    },
    "features": [
      "Mobile-optimized high-speed landing UI for Digital Products Examples",
      "Trust-building proof & badge templates for Digital Products Examples",
      "Frictionless 1-click checkout flow for Digital Products Examples",
      "Automated order confirmation & tracking for Digital Products Examples",
      "Urgency & scarcity trigger system for Digital Products Examples"
    ],
    "benefits": [
      "Ship faster with ready Digital Products Examples templates",
      "Increase conversion with clear Digital Products Examples value prop",
      "Operate with predictable Digital Products Examples delivery flow",
      "Scale experimentation with simple Digital Products Examples A/B hooks"
    ],
    "pricing": {
      "tier_name": "Standard Access",
      "price": "$49.00"
    },
    "faq": [
      {
        "q": "What is included?",
        "a": "You get the full landing page, the Digital Products Examples guide, and automated delivery setup."
      },
      {
        "q": "How do I deploy?",
        "a": "Upload to Vercel, Netlify, or any static host. No backend needed."
      },
      {
        "q": "Is it secure?",
        "a": "Yes, it uses wallet-based authentication for delivery gating."
      }
    ],
    "cta": {
      "text": "Get Started Now"
    },
    "design": {
      "theme": "minimal",
      "primary_color": "#f59e0b",
      "secondary_color": "#f59e0b",
      "font_family": "Roboto, sans-serif",
      "layout_style": "bold"
    }
  },
  "assets": {
    "main_content_file": "product.pdf",
    "landing_page": "index.html"
  }
}