{
  "product_id": "20260220-023210-digital-products-goldmine-200",
  "title": "Unlock Your Passive Income with Digital Products Goldmine: 200 Untapped Niches for 2026",
  "target_customer": "Creators and merchants interested in Digital Products Goldmine: 200 Untapped Niches for 2026",
  "value_proposition": "Leverage AI to create and sell digital products based on: Digital Products Goldmine: 200 Untapped Niches for 2026",
  "sections": {
    "hero": {
      "headline": "Unlock Your Passive Income with Digital Products Goldmine: 200 Untapped Niches for 2026",
      "subheadline": "Leverage AI to create and sell digital products based on: Digital Products Goldmine: 200 Untapped Niches for 2026"
    },
    "problem": {
      "description": "Generic e-commerce stores fail to build trust and suffer from high cart abandonment. Without a high-performance storefront, conversion remains stagnant."
    },
    "solution": {
      "description": "A conversion-optimized e-commerce engine with mobile-first UI, friction-free checkout, and built-in trust triggers. Built for modern digital merchants."
    },
    "features": [
      "Mobile-optimized high-speed landing UI for Digital Products Goldmine: 200 Untapped Niches for 2026",
      "Trust-building proof & badge templates for Digital Products Goldmine: 200 Untapped Niches for 2026",
      "Frictionless 1-click checkout flow for Digital Products Goldmine: 200 Untapped Niches for 2026",
      "Automated order confirmation & tracking for Digital Products Goldmine: 200 Untapped Niches for 2026",
      "Urgency & scarcity trigger system for Digital Products Goldmine: 200 Untapped Niches for 2026"
    ],
    "benefits": [
      "Ship faster with ready Digital Products Goldmine: 200 Untapped Niches for 2026 templates",
      "Increase conversion with clear Digital Products Goldmine: 200 Untapped Niches for 2026 value prop",
      "Operate with predictable Digital Products Goldmine: 200 Untapped Niches for 2026 delivery flow",
      "Scale experimentation with simple Digital Products Goldmine: 200 Untapped Niches for 2026 A/B hooks"
    ],
    "pricing": {
      "tier_name": "Standard Access",
      "price": "$29.00"
    },
    "faq": [
      {
        "q": "What is included?",
        "a": "You get the full landing page, the Digital Products Goldmine: 200 Untapped Niches for 2026 guide, and automated delivery setup."
      },
      {
        "q": "How do I deploy?",
        "a": "Upload to Vercel, Netlify, or any static host. No backend needed."
      },
      {
        "q": "Is it secure?",
        "a": "Yes, it uses wallet-based authentication for delivery gating."
      }
    ],
    "cta": {
      "text": "Get Started Now"
    },
    "design": {
      "theme": "minimal",
      "primary_color": "#6366f1",
      "secondary_color": "#6366f1",
      "font_family": "Roboto, sans-serif",
      "layout_style": "bold"
    }
  },
  "assets": {
    "main_content_file": "product.pdf",
    "landing_page": "index.html"
  }
}