{
  "product_id": "20260208-095207-b2b-리드-자석-whitepaper-case-stud",
  "output_dir": "d:\\auto\\MetaPassiveIncome_FINAL\\outputs\\20260208-095207-b2b-리드-자석-whitepaper-case-stud",
  "main_asset": "d:\\auto\\MetaPassiveIncome_FINAL\\outputs\\20260208-095207-b2b-리드-자석-whitepaper-case-stud\\index.html",
  "schema_path": "d:\\auto\\MetaPassiveIncome_FINAL\\outputs\\20260208-095207-b2b-리드-자석-whitepaper-case-stud\\product_schema.json",
  "main_content_path": "d:\\auto\\MetaPassiveIncome_FINAL\\outputs\\20260208-095207-b2b-리드-자석-whitepaper-case-stud\\product.md",
  "checksum": "f51661ef52e64ea1d8fb5ecd65515219590ac454ad2bade6ab6c4e802433045d",
  "generated_at": "20260208-095208",
  "status": "GENERATED_SUCCESS",
  "schema_driven": true,
  "notes": [
    "스키마 기반 생성 (product_schema.json)",
    "단일 파일 랜딩 페이지 (CSS/JS 내장)",
    "데이터 액션 라우터를 통한 버튼 기능"
  ]
}