{
  "product_id": "20260219-043147-best-shopify-themes-2026-free",
  "output_dir": "d:\\auto\\MetaPassiveIncome_FINAL\\outputs\\20260219-043147-best-shopify-themes-2026-free",
  "main_asset": "d:\\auto\\MetaPassiveIncome_FINAL\\outputs\\20260219-043147-best-shopify-themes-2026-free\\index.html",
  "schema_path": "d:\\auto\\MetaPassiveIncome_FINAL\\outputs\\20260219-043147-best-shopify-themes-2026-free\\product_schema.json",
  "main_content_path": "d:\\auto\\MetaPassiveIncome_FINAL\\outputs\\20260219-043147-best-shopify-themes-2026-free\\product.pdf",
  "checksum": "baf21cad50e5e719f6f82082261fab2d3a92fd479e71fb64f5d508aaba6c838a",
  "generated_at": "20260219-043155",
  "status": "GENERATED_SUCCESS",
  "schema_driven": true,
  "notes": [
    "스키마 기반 생성 (product_schema.json)",
    "단일 파일 랜딩 페이지 (CSS/JS 내장)",
    "데이터 액션 라우터를 통한 버튼 기능"
  ]
}