{
  "product_id": "20260219-043147-best-shopify-themes-2026-free",
  "title": "Unlock Your Passive Income with Best Shopify Themes 2026: Free & Premium Options Compared",
  "target_customer": "Creators and merchants interested in Best Shopify Themes 2026: Free & Premium Options Compared",
  "value_proposition": "Leverage AI to create and sell digital products based on: Best Shopify Themes 2026: Free & Premium Options Compared",
  "sections": {
    "hero": {
      "headline": "Unlock Your Passive Income with Best Shopify Themes 2026: Free & Premium Options Compared",
      "subheadline": "Leverage AI to create and sell digital products based on: Best Shopify Themes 2026: Free & Premium Options Compared"
    },
    "problem": {
      "description": "Generic e-commerce stores fail to build trust and suffer from high cart abandonment. Without a high-performance storefront, conversion remains stagnant."
    },
    "solution": {
      "description": "A conversion-optimized e-commerce engine with mobile-first UI, friction-free checkout, and built-in trust triggers. Built for modern digital merchants."
    },
    "features": [
      "Mobile-optimized high-speed landing UI for Best Shopify Themes 2026: Free & Premium Options Compared",
      "Trust-building proof & badge templates for Best Shopify Themes 2026: Free & Premium Options Compared",
      "Frictionless 1-click checkout flow for Best Shopify Themes 2026: Free & Premium Options Compared",
      "Automated order confirmation & tracking for Best Shopify Themes 2026: Free & Premium Options Compared",
      "Urgency & scarcity trigger system for Best Shopify Themes 2026: Free & Premium Options Compared"
    ],
    "benefits": [
      "Ship faster with ready Best Shopify Themes 2026: Free & Premium Options Compared templates",
      "Increase conversion with clear Best Shopify Themes 2026: Free & Premium Options Compared value prop",
      "Operate with predictable Best Shopify Themes 2026: Free & Premium Options Compared delivery flow",
      "Scale experimentation with simple Best Shopify Themes 2026: Free & Premium Options Compared A/B hooks"
    ],
    "pricing": {
      "tier_name": "Standard Access",
      "price": "$29.00"
    },
    "faq": [
      {
        "q": "What is included?",
        "a": "You get the full landing page, the Best Shopify Themes 2026: Free & Premium Options Compared guide, and automated delivery setup."
      },
      {
        "q": "How do I deploy?",
        "a": "Upload to Vercel, Netlify, or any static host. No backend needed."
      },
      {
        "q": "Is it secure?",
        "a": "Yes, it uses wallet-based authentication for delivery gating."
      }
    ],
    "cta": {
      "text": "Get Started Now"
    },
    "design": {
      "theme": "dark",
      "primary_color": "#ef4444",
      "secondary_color": "#ef4444",
      "font_family": "Inter, sans-serif",
      "layout_style": "minimalist"
    }
  },
  "assets": {
    "main_content_file": "product.pdf",
    "landing_page": "index.html"
  }
}