{
  "product_id": "20260219-153954-50-digital-product-ideas-that",
  "output_dir": "d:\\auto\\MetaPassiveIncome_FINAL\\outputs\\20260219-153954-50-digital-product-ideas-that",
  "main_asset": "d:\\auto\\MetaPassiveIncome_FINAL\\outputs\\20260219-153954-50-digital-product-ideas-that\\index.html",
  "schema_path": "d:\\auto\\MetaPassiveIncome_FINAL\\outputs\\20260219-153954-50-digital-product-ideas-that\\product_schema.json",
  "main_content_path": "d:\\auto\\MetaPassiveIncome_FINAL\\outputs\\20260219-153954-50-digital-product-ideas-that\\product.pdf",
  "checksum": "6ed863f57bea35db697310fa35aee9c4e9ce7acfdd2aefc27126dc109187a65a",
  "generated_at": "20260219-154004",
  "status": "GENERATED_SUCCESS",
  "schema_driven": true,
  "notes": [
    "스키마 기반 생성 (product_schema.json)",
    "단일 파일 랜딩 페이지 (CSS/JS 내장)",
    "데이터 액션 라우터를 통한 버튼 기능"
  ]
}