{
  "product_id": "20260219-153954-50-digital-product-ideas-that",
  "title": "Unlock Your Passive Income with 50 Digital Product Ideas That Generate Passive Income in 2025",
  "target_customer": "Creators and merchants interested in 50 Digital Product Ideas That Generate Passive Income in 2025",
  "value_proposition": "Leverage AI to create and sell digital products based on: 50 Digital Product Ideas That Generate Passive Income in 2025",
  "sections": {
    "hero": {
      "headline": "Unlock Your Passive Income with 50 Digital Product Ideas That Generate Passive Income in 2025",
      "subheadline": "Leverage AI to create and sell digital products based on: 50 Digital Product Ideas That Generate Passive Income in 2025"
    },
    "problem": {
      "description": "Generic e-commerce stores fail to build trust and suffer from high cart abandonment. Without a high-performance storefront, conversion remains stagnant."
    },
    "solution": {
      "description": "A conversion-optimized e-commerce engine with mobile-first UI, friction-free checkout, and built-in trust triggers. Built for modern digital merchants."
    },
    "features": [
      "Mobile-optimized high-speed landing UI for 50 Digital Product Ideas That Generate Passive Income in 2025",
      "Trust-building proof & badge templates for 50 Digital Product Ideas That Generate Passive Income in 2025",
      "Frictionless 1-click checkout flow for 50 Digital Product Ideas That Generate Passive Income in 2025",
      "Automated order confirmation & tracking for 50 Digital Product Ideas That Generate Passive Income in 2025",
      "Urgency & scarcity trigger system for 50 Digital Product Ideas That Generate Passive Income in 2025"
    ],
    "benefits": [
      "Ship faster with ready 50 Digital Product Ideas That Generate Passive Income in 2025 templates",
      "Increase conversion with clear 50 Digital Product Ideas That Generate Passive Income in 2025 value prop",
      "Operate with predictable 50 Digital Product Ideas That Generate Passive Income in 2025 delivery flow",
      "Scale experimentation with simple 50 Digital Product Ideas That Generate Passive Income in 2025 A/B hooks"
    ],
    "pricing": {
      "tier_name": "Standard Access",
      "price": "$29.00"
    },
    "faq": [
      {
        "q": "What is included?",
        "a": "You get the full landing page, the 50 Digital Product Ideas That Generate Passive Income in 2025 guide, and automated delivery setup."
      },
      {
        "q": "How do I deploy?",
        "a": "Upload to Vercel, Netlify, or any static host. No backend needed."
      },
      {
        "q": "Is it secure?",
        "a": "Yes, it uses wallet-based authentication for delivery gating."
      }
    ],
    "cta": {
      "text": "Get Started Now"
    },
    "design": {
      "theme": "modern",
      "primary_color": "#00b4ff",
      "secondary_color": "#00b4ff",
      "font_family": "system-ui, sans-serif",
      "layout_style": "professional"
    }
  },
  "assets": {
    "main_content_file": "product.pdf",
    "landing_page": "index.html"
  },
  "price": "29",
  "_injected_price": "$29.00",
  "offers": {
    "@type": "Offer",
    "price": "29.00",
    "priceCurrency": "USD"
  },
  "_market_price": "$49.00",
  "market_analysis": {
    "category": "Standard Digital Asset",
    "market_price": 49,
    "our_price": 29,
    "desc": "High-quality digital resource"
  }
}