{
  "product_id": "Crypto-Payment-Landing-Page-Template-for-Digital-Products",
  "created_at": "2026-02-02T12:46:15Z",
  "title": "",
  "blog": {
    "markdown": "# Crypto-Payment-Landing-Page-Template-for-Digital-Products\n\n — crypto-only checkout + instant delivery.\n\n## What you get\n- product.pdf (guide/ebook)\n- bonus (checklists/prompts/scripts)\n- assets (icons)\n- promotions (marketing pack)\n\n## Why crypto-first buyers pay differently\n- Privacy-native\n- Global settlement\n- Lower friction vs card rails\n\n## How to use\n1) Buy with wallet\n2) Get instant download\n3) Apply the playbook\n\n## SEO\n\n",
    "html": "<h1>Crypto-Payment-Landing-Page-Template-for-Digital-Products</h1>\n<br/>\n<p> — crypto-only checkout + instant delivery.</p>\n<br/>\n<h2>What you get</h2>\n<ul><li>product.pdf (guide/ebook)</li><li>bonus (checklists/prompts/scripts)</li><li>assets (icons)</li><li>promotions (marketing pack)</li>\n<br/>\n<h2>Why crypto-first buyers pay differently</h2>\n<li>Privacy-native</li><li>Global settlement</li><li>Lower friction vs card rails</li>\n<br/>\n<h2>How to use</h2>\n<p>1) Buy with wallet</p>\n<p>2) Get instant download</p>\n<p>3) Apply the playbook</p>\n<br/>\n<h2>SEO</h2>\n<br/>"
  },
  "instagram": {
    "caption": " — crypto-only checkout + instant delivery.\n\n#crypto #payments #digitalproducts #privacy"
  },
  "tiktok": {
    "script": "Hook (0-3s):  — crypto-only checkout + instant delivery.\n\nBody (3-25s): Explain the core pain + 3 steps.\nCTA (25-30s): Buy with crypto → instant download.\n"
  },
  "youtube_shorts": {
    "script": "Title: Crypto-first digital product\n\n0-5s: Hook:  — crypto-only checkout + instant delivery.\n5-45s: 3 bullet takeaways.\n45-60s: CTA: wallet payment → instant download.\n"
  },
  "source": {
    "primary_post": "",
    "newsletter_email": "",
    "seo": ""
  }
}
