{
  "product_id": "Crypto-Payment-Landing-Page-Template-for-Digital-Products",
  "created_at": "2026-02-02T12:46:15Z",
  "dry_run": true,
  "sent": [
    {
      "channel": "blog",
      "ok": true,
      "note": "dry_run"
    },
    {
      "channel": "instagram",
      "ok": true,
      "note": "disabled"
    },
    {
      "channel": "tiktok",
      "ok": true,
      "note": "disabled"
    },
    {
      "channel": "youtube_shorts",
      "ok": true,
      "note": "disabled"
    }
  ]
}
