{
  "product_id": "Crypto-Payment-Landing-Page-Template-for-Digital-Products",
  "out_dir": "outputs\\Crypto-Payment-Landing-Page-Template-for-Digital-Products",
  "index_html": "outputs\\Crypto-Payment-Landing-Page-Template-for-Digital-Products\\index.html",
  "sha256": "45c0657a824f483551351a070535626a9117047882e5ef09b5ad847a4cee0e7e",
  "notes": [
    "Single-file landing with embedded CSS/JS",
    "Buttons wired via data-action router",
    "Leads/auth stored in localStorage (demo)",
    "Next step: payment invoice + webhook + fulfillment"
  ]
}