{
  "product_id": "20260215-132048-defi-passive-income-strategies",
  "output_dir": "d:\\auto\\MetaPassiveIncome_FINAL\\outputs\\20260215-132048-defi-passive-income-strategies",
  "main_asset": "d:\\auto\\MetaPassiveIncome_FINAL\\outputs\\20260215-132048-defi-passive-income-strategies\\index.html",
  "schema_path": "d:\\auto\\MetaPassiveIncome_FINAL\\outputs\\20260215-132048-defi-passive-income-strategies\\product_schema.json",
  "main_content_path": "d:\\auto\\MetaPassiveIncome_FINAL\\outputs\\20260215-132048-defi-passive-income-strategies\\product.pdf",
  "checksum": "ca2ce49a9cef2d29e5a0f6236f5e255b16c8f2692d938fc758d32bd1f6b88c18",
  "generated_at": "20260215-132048",
  "status": "GENERATED_SUCCESS",
  "schema_driven": true,
  "notes": [
    "스키마 기반 생성 (product_schema.json)",
    "단일 파일 랜딩 페이지 (CSS/JS 내장)",
    "데이터 액션 라우터를 통한 버튼 기능"
  ]
}