{
  "product_id": "20260215-132048-defi-passive-income-strategies",
  "title": "Unlock Your Passive Income with DeFi-Passive-Income-Strategies-Staking-Yield-Farming-and-Lending",
  "target_customer": "Creators and merchants interested in DeFi-Passive-Income-Strategies-Staking-Yield-Farming-and-Lending",
  "value_proposition": "Leverage AI to create and sell digital products based on: DeFi-Passive-Income-Strategies-Staking-Yield-Farming-and-Lending",
  "sections": {
    "hero": {
      "headline": "Unlock Your Passive Income with DeFi-Passive-Income-Strategies-Staking-Yield-Farming-and-Lending",
      "subheadline": "Leverage AI to create and sell digital products based on: DeFi-Passive-Income-Strategies-Staking-Yield-Farming-and-Lending"
    },
    "problem": {
      "description": "Traditional digital commerce is plagued by high fees, slow settlements, and platform risk. Web3 offers a solution, but technical complexity prevents mass adoption."
    },
    "solution": {
      "description": "A hardened Web3 commerce stack that simplifies crypto payments, token-gated access, and decentralized delivery. Designed for the next generation of digital entrepreneurs."
    },
    "features": [
      "Multi-chain crypto payment gateway for DeFi-Passive-Income-Strategies-Staking-Yield-Farming-and-Lending",
      "Automated token-gating & access control for DeFi-Passive-Income-Strategies-Staking-Yield-Farming-and-Lending",
      "Non-custodial digital asset delivery for DeFi-Passive-Income-Strategies-Staking-Yield-Farming-and-Lending",
      "Real-time blockchain event monitoring for DeFi-Passive-Income-Strategies-Staking-Yield-Farming-and-Lending",
      "Gas-optimized smart contract templates for DeFi-Passive-Income-Strategies-Staking-Yield-Farming-and-Lending"
    ],
    "benefits": [
      "Ship faster with ready DeFi-Passive-Income-Strategies-Staking-Yield-Farming-and-Lending templates",
      "Increase conversion with clear DeFi-Passive-Income-Strategies-Staking-Yield-Farming-and-Lending value prop",
      "Operate with predictable DeFi-Passive-Income-Strategies-Staking-Yield-Farming-and-Lending delivery flow",
      "Scale experimentation with simple DeFi-Passive-Income-Strategies-Staking-Yield-Farming-and-Lending A/B hooks"
    ],
    "pricing": {
      "tier_name": "Standard Access",
      "price": "$49.00"
    },
    "faq": [
      {
        "q": "What is included?",
        "a": "You get the full landing page, the DeFi-Passive-Income-Strategies-Staking-Yield-Farming-and-Lending guide, and automated delivery setup."
      },
      {
        "q": "How do I deploy?",
        "a": "Upload to Vercel, Netlify, or any static host. No backend needed."
      },
      {
        "q": "Is it secure?",
        "a": "Yes, it uses wallet-based authentication for delivery gating."
      }
    ],
    "cta": {
      "text": "Get Started Now"
    },
    "design": {
      "theme": "minimal",
      "primary_color": "#ef4444",
      "secondary_color": "#ef4444",
      "font_family": "system-ui, sans-serif",
      "layout_style": "professional"
    }
  },
  "assets": {
    "main_content_file": "product.pdf",
    "landing_page": "index.html"
  },
  "_injected_price": "$49.00",
  "metadata": {
    "final_price_usd": 49.0
  },
  "price": "49",
  "offers": {
    "@type": "Offer",
    "price": "49.00",
    "priceCurrency": "USD"
  },
  "_market_price": "$149.00",
  "market_analysis": {
    "category": "Trading / Bot / Crypto Tool",
    "market_price": 149,
    "our_price": 49,
    "desc": "Specialized financial tools & scripts"
  }
}