{
  "product_id": "20260220-052005-how-to-sell-high-ticket-digita",
  "output_dir": "d:\\auto\\MetaPassiveIncome_FINAL\\outputs\\20260220-052005-how-to-sell-high-ticket-digita",
  "main_asset": "d:\\auto\\MetaPassiveIncome_FINAL\\outputs\\20260220-052005-how-to-sell-high-ticket-digita\\index.html",
  "schema_path": "d:\\auto\\MetaPassiveIncome_FINAL\\outputs\\20260220-052005-how-to-sell-high-ticket-digita\\product_schema.json",
  "main_content_path": "d:\\auto\\MetaPassiveIncome_FINAL\\outputs\\20260220-052005-how-to-sell-high-ticket-digita\\product.pdf",
  "checksum": "577cf4f108f0ce6c1d3b9458b6470b8de5f883136ab5b099d955ddca2b112e1a",
  "generated_at": "20260220-052016",
  "status": "GENERATED_SUCCESS",
  "schema_driven": true,
  "notes": [
    "스키마 기반 생성 (product_schema.json)",
    "단일 파일 랜딩 페이지 (CSS/JS 내장)",
    "데이터 액션 라우터를 통한 버튼 기능"
  ]
}