{
  "product_id": "20260220-052005-how-to-sell-high-ticket-digita",
  "title": "Unlock Your Passive Income with How to Sell High-Ticket Digital Products for Crypto (Ops + Security)",
  "target_customer": "Creators and merchants interested in How to Sell High-Ticket Digital Products for Crypto (Ops + Security)",
  "value_proposition": "Leverage AI to create and sell digital products based on: How to Sell High-Ticket Digital Products for Crypto (Ops + Security)",
  "sections": {
    "hero": {
      "headline": "Unlock Your Passive Income with How to Sell High-Ticket Digital Products for Crypto (Ops + Security)",
      "subheadline": "Leverage AI to create and sell digital products based on: How to Sell High-Ticket Digital Products for Crypto (Ops + Security)"
    },
    "problem": {
      "description": "Financial operators struggle with manual reporting, volatile fees, and complex compliance. Without a professional system, trust decays and conversion drops."
    },
    "solution": {
      "description": "A hardened financial toolkit with automated tracking, fee-optimized checkout, and built-in compliance checklists. Designed for high-trust transactions."
    },
    "features": [
      "Fee-optimized wallet checkout for How to Sell High-Ticket Digital Products for Crypto (Ops + Security)",
      "Automated transaction reconciliation log for How to Sell High-Ticket Digital Products for Crypto (Ops + Security)",
      "Compliance & Tax reporting templates for How to Sell High-Ticket Digital Products for Crypto (Ops + Security)",
      "Real-time network fee estimator for How to Sell High-Ticket Digital Products for Crypto (Ops + Security)",
      "Secure, idempotent delivery system for How to Sell High-Ticket Digital Products for Crypto (Ops + Security)"
    ],
    "benefits": [
      "Ship faster with ready How to Sell High-Ticket Digital Products for Crypto (Ops + Security) templates",
      "Increase conversion with clear How to Sell High-Ticket Digital Products for Crypto (Ops + Security) value prop",
      "Operate with predictable How to Sell High-Ticket Digital Products for Crypto (Ops + Security) delivery flow",
      "Scale experimentation with simple How to Sell High-Ticket Digital Products for Crypto (Ops + Security) A/B hooks"
    ],
    "pricing": {
      "tier_name": "Standard Access",
      "price": "$49.00"
    },
    "faq": [
      {
        "q": "What is included?",
        "a": "You get the full landing page, the How to Sell High-Ticket Digital Products for Crypto (Ops + Security) guide, and automated delivery setup."
      },
      {
        "q": "How do I deploy?",
        "a": "Upload to Vercel, Netlify, or any static host. No backend needed."
      },
      {
        "q": "Is it secure?",
        "a": "Yes, it uses wallet-based authentication for delivery gating."
      }
    ],
    "cta": {
      "text": "Get Started Now"
    },
    "design": {
      "theme": "landing",
      "primary_color": "#8b5cf6",
      "secondary_color": "#8b5cf6",
      "font_family": "Roboto, sans-serif",
      "layout_style": "bold"
    }
  },
  "assets": {
    "main_content_file": "product.pdf",
    "landing_page": "index.html"
  }
}