{
  "product_id": "20260220-011338-top-book-club-picks-for-2026",
  "output_dir": "d:\\auto\\MetaPassiveIncome_FINAL\\outputs\\20260220-011338-top-book-club-picks-for-2026",
  "main_asset": "d:\\auto\\MetaPassiveIncome_FINAL\\outputs\\20260220-011338-top-book-club-picks-for-2026\\index.html",
  "schema_path": "d:\\auto\\MetaPassiveIncome_FINAL\\outputs\\20260220-011338-top-book-club-picks-for-2026\\product_schema.json",
  "main_content_path": "d:\\auto\\MetaPassiveIncome_FINAL\\outputs\\20260220-011338-top-book-club-picks-for-2026\\product.pdf",
  "checksum": "9e5ca6110b84901a621f22f6ecb4f0a72ff64db731084e5e3989aa601d97f937",
  "generated_at": "20260220-011348",
  "status": "GENERATED_SUCCESS",
  "schema_driven": true,
  "notes": [
    "스키마 기반 생성 (product_schema.json)",
    "단일 파일 랜딩 페이지 (CSS/JS 내장)",
    "데이터 액션 라우터를 통한 버튼 기능"
  ]
}