{
  "product_id": "20260213-111735-crypto-wallet-checkout-token-g",
  "output_dir": "d:\\auto\\MetaPassiveIncome_FINAL\\outputs\\20260213-111735-crypto-wallet-checkout-token-g",
  "main_asset": "d:\\auto\\MetaPassiveIncome_FINAL\\outputs\\20260213-111735-crypto-wallet-checkout-token-g\\index.html",
  "schema_path": "d:\\auto\\MetaPassiveIncome_FINAL\\outputs\\20260213-111735-crypto-wallet-checkout-token-g\\product_schema.json",
  "main_content_path": "d:\\auto\\MetaPassiveIncome_FINAL\\outputs\\20260213-111735-crypto-wallet-checkout-token-g\\product.md",
  "checksum": "93d5bf0966a3a3e6a1b838780f4017e8a20dd56c065640f4d448ce7ce7638c19",
  "generated_at": "20260213-111735",
  "status": "GENERATED_SUCCESS",
  "schema_driven": true,
  "notes": [
    "스키마 기반 생성 (product_schema.json)",
    "단일 파일 랜딩 페이지 (CSS/JS 내장)",
    "데이터 액션 라우터를 통한 버튼 기능"
  ]
}