{
  "product_id": "20260220-060044-web3-marketing-playbook-commun",
  "title": "Unlock Your Passive Income with Web3 Marketing Playbook: Community Growth & Tokenomics",
  "target_customer": "Creators and merchants interested in Web3 Marketing Playbook: Community Growth & Tokenomics",
  "value_proposition": "Leverage AI to create and sell digital products based on: Web3 Marketing Playbook: Community Growth & Tokenomics",
  "sections": {
    "hero": {
      "headline": "Unlock Your Passive Income with Web3 Marketing Playbook: Community Growth & Tokenomics",
      "subheadline": "Leverage AI to create and sell digital products based on: Web3 Marketing Playbook: Community Growth & Tokenomics"
    },
    "problem": {
      "description": "Traditional digital commerce is plagued by high fees, slow settlements, and platform risk. Web3 offers a solution, but technical complexity prevents mass adoption."
    },
    "solution": {
      "description": "A hardened Web3 commerce stack that simplifies crypto payments, token-gated access, and decentralized delivery. Designed for the next generation of digital entrepreneurs."
    },
    "features": [
      "Multi-chain crypto payment gateway for Web3 Marketing Playbook: Community Growth & Tokenomics",
      "Automated token-gating & access control for Web3 Marketing Playbook: Community Growth & Tokenomics",
      "Non-custodial digital asset delivery for Web3 Marketing Playbook: Community Growth & Tokenomics",
      "Real-time blockchain event monitoring for Web3 Marketing Playbook: Community Growth & Tokenomics",
      "Gas-optimized smart contract templates for Web3 Marketing Playbook: Community Growth & Tokenomics"
    ],
    "benefits": [
      "Ship faster with ready Web3 Marketing Playbook: Community Growth & Tokenomics templates",
      "Increase conversion with clear Web3 Marketing Playbook: Community Growth & Tokenomics value prop",
      "Operate with predictable Web3 Marketing Playbook: Community Growth & Tokenomics delivery flow",
      "Scale experimentation with simple Web3 Marketing Playbook: Community Growth & Tokenomics A/B hooks"
    ],
    "pricing": {
      "tier_name": "Standard Access",
      "price": "$49"
    },
    "faq": [
      {
        "q": "What is included?",
        "a": "You get the full landing page, the Web3 Marketing Playbook: Community Growth & Tokenomics guide, and automated delivery setup."
      },
      {
        "q": "How do I deploy?",
        "a": "Upload to Vercel, Netlify, or any static host. No backend needed."
      },
      {
        "q": "Is it secure?",
        "a": "Yes, it uses wallet-based authentication for delivery gating."
      }
    ],
    "cta": {
      "text": "Get Started Now"
    },
    "design": {
      "theme": "minimal",
      "primary_color": "#6366f1",
      "secondary_color": "#6366f1",
      "font_family": "Roboto, sans-serif",
      "layout_style": "bold"
    }
  },
  "assets": {
    "main_content_file": "product.pdf",
    "landing_page": "index.html"
  }
}