{
  "product_id": "20260219-151033-top-22-digital-products-in-dem",
  "output_dir": "d:\\auto\\MetaPassiveIncome_FINAL\\outputs\\20260219-151033-top-22-digital-products-in-dem",
  "main_asset": "d:\\auto\\MetaPassiveIncome_FINAL\\outputs\\20260219-151033-top-22-digital-products-in-dem\\index.html",
  "schema_path": "d:\\auto\\MetaPassiveIncome_FINAL\\outputs\\20260219-151033-top-22-digital-products-in-dem\\product_schema.json",
  "main_content_path": "d:\\auto\\MetaPassiveIncome_FINAL\\outputs\\20260219-151033-top-22-digital-products-in-dem\\product.pdf",
  "checksum": "859a3af33fe350ab9f446d350f5b3c0531b8112071a4a2b5209c9baa52eaff24",
  "generated_at": "20260219-151041",
  "status": "GENERATED_SUCCESS",
  "schema_driven": true,
  "notes": [
    "스키마 기반 생성 (product_schema.json)",
    "단일 파일 랜딩 페이지 (CSS/JS 내장)",
    "데이터 액션 라우터를 통한 버튼 기능"
  ]
}