{
  "product_id": "20260213-040922-passiveincome",
  "output_dir": "d:\\auto\\MetaPassiveIncome_FINAL\\outputs\\20260213-040922-passiveincome",
  "main_asset": "d:\\auto\\MetaPassiveIncome_FINAL\\outputs\\20260213-040922-passiveincome\\index.html",
  "schema_path": "d:\\auto\\MetaPassiveIncome_FINAL\\outputs\\20260213-040922-passiveincome\\product_schema.json",
  "main_content_path": "d:\\auto\\MetaPassiveIncome_FINAL\\outputs\\20260213-040922-passiveincome\\product.md",
  "checksum": "365737accb19b0d5cb384019cf251687febe433d4879f695094474446396fec6",
  "generated_at": "20260213-040922",
  "status": "GENERATED_SUCCESS",
  "schema_driven": true,
  "notes": [
    "스키마 기반 생성 (product_schema.json)",
    "단일 파일 랜딩 페이지 (CSS/JS 내장)",
    "데이터 액션 라우터를 통한 버튼 기능"
  ]
}