{
  "product_id": "20260220-044219-best-digital-downloads-to-sell",
  "output_dir": "d:\\auto\\MetaPassiveIncome_FINAL\\outputs\\20260220-044219-best-digital-downloads-to-sell",
  "main_asset": "d:\\auto\\MetaPassiveIncome_FINAL\\outputs\\20260220-044219-best-digital-downloads-to-sell\\index.html",
  "schema_path": "d:\\auto\\MetaPassiveIncome_FINAL\\outputs\\20260220-044219-best-digital-downloads-to-sell\\product_schema.json",
  "main_content_path": "d:\\auto\\MetaPassiveIncome_FINAL\\outputs\\20260220-044219-best-digital-downloads-to-sell\\product.pdf",
  "checksum": "4555bc201e5bf07f3fa91532b8d3e8300b549c2836a36c7f298a7ec68a8e47f2",
  "generated_at": "20260220-044229",
  "status": "GENERATED_SUCCESS",
  "schema_driven": true,
  "notes": [
    "스키마 기반 생성 (product_schema.json)",
    "단일 파일 랜딩 페이지 (CSS/JS 내장)",
    "데이터 액션 라우터를 통한 버튼 기능"
  ]
}