{
  "product_id": "20260220-044219-best-digital-downloads-to-sell",
  "created_at": "2026-02-19T19:42:29Z",
  "files": [
    "blog_longform.md",
    "blog_outline.md",
    "blog_post.md",
    "instagram_post.txt",
    "linkedin_posts.txt",
    "medium_story.md",
    "newsletter_email.txt",
    "promo_calendar_30d.csv",
    "promo_pack.zip",
    "reddit_posts.txt",
    "sales_page_copy.md",
    "seo.txt",
    "shortform_scripts.txt",
    "shortform_video_script.txt",
    "x_posts.txt",
    "x_threads.txt"
  ],
  "validation": {
    "passed": true,
    "score": 0.97,
    "feedback": [],
    "schema_errors": []
  }
}