{
  "product_id": "20260221-002736-digital-asset-bundle-2026-02-2",
  "title": "Unlock Your Passive Income with Digital Asset Bundle 2026-02-21 00:27",
  "target_customer": "Creators and merchants interested in Digital Asset Bundle 2026-02-21 00:27",
  "value_proposition": "Leverage AI to create and sell digital products based on: Digital Asset Bundle 2026-02-21 00:27",
  "sections": {
    "hero": {
      "headline": "Unlock Your Passive Income with Digital Asset Bundle 2026-02-21 00:27",
      "subheadline": "Leverage AI to create and sell digital products based on: Digital Asset Bundle 2026-02-21 00:27"
    },
    "problem": {
      "description": "Creating and selling digital products is complex and time-consuming. Most creators fail due to technical friction and lack of a structured system."
    },
    "solution": {
      "description": "A professional-grade implementation system that handles everything from landing to delivery. Focus on your content, we handle the infrastructure."
    },
    "features": [
      "One-file deployment architecture for Digital Asset Bundle 2026-02-21 00:27",
      "Secure token-gated delivery for Digital Asset Bundle 2026-02-21 00:27",
      "Conversion-optimized landing components for Digital Asset Bundle 2026-02-21 00:27",
      "Built-in analytics & tracking for Digital Asset Bundle 2026-02-21 00:27",
      "Automated promotion asset generator for Digital Asset Bundle 2026-02-21 00:27"
    ],
    "benefits": [
      "Ship faster with ready Digital Asset Bundle 2026-02-21 00:27 templates",
      "Increase conversion with clear Digital Asset Bundle 2026-02-21 00:27 value prop",
      "Operate with predictable Digital Asset Bundle 2026-02-21 00:27 delivery flow",
      "Scale experimentation with simple Digital Asset Bundle 2026-02-21 00:27 A/B hooks"
    ],
    "pricing": {
      "tier_name": "Standard Access",
      "price": "$19.00"
    },
    "faq": [
      {
        "q": "What is included?",
        "a": "You get the full landing page, the Digital Asset Bundle 2026-02-21 00:27 guide, and automated delivery setup."
      },
      {
        "q": "How do I deploy?",
        "a": "Upload to Vercel, Netlify, or any static host. No backend needed."
      },
      {
        "q": "Is it secure?",
        "a": "Yes, it uses wallet-based authentication for delivery gating."
      }
    ],
    "cta": {
      "text": "Get Started Now"
    },
    "design": {
      "theme": "landing",
      "primary_color": "#6366f1",
      "secondary_color": "#6366f1",
      "font_family": "Roboto, sans-serif",
      "layout_style": "bold"
    }
  },
  "assets": {
    "main_content_file": "product.pdf",
    "landing_page": "index.html"
  }
}