{
  "product_id": "20260219-063824-top-20-b2b-ecommerce-examples",
  "output_dir": "d:\\auto\\MetaPassiveIncome_FINAL\\outputs\\20260219-063824-top-20-b2b-ecommerce-examples",
  "main_asset": "d:\\auto\\MetaPassiveIncome_FINAL\\outputs\\20260219-063824-top-20-b2b-ecommerce-examples\\index.html",
  "schema_path": "d:\\auto\\MetaPassiveIncome_FINAL\\outputs\\20260219-063824-top-20-b2b-ecommerce-examples\\product_schema.json",
  "main_content_path": "d:\\auto\\MetaPassiveIncome_FINAL\\outputs\\20260219-063824-top-20-b2b-ecommerce-examples\\product.pdf",
  "checksum": "738b7f761a775679ac9b5deb99da2d5c9e4f68f0bde216d5235e511f25a44266",
  "generated_at": "20260219-063836",
  "status": "GENERATED_SUCCESS",
  "schema_driven": true,
  "notes": [
    "스키마 기반 생성 (product_schema.json)",
    "단일 파일 랜딩 페이지 (CSS/JS 내장)",
    "데이터 액션 라우터를 통한 버튼 기능"
  ]
}