{
  "product_id": "20260219-063824-top-20-b2b-ecommerce-examples",
  "title": "Unlock Your Passive Income with TOP 20 B2B Ecommerce Examples & What You Can Learn",
  "target_customer": "Creators and merchants interested in TOP 20 B2B Ecommerce Examples & What You Can Learn",
  "value_proposition": "Leverage AI to create and sell digital products based on: TOP 20 B2B Ecommerce Examples & What You Can Learn",
  "sections": {
    "hero": {
      "headline": "Unlock Your Passive Income with TOP 20 B2B Ecommerce Examples & What You Can Learn",
      "subheadline": "Leverage AI to create and sell digital products based on: TOP 20 B2B Ecommerce Examples & What You Can Learn"
    },
    "problem": {
      "description": "Generic e-commerce stores fail to build trust and suffer from high cart abandonment. Without a high-performance storefront, conversion remains stagnant."
    },
    "solution": {
      "description": "A conversion-optimized e-commerce engine with mobile-first UI, friction-free checkout, and built-in trust triggers. Built for modern digital merchants."
    },
    "features": [
      "Mobile-optimized high-speed landing UI for TOP 20 B2B Ecommerce Examples & What You Can Learn",
      "Trust-building proof & badge templates for TOP 20 B2B Ecommerce Examples & What You Can Learn",
      "Frictionless 1-click checkout flow for TOP 20 B2B Ecommerce Examples & What You Can Learn",
      "Automated order confirmation & tracking for TOP 20 B2B Ecommerce Examples & What You Can Learn",
      "Urgency & scarcity trigger system for TOP 20 B2B Ecommerce Examples & What You Can Learn"
    ],
    "benefits": [
      "Ship faster with ready TOP 20 B2B Ecommerce Examples & What You Can Learn templates",
      "Increase conversion with clear TOP 20 B2B Ecommerce Examples & What You Can Learn value prop",
      "Operate with predictable TOP 20 B2B Ecommerce Examples & What You Can Learn delivery flow",
      "Scale experimentation with simple TOP 20 B2B Ecommerce Examples & What You Can Learn A/B hooks"
    ],
    "pricing": {
      "tier_name": "Standard Access",
      "price": "$29.00"
    },
    "faq": [
      {
        "q": "What is included?",
        "a": "You get the full landing page, the TOP 20 B2B Ecommerce Examples & What You Can Learn guide, and automated delivery setup."
      },
      {
        "q": "How do I deploy?",
        "a": "Upload to Vercel, Netlify, or any static host. No backend needed."
      },
      {
        "q": "Is it secure?",
        "a": "Yes, it uses wallet-based authentication for delivery gating."
      }
    ],
    "cta": {
      "text": "Get Started Now"
    },
    "design": {
      "theme": "landing",
      "primary_color": "#ef4444",
      "secondary_color": "#ef4444",
      "font_family": "Inter, sans-serif",
      "layout_style": "minimalist"
    }
  },
  "assets": {
    "main_content_file": "product.pdf",
    "landing_page": "index.html"
  },
  "metadata": {
    "final_price_usd": 29.0
  },
  "_injected_price": "$29.00",
  "price": "29",
  "offers": {
    "@type": "Offer",
    "price": "29.00",
    "priceCurrency": "USD"
  },
  "_market_price": "$49.00",
  "market_analysis": {
    "category": "Standard Digital Asset",
    "market_price": 49,
    "our_price": 29,
    "desc": "High-quality digital resource"
  }
}