{
  "product_id": "20260213-103228-ai-saas-런칭-랜딩-페이지",
  "output_dir": "d:\\auto\\MetaPassiveIncome_FINAL\\outputs\\20260213-103228-ai-saas-런칭-랜딩-페이지",
  "main_asset": "d:\\auto\\MetaPassiveIncome_FINAL\\outputs\\20260213-103228-ai-saas-런칭-랜딩-페이지\\index.html",
  "schema_path": "d:\\auto\\MetaPassiveIncome_FINAL\\outputs\\20260213-103228-ai-saas-런칭-랜딩-페이지\\product_schema.json",
  "main_content_path": "d:\\auto\\MetaPassiveIncome_FINAL\\outputs\\20260213-103228-ai-saas-런칭-랜딩-페이지\\product.md",
  "checksum": "77505c9e4c3c5b0bc5ed5f7e9d7c0f5e2ef3fc3d34604d8ece80a33ba6228b0b",
  "generated_at": "20260213-103228",
  "status": "GENERATED_SUCCESS",
  "schema_driven": true,
  "notes": [
    "스키마 기반 생성 (product_schema.json)",
    "단일 파일 랜딩 페이지 (CSS/JS 내장)",
    "데이터 액션 라우터를 통한 버튼 기능"
  ]
}