{
  "product_id": "20260220-020442-most-popular-genres-for-2026-w",
  "output_dir": "d:\\auto\\MetaPassiveIncome_FINAL\\outputs\\20260220-020442-most-popular-genres-for-2026-w",
  "main_asset": "d:\\auto\\MetaPassiveIncome_FINAL\\outputs\\20260220-020442-most-popular-genres-for-2026-w\\index.html",
  "schema_path": "d:\\auto\\MetaPassiveIncome_FINAL\\outputs\\20260220-020442-most-popular-genres-for-2026-w\\product_schema.json",
  "main_content_path": "d:\\auto\\MetaPassiveIncome_FINAL\\outputs\\20260220-020442-most-popular-genres-for-2026-w\\product.pdf",
  "checksum": "63f58aeb2a98895028f8a959dd37f256abb77591d786d94a8f3469eba9a1ed28",
  "generated_at": "20260220-020453",
  "status": "GENERATED_SUCCESS",
  "schema_driven": true,
  "notes": [
    "스키마 기반 생성 (product_schema.json)",
    "단일 파일 랜딩 페이지 (CSS/JS 내장)",
    "데이터 액션 라우터를 통한 버튼 기능"
  ]
}