{
  "product_id": "20260215-063000-freelancer-consultant-landing",
  "title": "Unlock Your Passive Income with freelancer-consultant-landing-page",
  "target_customer": "Creators and merchants interested in freelancer-consultant-landing-page",
  "value_proposition": "Leverage AI to create and sell digital products based on: freelancer-consultant-landing-page",
  "sections": {
    "hero": {
      "headline": "Unlock Your Passive Income with freelancer-consultant-landing-page",
      "subheadline": "Leverage AI to create and sell digital products based on: freelancer-consultant-landing-page"
    },
    "problem": {
      "description": "Creating and selling digital products is complex and time-consuming. Most creators fail due to technical friction and lack of a structured system."
    },
    "solution": {
      "description": "A professional-grade implementation system that handles everything from landing to delivery. Focus on your content, we handle the infrastructure."
    },
    "features": [
      "One-file deployment architecture for freelancer-consultant-landing-page",
      "Secure token-gated delivery for freelancer-consultant-landing-page",
      "Conversion-optimized landing components for freelancer-consultant-landing-page",
      "Built-in analytics & tracking for freelancer-consultant-landing-page",
      "Automated promotion asset generator for freelancer-consultant-landing-page"
    ],
    "benefits": [
      "Ship faster with ready freelancer-consultant-landing-page templates",
      "Increase conversion with clear freelancer-consultant-landing-page value prop",
      "Operate with predictable freelancer-consultant-landing-page delivery flow",
      "Scale experimentation with simple freelancer-consultant-landing-page A/B hooks"
    ],
    "pricing": {
      "tier_name": "Standard Access",
      "price": "$49"
    },
    "faq": [
      {
        "q": "What is included?",
        "a": "You get the full landing page, the freelancer-consultant-landing-page guide, and automated delivery setup."
      },
      {
        "q": "How do I deploy?",
        "a": "Upload to Vercel, Netlify, or any static host. No backend needed."
      },
      {
        "q": "Is it secure?",
        "a": "Yes, it uses wallet-based authentication for delivery gating."
      }
    ],
    "cta": {
      "text": "Get Started Now"
    },
    "design": {
      "theme": "landing",
      "primary_color": "#10b981",
      "secondary_color": "#10b981",
      "font_family": "system-ui, sans-serif",
      "layout_style": "professional"
    }
  },
  "assets": {
    "main_content_file": "product.pdf",
    "landing_page": "index.html"
  }
}