{
  "product_id": "20260207-153934-social-media-link-in-bio-page",
  "output_dir": "d:\\auto\\MetaPassiveIncome_FINAL\\outputs\\20260207-153934-social-media-link-in-bio-page",
  "main_asset": "d:\\auto\\MetaPassiveIncome_FINAL\\outputs\\20260207-153934-social-media-link-in-bio-page\\index.html",
  "schema_path": "d:\\auto\\MetaPassiveIncome_FINAL\\outputs\\20260207-153934-social-media-link-in-bio-page\\product_schema.json",
  "main_content_path": "d:\\auto\\MetaPassiveIncome_FINAL\\outputs\\20260207-153934-social-media-link-in-bio-page\\product.md",
  "checksum": "9e48c750d107cfacf381e99f0b94b0eba9dbe8135b2baee57b8a9f17b9b823fe",
  "generated_at": "20260207-153935",
  "status": "GENERATED_SUCCESS",
  "schema_driven": true,
  "notes": [
    "스키마 기반 생성 (product_schema.json)",
    "단일 파일 랜딩 페이지 (CSS/JS 내장)",
    "데이터 액션 라우터를 통한 버튼 기능"
  ]
}