{
  "product_id": "20260220-023351-nft-business-blueprint-beyond",
  "output_dir": "d:\\auto\\MetaPassiveIncome_FINAL\\outputs\\20260220-023351-nft-business-blueprint-beyond",
  "main_asset": "d:\\auto\\MetaPassiveIncome_FINAL\\outputs\\20260220-023351-nft-business-blueprint-beyond\\index.html",
  "schema_path": "d:\\auto\\MetaPassiveIncome_FINAL\\outputs\\20260220-023351-nft-business-blueprint-beyond\\product_schema.json",
  "main_content_path": "d:\\auto\\MetaPassiveIncome_FINAL\\outputs\\20260220-023351-nft-business-blueprint-beyond\\product.pdf",
  "checksum": "e0d3fb6043ac970f2be700e1e0bc2306278f6874e6458caaf782bdea9b105ad7",
  "generated_at": "20260220-023403",
  "status": "GENERATED_SUCCESS",
  "schema_driven": true,
  "notes": [
    "스키마 기반 생성 (product_schema.json)",
    "단일 파일 랜딩 페이지 (CSS/JS 내장)",
    "데이터 액션 라우터를 통한 버튼 기능"
  ]
}