{
  "product_id": "20260220-023351-nft-business-blueprint-beyond",
  "title": "Unlock Your Passive Income with NFT Business Blueprint: Beyond the Hype to Real Utility",
  "target_customer": "Creators and merchants interested in NFT Business Blueprint: Beyond the Hype to Real Utility",
  "value_proposition": "Leverage AI to create and sell digital products based on: NFT Business Blueprint: Beyond the Hype to Real Utility",
  "sections": {
    "hero": {
      "headline": "Unlock Your Passive Income with NFT Business Blueprint: Beyond the Hype to Real Utility",
      "subheadline": "Leverage AI to create and sell digital products based on: NFT Business Blueprint: Beyond the Hype to Real Utility"
    },
    "problem": {
      "description": "Traditional digital commerce is plagued by high fees, slow settlements, and platform risk. Web3 offers a solution, but technical complexity prevents mass adoption."
    },
    "solution": {
      "description": "A hardened Web3 commerce stack that simplifies crypto payments, token-gated access, and decentralized delivery. Designed for the next generation of digital entrepreneurs."
    },
    "features": [
      "Multi-chain crypto payment gateway for NFT Business Blueprint: Beyond the Hype to Real Utility",
      "Automated token-gating & access control for NFT Business Blueprint: Beyond the Hype to Real Utility",
      "Non-custodial digital asset delivery for NFT Business Blueprint: Beyond the Hype to Real Utility",
      "Real-time blockchain event monitoring for NFT Business Blueprint: Beyond the Hype to Real Utility",
      "Gas-optimized smart contract templates for NFT Business Blueprint: Beyond the Hype to Real Utility"
    ],
    "benefits": [
      "Ship faster with ready NFT Business Blueprint: Beyond the Hype to Real Utility templates",
      "Increase conversion with clear NFT Business Blueprint: Beyond the Hype to Real Utility value prop",
      "Operate with predictable NFT Business Blueprint: Beyond the Hype to Real Utility delivery flow",
      "Scale experimentation with simple NFT Business Blueprint: Beyond the Hype to Real Utility A/B hooks"
    ],
    "pricing": {
      "tier_name": "Standard Access",
      "price": "$29.00"
    },
    "faq": [
      {
        "q": "What is included?",
        "a": "You get the full landing page, the NFT Business Blueprint: Beyond the Hype to Real Utility guide, and automated delivery setup."
      },
      {
        "q": "How do I deploy?",
        "a": "Upload to Vercel, Netlify, or any static host. No backend needed."
      },
      {
        "q": "Is it secure?",
        "a": "Yes, it uses wallet-based authentication for delivery gating."
      }
    ],
    "cta": {
      "text": "Get Started Now"
    },
    "design": {
      "theme": "saas",
      "primary_color": "#00b4ff",
      "secondary_color": "#00b4ff",
      "font_family": "Inter, sans-serif",
      "layout_style": "minimalist"
    }
  },
  "assets": {
    "main_content_file": "product.pdf",
    "landing_page": "index.html"
  },
  "_injected_price": "$29.00",
  "_market_price": "$49.00",
  "price": "29"
}