{
  "product_id": "20260213-111425-간단-리드-마그넷-다운로드-페이지",
  "output_dir": "d:\\auto\\MetaPassiveIncome_FINAL\\outputs\\20260213-111425-간단-리드-마그넷-다운로드-페이지",
  "main_asset": "d:\\auto\\MetaPassiveIncome_FINAL\\outputs\\20260213-111425-간단-리드-마그넷-다운로드-페이지\\index.html",
  "schema_path": "d:\\auto\\MetaPassiveIncome_FINAL\\outputs\\20260213-111425-간단-리드-마그넷-다운로드-페이지\\product_schema.json",
  "main_content_path": "d:\\auto\\MetaPassiveIncome_FINAL\\outputs\\20260213-111425-간단-리드-마그넷-다운로드-페이지\\product.md",
  "checksum": "b232937d62380b3fa34cb46ada6861eec0b28adc7a3ba0ed1095db5c0bc1d982",
  "generated_at": "20260213-111425",
  "status": "GENERATED_SUCCESS",
  "schema_driven": true,
  "notes": [
    "스키마 기반 생성 (product_schema.json)",
    "단일 파일 랜딩 페이지 (CSS/JS 내장)",
    "데이터 액션 라우터를 통한 버튼 기능"
  ]
}