{
  "product_id": "20260219-141212-как-открыть-магазин-на-etsy-и",
  "created_at": "2026-02-20T08:17:37.624572Z",
  "title": "Как открыть магазин на Etsy и что там продавать в 2026 году...",
  "url": "",
  "blog": {
    "markdown": "# Как открыть магазин на Etsy и что там продавать в 2026 году...: Revolutionizing Digital Asset Delivery with Crypto\n\n### 🚀 Как открыть магазин на Etsy и что там продавать в 2026 году... — crypto-only checkout + instant delivery.\n\nStop losing 3-5% on transaction fees and waiting days for payouts. Our automated delivery system allows you to sell digital products globally, receive payments instantly in cryptocurrency, and fulfill orders automatically without lifting a finger.\n\n[![Product Visual Preview](https://images.unsplash.com/featured/?Как+открыть+магазин+на+Etsy+и+что+там+продавать+в+2026+году...,technology,business)](#)\n*[View Live Preview & Secure Checkout](#)*\n\n## 💎 Why Choose MetaPassiveIncome Systems?\nTraditional payment processors often freeze accounts or delay funds for digital sellers. By switching to a crypto-first model, you regain control over your revenue stream.\n\n### ⚡ Instant Global Fulfillment\nNo more manual emailing or manual download links. Once the blockchain confirms the payment, your customer receives their assets immediately. High satisfaction, zero overhead.\n\n### 🛡️ Chargeback-Proof Revenue\nDigital product sellers are frequently targeted by friendly fraud. Crypto payments are final, protecting your business from malicious chargebacks and disputes.\n\n## 🛠 What's Included in This Package\n- **Premium Digital Asset:** High-value content ready for immediate use.\n- **Automated Sales Pipeline:** Pre-configured setup for crypto-only checkout.\n- **Global Compliance Guide:** Best practices for operating in the borderless digital economy.\n\n## 📈 Growth & Scalability\nWhether you're selling one-off downloads or recurring digital access, this system scales with you. No merchant account applications, no credit checks, just pure commerce.\n\n### [🔥 Get Instant Access to Как открыть магазин на Etsy и что там продавать в 2026 году... Now](#)\n\n---\n\n### 🔍 SEO & Optimization Metadata\n\n\n*Keywords: Cryptocurrency Payments, Automated Digital Delivery, Passive Income Systems, Web3 Commerce.*\n",
    "html": "\n<style>\n    .wp-promo-container { font-family: 'Inter', -apple-system, BlinkMacSystemFont, \"Segoe UI\", Roboto, sans-serif; line-height: 1.6; color: #333; max-width: 800px; margin: 0 auto; }\n    .wp-promo-header { text-align: center; margin-bottom: 40px; padding: 20px; background: linear-gradient(135deg, #f8fafc 0%, #f1f5f9 100%); border-radius: 16px; }\n    .wp-promo-header h1 { color: #1e293b; font-size: 2.5rem; margin-bottom: 16px; font-weight: 800; }\n    .wp-promo-header h3 { color: #64748b; font-size: 1.25rem; font-weight: 400; }\n    .wp-promo-image { width: 100%; border-radius: 12px; box-shadow: 0 10px 25px -5px rgba(0,0,0,0.1); margin: 30px 0; transition: transform 0.3s ease; }\n    .wp-promo-image:hover { transform: translateY(-5px); }\n    .wp-promo-cta { display: block; background: #2563eb; color: #ffffff !important; text-align: center; padding: 18px 32px; border-radius: 12px; font-weight: 700; font-size: 1.25rem; text-decoration: none !important; margin: 40px 0; box-shadow: 0 4px 14px 0 rgba(37, 99, 235, 0.39); }\n    .wp-promo-cta:hover { background: #1d4ed8; transform: scale(1.02); }\n    .wp-promo-section { margin: 40px 0; padding: 20px; border-left: 4px solid #3b82f6; background: #f0f9ff; border-radius: 0 12px 12px 0; }\n    .wp-promo-section h2 { color: #1e3a8a; margin-top: 0; }\n    .wp-promo-grid { display: grid; grid-template-columns: 1fr 1fr; gap: 20px; margin: 30px 0; }\n    @media (max-width: 600px) { .wp-promo-grid { grid-template-columns: 1fr; } }\n    .wp-promo-card { padding: 20px; border: 1px solid #e2e8f0; border-radius: 12px; background: white; }\n    .wp-promo-footer { margin-top: 60px; padding-top: 30px; border-top: 1px solid #e2e8f0; color: #94a3b8; font-size: 0.875rem; }\n    .wp-promo-table { width: 100%; border-collapse: collapse; margin: 30px 0; font-size: 0.95rem; }\n    .wp-promo-table th { background: #f8fafc; padding: 12px; border: 1px solid #e2e8f0; text-align: left; font-weight: 600; color: #475569; }\n    .wp-promo-table td { padding: 12px; border: 1px solid #e2e8f0; color: #334155; }\n    .wp-promo-table tr:nth-child(even) { background: #fcfcfc; }\n    .wp-promo-highlight { background: #eff6ff !important; font-weight: 600; color: #2563eb !important; }\n</style>\n<div class=\"wp-promo-container\">\n\n<div class=\"wp-promo-header\"><h1>Как открыть магазин на Etsy и что там продавать в 2026 году...: Revolutionizing Digital Asset Delivery with Crypto</h1>\n<br/>\n<h3>🚀 Как открыть магазин на Etsy и что там продавать в 2026 году... — crypto-only checkout + instant delivery.</h3></div>\n<br/>\n<p>Stop losing 3-5% on transaction fees and waiting days for payouts. Our automated delivery system allows you to sell digital products globally, receive payments instantly in cryptocurrency, and fulfill orders automatically without lifting a finger.</p>\n<br/>\n<a href=\"#\"><img src=\"https://images.unsplash.com/featured/?Как+открыть+магазин+на+Etsy+и+что+там+продавать+в+2026+году...,technology,business\" alt=\"Product Visual Preview\" class=\"wp-promo-image\" /></a>\n<p>*<a href=\"#\" style=\"color: #2563eb; text-decoration: underline; font-weight: 600;\">View Live Preview & Secure Checkout</a>*</p>\n<br/>\n<div class=\"wp-promo-section\"><h2>💎 Why Choose MetaPassiveIncome Systems?</h2>\n<p>Traditional payment processors often freeze accounts or delay funds for digital sellers. By switching to a crypto-first model, you regain control over your revenue stream.</p>\n<br/>\n<h3>⚡ Instant Global Fulfillment</h3></div>\n<p>No more manual emailing or manual download links. Once the blockchain confirms the payment, your customer receives their assets immediately. High satisfaction, zero overhead.</p>\n<br/>\n<h3>🛡️ Chargeback-Proof Revenue</h3></div>\n<p>Digital product sellers are frequently targeted by friendly fraud. Crypto payments are final, protecting your business from malicious chargebacks and disputes.</p>\n<br/>\n<div class=\"wp-promo-section\"><h2>🛠 What's Included in This Package</h2>\n<ul>\n<li>**Premium Digital Asset:** High-value content ready for immediate use.</li>\n<li>**Automated Sales Pipeline:** Pre-configured setup for crypto-only checkout.</li>\n<li>**Global Compliance Guide:** Best practices for operating in the borderless digital economy.</li>\n</ul>\n<br/>\n<div class=\"wp-promo-section\"><h2>📈 Growth & Scalability</h2>\n<p>Whether you're selling one-off downloads or recurring digital access, this system scales with you. No merchant account applications, no credit checks, just pure commerce.</p>\n<br/>\n<h3>[🔥 Get Instant Access to Как открыть магазин на Etsy и что там продавать в 2026 году... Now](#)</h3></div>\n<br/>\n<hr style=\"border: 0; height: 1px; background: #e2e8f0; margin: 40px 0;\" />\n<br/>\n<h3>🔍 SEO & Optimization Metadata</h3></div>\n<br/>\n<br/>\n<p>*Keywords: Cryptocurrency Payments, Automated Digital Delivery, Passive Income Systems, Web3 Commerce.*</p>\n\n        <div class=\"wp-promo-section\">\n            <h2>📊 Market Price Analysis</h2>\n            <p>We've analyzed similar products in the <strong>Similar Digital Assets</strong> category to ensure you get the best value.</p>\n            <table class=\"wp-promo-table\">\n                <thead>\n                    <tr>\n                        <th>Product Type</th>\n                        <th>Average Market Price</th>\n                        <th>Our Price</th>\n                        <th>Savings</th>\n                    </tr>\n                </thead>\n                <tbody>\n                    <tr>\n                        <td>Similar Digital Assets</td>\n                        <td>$65.20</td>\n                        <td class=\"wp-promo-highlight\">$29.00</td>\n                        <td class=\"wp-promo-highlight\" style=\"color: #16a34a !important;\">Save $20.00 USD</td>\n                    </tr>\n                    <tr>\n                        <td>Agency License</td>\n                        <td>$129.80</td>\n                        <td>Included</td>\n                        <td style=\"color: #16a34a;\">100% Value</td>\n                    </tr>\n                </tbody>\n            </table>\n            <p><em>* Market data updated 2026-02-20 based on similar Similar Digital Assets listings.</em></p>\n        </div>\n        \n\n            <div class=\"wp-promo-section\" style=\"background: #fff; border: 1px solid #e2e8f0; border-left: none; border-top: 4px solid #3b82f6;\">\n                <h3 style=\"margin-top: 0;\">🔥 Trending Now</h3>\n                <div class=\"wp-promo-grid\">\n            \n\n                <div class=\"wp-promo-card\">\n                    <h4 style=\"margin: 0 0 10px 0; font-size: 1rem;\">900+ Etsy Printables|Worksheets| Digital Downloads ideas in 2026</h4>\n                    <p style=\"font-size: 0.8rem; color: #64748b; margin-bottom: 15px;\">Automated Crypto Delivery</p>\n                    <div style=\"display: flex; justify-content: space-between; align-items: center\">\n                        <span style=\"font-weight: bold; color: #333;\">$29.00</span>\n                        <a href=\"#\" style=\"font-size: 0.8rem; color: #2563eb; text-decoration: none; font-weight: 600;\">View &rarr;</a>\n                    </div>\n                </div>\n                \n\n                <div class=\"wp-promo-card\">\n                    <h4 style=\"margin: 0 0 10px 0; font-size: 1rem;\">5 AI Passive Income Ideas</h4>\n                    <p style=\"font-size: 0.8rem; color: #64748b; margin-bottom: 15px;\">Automated Crypto Delivery</p>\n                    <div style=\"display: flex; justify-content: space-between; align-items: center\">\n                        <span style=\"font-weight: bold; color: #333;\">$29.00</span>\n                        <a href=\"https://metapassiveincome-final.vercel.app/outputs/20260220-132939-5-ai-passive-income-ideas/index.html\" style=\"font-size: 0.8rem; color: #2563eb; text-decoration: none; font-weight: 600;\">View &rarr;</a>\n                    </div>\n                </div>\n                \n\n                <div class=\"wp-promo-card\">\n                    <h4 style=\"margin: 0 0 10px 0; font-size: 1rem;\">Digital Asset Bundle 2026-02-20 11:46</h4>\n                    <p style=\"font-size: 0.8rem; color: #64748b; margin-bottom: 15px;\">Automated Crypto Delivery</p>\n                    <div style=\"display: flex; justify-content: space-between; align-items: center\">\n                        <span style=\"font-weight: bold; color: #333;\">$29.00</span>\n                        <a href=\"https://metapassiveincome-final.vercel.app/outputs/20260220-114637-digital-asset-bundle-2026-02-2/index.html\" style=\"font-size: 0.8rem; color: #2563eb; text-decoration: none; font-weight: 600;\">View &rarr;</a>\n                    </div>\n                </div>\n                \n\n                </div>\n            </div>\n            \n\n    <div class=\"wp-promo-section\">\n        <h2>❓ Frequently Asked Questions</h2>\n        <div style=\"margin-top: 20px;\">\n            <details style=\"margin-bottom: 15px; border-bottom: 1px solid #e2e8f0; padding-bottom: 10px;\">\n                <summary style=\"font-weight: 600; cursor: pointer; color: #333;\">How do I receive the product?</summary>\n                <p style=\"margin-top: 10px; color: #555; font-size: 0.95rem;\">Once your crypto payment is confirmed on the blockchain (usually instantly or within minutes), you will be automatically redirected to your secure download link. No waiting for manual approval.</p>\n            </details>\n            <details style=\"margin-bottom: 15px; border-bottom: 1px solid #e2e8f0; padding-bottom: 10px;\">\n                <summary style=\"font-weight: 600; cursor: pointer; color: #333;\">Is this a one-time payment?</summary>\n                <p style=\"margin-top: 10px; color: #555; font-size: 0.95rem;\">Yes! You pay once ($29.00) and get lifetime access to the file and any future updates we release for this version.</p>\n            </details>\n            <details style=\"margin-bottom: 15px; border-bottom: 1px solid #e2e8f0; padding-bottom: 10px;\">\n                <summary style=\"font-weight: 600; cursor: pointer; color: #333;\">What cryptocurrencies do you accept?</summary>\n                <p style=\"margin-top: 10px; color: #555; font-size: 0.95rem;\">We accept major cryptocurrencies including USDT, USDC, ETH, BTC, and more via our secure payment gateway.</p>\n            </details>\n             <details style=\"margin-bottom: 15px; border-bottom: 1px solid #e2e8f0; padding-bottom: 10px;\">\n                <summary style=\"font-weight: 600; cursor: pointer; color: #333;\">Can I use this for my business?</summary>\n                <p style=\"margin-top: 10px; color: #555; font-size: 0.95rem;\">Absolutely. This asset comes with a commercial use license, allowing you to use it in your personal and client projects.</p>\n            </details>\n        </div>\n    </div>\n    \n\n<div class=\"wp-promo-section\" style=\"background: #f8fafc; border-left: 4px solid #1e293b;\">\n    <h3 style=\"margin-top: 0; color: #1e293b;\">📢 Share this Asset</h3>\n    <p style=\"font-size: 0.9rem; color: #64748b;\">If you find this digital asset valuable, share it with your network. Help others automate their passive income journey!</p>\n    <div style=\"display: flex; gap: 10px; margin-top: 15px;\">\n        <a href=\"https://twitter.com/intent/tweet?text=Check out this amazing digital asset: Как открыть магазин на Etsy и что там продавать в 2026 году...&url=\" target=\"_blank\" style=\"background: #1da1f2; color: white; padding: 8px 16px; border-radius: 8px; font-size: 0.8rem; text-decoration: none;\">Twitter</a>\n        <a href=\"https://www.linkedin.com/sharing/share-offsite/?url=\" target=\"_blank\" style=\"background: #0a66c2; color: white; padding: 8px 16px; border-radius: 8px; font-size: 0.8rem; text-decoration: none;\">LinkedIn</a>\n        <a href=\"https://t.me/share/url?url=&text=Как открыть магазин на Etsy и что там продавать в 2026 году...\" target=\"_blank\" style=\"background: #0088cc; color: white; padding: 8px 16px; border-radius: 8px; font-size: 0.8rem; text-decoration: none;\">Telegram</a>\n    </div>\n</div>\n\n</div>"
  },
  "source": {
    "primary_post": "",
    "newsletter_email": "",
    "seo": ""
  },
  "medium": {
    "content": "# Как открыть магазин на Etsy и что там продавать в 2026 году...: Revolutionizing Digital Asset Delivery with Crypto\n\n### 🚀 Как открыть магазин на Etsy и что там продавать в 2026 году... — crypto-only checkout + instant delivery.\n\nStop losing 3-5% on transaction fees and waiting days for payouts. Our automated delivery system allows you to sell digital products globally, receive payments instantly in cryptocurrency, and fulfill orders automatically without lifting a finger.\n\n[![Product Visual Preview](https://images.unsplash.com/featured/?Как+открыть+магазин+на+Etsy+и+что+там+продавать+в+2026+году...,technology,business)](#)\n*[View Live Preview & Secure Checkout](#)*\n\n## 💎 Why Choose MetaPassiveIncome Systems?\nTraditional payment processors often freeze accounts or delay funds for digital sellers. By switching to a crypto-first model, you regain control over your revenue stream.\n\n### ⚡ Instant Global Fulfillment\nNo more manual emailing or manual download links. Once the blockchain confirms the payment, your customer receives their assets immediately. High satisfaction, zero overhead.\n\n### 🛡️ Chargeback-Proof Revenue\nDigital product sellers are frequently targeted by friendly fraud. Crypto payments are final, protecting your business from malicious chargebacks and disputes.\n\n## 🛠 What's Included in This Package\n- **Premium Digital Asset:** High-value content ready for immediate use.\n- **Automated Sales Pipeline:** Pre-configured setup for crypto-only checkout.\n- **Global Compliance Guide:** Best practices for operating in the borderless digital economy.\n\n## 📈 Growth & Scalability\nWhether you're selling one-off downloads or recurring digital access, this system scales with you. No merchant account applications, no credit checks, just pure commerce.\n\n### [🔥 Get Instant Access to Как открыть магазин на Etsy и что там продавать в 2026 году... Now](#)\n\n---\n\n### 🔍 SEO & Optimization Metadata\n\n\n*Keywords: Cryptocurrency Payments, Automated Digital Delivery, Passive Income Systems, Web3 Commerce.*\n"
  },
  "blogger": {
    "content": "\n<style>\n    .wp-promo-container { font-family: 'Inter', -apple-system, BlinkMacSystemFont, \"Segoe UI\", Roboto, sans-serif; line-height: 1.6; color: #333; max-width: 800px; margin: 0 auto; }\n    .wp-promo-header { text-align: center; margin-bottom: 40px; padding: 20px; background: linear-gradient(135deg, #f8fafc 0%, #f1f5f9 100%); border-radius: 16px; }\n    .wp-promo-header h1 { color: #1e293b; font-size: 2.5rem; margin-bottom: 16px; font-weight: 800; }\n    .wp-promo-header h3 { color: #64748b; font-size: 1.25rem; font-weight: 400; }\n    .wp-promo-image { width: 100%; border-radius: 12px; box-shadow: 0 10px 25px -5px rgba(0,0,0,0.1); margin: 30px 0; transition: transform 0.3s ease; }\n    .wp-promo-image:hover { transform: translateY(-5px); }\n    .wp-promo-cta { display: block; background: #2563eb; color: #ffffff !important; text-align: center; padding: 18px 32px; border-radius: 12px; font-weight: 700; font-size: 1.25rem; text-decoration: none !important; margin: 40px 0; box-shadow: 0 4px 14px 0 rgba(37, 99, 235, 0.39); }\n    .wp-promo-cta:hover { background: #1d4ed8; transform: scale(1.02); }\n    .wp-promo-section { margin: 40px 0; padding: 20px; border-left: 4px solid #3b82f6; background: #f0f9ff; border-radius: 0 12px 12px 0; }\n    .wp-promo-section h2 { color: #1e3a8a; margin-top: 0; }\n    .wp-promo-grid { display: grid; grid-template-columns: 1fr 1fr; gap: 20px; margin: 30px 0; }\n    @media (max-width: 600px) { .wp-promo-grid { grid-template-columns: 1fr; } }\n    .wp-promo-card { padding: 20px; border: 1px solid #e2e8f0; border-radius: 12px; background: white; }\n    .wp-promo-footer { margin-top: 60px; padding-top: 30px; border-top: 1px solid #e2e8f0; color: #94a3b8; font-size: 0.875rem; }\n    .wp-promo-table { width: 100%; border-collapse: collapse; margin: 30px 0; font-size: 0.95rem; }\n    .wp-promo-table th { background: #f8fafc; padding: 12px; border: 1px solid #e2e8f0; text-align: left; font-weight: 600; color: #475569; }\n    .wp-promo-table td { padding: 12px; border: 1px solid #e2e8f0; color: #334155; }\n    .wp-promo-table tr:nth-child(even) { background: #fcfcfc; }\n    .wp-promo-highlight { background: #eff6ff !important; font-weight: 600; color: #2563eb !important; }\n</style>\n<div class=\"wp-promo-container\">\n\n<div class=\"wp-promo-header\"><h1>Как открыть магазин на Etsy и что там продавать в 2026 году...: Revolutionizing Digital Asset Delivery with Crypto</h1>\n<br/>\n<h3>🚀 Как открыть магазин на Etsy и что там продавать в 2026 году... — crypto-only checkout + instant delivery.</h3></div>\n<br/>\n<p>Stop losing 3-5% on transaction fees and waiting days for payouts. Our automated delivery system allows you to sell digital products globally, receive payments instantly in cryptocurrency, and fulfill orders automatically without lifting a finger.</p>\n<br/>\n<a href=\"#\"><img src=\"https://images.unsplash.com/featured/?Как+открыть+магазин+на+Etsy+и+что+там+продавать+в+2026+году...,technology,business\" alt=\"Product Visual Preview\" class=\"wp-promo-image\" /></a>\n<p>*<a href=\"#\" style=\"color: #2563eb; text-decoration: underline; font-weight: 600;\">View Live Preview & Secure Checkout</a>*</p>\n<br/>\n<div class=\"wp-promo-section\"><h2>💎 Why Choose MetaPassiveIncome Systems?</h2>\n<p>Traditional payment processors often freeze accounts or delay funds for digital sellers. By switching to a crypto-first model, you regain control over your revenue stream.</p>\n<br/>\n<h3>⚡ Instant Global Fulfillment</h3></div>\n<p>No more manual emailing or manual download links. Once the blockchain confirms the payment, your customer receives their assets immediately. High satisfaction, zero overhead.</p>\n<br/>\n<h3>🛡️ Chargeback-Proof Revenue</h3></div>\n<p>Digital product sellers are frequently targeted by friendly fraud. Crypto payments are final, protecting your business from malicious chargebacks and disputes.</p>\n<br/>\n<div class=\"wp-promo-section\"><h2>🛠 What's Included in This Package</h2>\n<ul>\n<li>**Premium Digital Asset:** High-value content ready for immediate use.</li>\n<li>**Automated Sales Pipeline:** Pre-configured setup for crypto-only checkout.</li>\n<li>**Global Compliance Guide:** Best practices for operating in the borderless digital economy.</li>\n</ul>\n<br/>\n<div class=\"wp-promo-section\"><h2>📈 Growth & Scalability</h2>\n<p>Whether you're selling one-off downloads or recurring digital access, this system scales with you. No merchant account applications, no credit checks, just pure commerce.</p>\n<br/>\n<h3>[🔥 Get Instant Access to Как открыть магазин на Etsy и что там продавать в 2026 году... Now](#)</h3></div>\n<br/>\n<hr style=\"border: 0; height: 1px; background: #e2e8f0; margin: 40px 0;\" />\n<br/>\n<h3>🔍 SEO & Optimization Metadata</h3></div>\n<br/>\n<br/>\n<p>*Keywords: Cryptocurrency Payments, Automated Digital Delivery, Passive Income Systems, Web3 Commerce.*</p>\n\n        <div class=\"wp-promo-section\">\n            <h2>📊 Market Price Analysis</h2>\n            <p>We've analyzed similar products in the <strong>Similar Digital Assets</strong> category to ensure you get the best value.</p>\n            <table class=\"wp-promo-table\">\n                <thead>\n                    <tr>\n                        <th>Product Type</th>\n                        <th>Average Market Price</th>\n                        <th>Our Price</th>\n                        <th>Savings</th>\n                    </tr>\n                </thead>\n                <tbody>\n                    <tr>\n                        <td>Similar Digital Assets</td>\n                        <td>$65.20</td>\n                        <td class=\"wp-promo-highlight\">$29.00</td>\n                        <td class=\"wp-promo-highlight\" style=\"color: #16a34a !important;\">Save $20.00 USD</td>\n                    </tr>\n                    <tr>\n                        <td>Agency License</td>\n                        <td>$129.80</td>\n                        <td>Included</td>\n                        <td style=\"color: #16a34a;\">100% Value</td>\n                    </tr>\n                </tbody>\n            </table>\n            <p><em>* Market data updated 2026-02-20 based on similar Similar Digital Assets listings.</em></p>\n        </div>\n        \n\n            <div class=\"wp-promo-section\" style=\"background: #fff; border: 1px solid #e2e8f0; border-left: none; border-top: 4px solid #3b82f6;\">\n                <h3 style=\"margin-top: 0;\">🔥 Trending Now</h3>\n                <div class=\"wp-promo-grid\">\n            \n\n                <div class=\"wp-promo-card\">\n                    <h4 style=\"margin: 0 0 10px 0; font-size: 1rem;\">900+ Etsy Printables|Worksheets| Digital Downloads ideas in 2026</h4>\n                    <p style=\"font-size: 0.8rem; color: #64748b; margin-bottom: 15px;\">Automated Crypto Delivery</p>\n                    <div style=\"display: flex; justify-content: space-between; align-items: center\">\n                        <span style=\"font-weight: bold; color: #333;\">$29.00</span>\n                        <a href=\"#\" style=\"font-size: 0.8rem; color: #2563eb; text-decoration: none; font-weight: 600;\">View &rarr;</a>\n                    </div>\n                </div>\n                \n\n                <div class=\"wp-promo-card\">\n                    <h4 style=\"margin: 0 0 10px 0; font-size: 1rem;\">5 AI Passive Income Ideas</h4>\n                    <p style=\"font-size: 0.8rem; color: #64748b; margin-bottom: 15px;\">Automated Crypto Delivery</p>\n                    <div style=\"display: flex; justify-content: space-between; align-items: center\">\n                        <span style=\"font-weight: bold; color: #333;\">$29.00</span>\n                        <a href=\"https://metapassiveincome-final.vercel.app/outputs/20260220-132939-5-ai-passive-income-ideas/index.html\" style=\"font-size: 0.8rem; color: #2563eb; text-decoration: none; font-weight: 600;\">View &rarr;</a>\n                    </div>\n                </div>\n                \n\n                <div class=\"wp-promo-card\">\n                    <h4 style=\"margin: 0 0 10px 0; font-size: 1rem;\">Digital Asset Bundle 2026-02-20 11:46</h4>\n                    <p style=\"font-size: 0.8rem; color: #64748b; margin-bottom: 15px;\">Automated Crypto Delivery</p>\n                    <div style=\"display: flex; justify-content: space-between; align-items: center\">\n                        <span style=\"font-weight: bold; color: #333;\">$29.00</span>\n                        <a href=\"https://metapassiveincome-final.vercel.app/outputs/20260220-114637-digital-asset-bundle-2026-02-2/index.html\" style=\"font-size: 0.8rem; color: #2563eb; text-decoration: none; font-weight: 600;\">View &rarr;</a>\n                    </div>\n                </div>\n                \n\n                </div>\n            </div>\n            \n\n    <div class=\"wp-promo-section\">\n        <h2>❓ Frequently Asked Questions</h2>\n        <div style=\"margin-top: 20px;\">\n            <details style=\"margin-bottom: 15px; border-bottom: 1px solid #e2e8f0; padding-bottom: 10px;\">\n                <summary style=\"font-weight: 600; cursor: pointer; color: #333;\">How do I receive the product?</summary>\n                <p style=\"margin-top: 10px; color: #555; font-size: 0.95rem;\">Once your crypto payment is confirmed on the blockchain (usually instantly or within minutes), you will be automatically redirected to your secure download link. No waiting for manual approval.</p>\n            </details>\n            <details style=\"margin-bottom: 15px; border-bottom: 1px solid #e2e8f0; padding-bottom: 10px;\">\n                <summary style=\"font-weight: 600; cursor: pointer; color: #333;\">Is this a one-time payment?</summary>\n                <p style=\"margin-top: 10px; color: #555; font-size: 0.95rem;\">Yes! You pay once ($29.00) and get lifetime access to the file and any future updates we release for this version.</p>\n            </details>\n            <details style=\"margin-bottom: 15px; border-bottom: 1px solid #e2e8f0; padding-bottom: 10px;\">\n                <summary style=\"font-weight: 600; cursor: pointer; color: #333;\">What cryptocurrencies do you accept?</summary>\n                <p style=\"margin-top: 10px; color: #555; font-size: 0.95rem;\">We accept major cryptocurrencies including USDT, USDC, ETH, BTC, and more via our secure payment gateway.</p>\n            </details>\n             <details style=\"margin-bottom: 15px; border-bottom: 1px solid #e2e8f0; padding-bottom: 10px;\">\n                <summary style=\"font-weight: 600; cursor: pointer; color: #333;\">Can I use this for my business?</summary>\n                <p style=\"margin-top: 10px; color: #555; font-size: 0.95rem;\">Absolutely. This asset comes with a commercial use license, allowing you to use it in your personal and client projects.</p>\n            </details>\n        </div>\n    </div>\n    \n\n<div class=\"wp-promo-section\" style=\"background: #f8fafc; border-left: 4px solid #1e293b;\">\n    <h3 style=\"margin-top: 0; color: #1e293b;\">📢 Share this Asset</h3>\n    <p style=\"font-size: 0.9rem; color: #64748b;\">If you find this digital asset valuable, share it with your network. Help others automate their passive income journey!</p>\n    <div style=\"display: flex; gap: 10px; margin-top: 15px;\">\n        <a href=\"https://twitter.com/intent/tweet?text=Check out this amazing digital asset: Как открыть магазин на Etsy и что там продавать в 2026 году...&url=\" target=\"_blank\" style=\"background: #1da1f2; color: white; padding: 8px 16px; border-radius: 8px; font-size: 0.8rem; text-decoration: none;\">Twitter</a>\n        <a href=\"https://www.linkedin.com/sharing/share-offsite/?url=\" target=\"_blank\" style=\"background: #0a66c2; color: white; padding: 8px 16px; border-radius: 8px; font-size: 0.8rem; text-decoration: none;\">LinkedIn</a>\n        <a href=\"https://t.me/share/url?url=&text=Как открыть магазин на Etsy и что там продавать в 2026 году...\" target=\"_blank\" style=\"background: #0088cc; color: white; padding: 8px 16px; border-radius: 8px; font-size: 0.8rem; text-decoration: none;\">Telegram</a>\n    </div>\n</div>\n\n</div>"
  },
  "x": {
    "status": "New Asset: Как открыть магазин на Etsy и что там продавать в 2026 году...\nКак открыть магазин на Etsy и что там продавать в 2026 году... — crypto-only checkout + instant delivery.\n"
  },
  "instagram": {
    "caption": "🚀 Как открыть магазин на Etsy и что там продавать в 2026 году...\n\nКак открыть магазин на Etsy и что там продавать в 2026 году... — crypto-only checkout + instant delivery.\n\n🔗 Get it now: \n\n#crypto #digitalassets #passiveincome #automation #web3"
  },
  "reddit": {
    "title": "Как открыть магазин на Etsy и что там продавать в 2026 году...",
    "post": "### Как открыть магазин на Etsy и что там продавать в 2026 году...\n\nКак открыть магазин на Etsy и что там продавать в 2026 году... — crypto-only checkout + instant delivery.\n\n[Download Here]()\n\n*This is an automated delivery system via crypto.*"
  },
  "linkedin": {
    "post": "I'm excited to share my latest digital asset: Как открыть магазин на Etsy и что там продавать в 2026 году....\n\nКак открыть магазин на Etsy и что там продавать в 2026 году... — crypto-only checkout + instant delivery.\n\nRead more here: \n\n#Automation #DigitalProducts #Crypto"
  },
  "tiktok": {
    "script": "🎬 TikTok Content Script: Как открыть магазин на Etsy и что там продавать в 2026 году...\n0-3s (Hook): Как открыть магазин на Etsy и что там продавать в 2026 году... — crypto-only checkout + instant delivery.\n3-10s (Problem): Why traditional digital products fail (slow delivery, high fees).\n10-25s (Solution): Instant crypto checkout + immediate PDF access.\n25-30s (CTA): Link in bio -> \n"
  },
  "youtube_shorts": {
    "script": "🎥 YouTube Shorts: Как открыть магазин на Etsy и что там продавать в 2026 году...\nTitle: How to automate Как открыть магазин на Etsy и что там продавать в 2026 году... 💸\nHook: Как открыть магазин на Etsy и что там продавать в 2026 году... — crypto-only checkout + instant delivery.\nSteps:\n1. Choose asset\n2. Pay with Crypto\n3. Get link\nLink in pinned comment: \n"
  }
}