{
  "product_id": "20260213-102909-saas-waitlist-pre-launch-landi",
  "output_dir": "d:\\auto\\MetaPassiveIncome_FINAL\\outputs\\20260213-102909-saas-waitlist-pre-launch-landi",
  "main_asset": "d:\\auto\\MetaPassiveIncome_FINAL\\outputs\\20260213-102909-saas-waitlist-pre-launch-landi\\index.html",
  "schema_path": "d:\\auto\\MetaPassiveIncome_FINAL\\outputs\\20260213-102909-saas-waitlist-pre-launch-landi\\product_schema.json",
  "main_content_path": "d:\\auto\\MetaPassiveIncome_FINAL\\outputs\\20260213-102909-saas-waitlist-pre-launch-landi\\product.md",
  "checksum": "24fcdc3134ef753a5180f298c614e3d8e56dbd0c03a6bc8cf17abed84b3a0e0c",
  "generated_at": "20260213-102909",
  "status": "GENERATED_SUCCESS",
  "schema_driven": true,
  "notes": [
    "스키마 기반 생성 (product_schema.json)",
    "단일 파일 랜딩 페이지 (CSS/JS 내장)",
    "데이터 액션 라우터를 통한 버튼 기능"
  ]
}