{
  "product_id": "20260220-052629-dao-governance-101-how-to-laun",
  "output_dir": "d:\\auto\\MetaPassiveIncome_FINAL\\outputs\\20260220-052629-dao-governance-101-how-to-laun",
  "main_asset": "d:\\auto\\MetaPassiveIncome_FINAL\\outputs\\20260220-052629-dao-governance-101-how-to-laun\\index.html",
  "schema_path": "d:\\auto\\MetaPassiveIncome_FINAL\\outputs\\20260220-052629-dao-governance-101-how-to-laun\\product_schema.json",
  "main_content_path": "d:\\auto\\MetaPassiveIncome_FINAL\\outputs\\20260220-052629-dao-governance-101-how-to-laun\\product.pdf",
  "checksum": "4ef2c329bd0e201d7c72a220b4d70754b4b27fcbe914c9ae927b4333285d343b",
  "generated_at": "20260220-052641",
  "status": "GENERATED_SUCCESS",
  "schema_driven": true,
  "notes": [
    "스키마 기반 생성 (product_schema.json)",
    "단일 파일 랜딩 페이지 (CSS/JS 내장)",
    "데이터 액션 라우터를 통한 버튼 기능"
  ]
}