{
  "product_id": "20260220-052629-dao-governance-101-how-to-laun",
  "title": "Unlock Your Passive Income with DAO Governance 101: How to Launch and Manage a Decentralized Org",
  "target_customer": "Creators and merchants interested in DAO Governance 101: How to Launch and Manage a Decentralized Org",
  "value_proposition": "Leverage AI to create and sell digital products based on: DAO Governance 101: How to Launch and Manage a Decentralized Org",
  "sections": {
    "hero": {
      "headline": "Unlock Your Passive Income with DAO Governance 101: How to Launch and Manage a Decentralized Org",
      "subheadline": "Leverage AI to create and sell digital products based on: DAO Governance 101: How to Launch and Manage a Decentralized Org"
    },
    "problem": {
      "description": "Traditional digital commerce is plagued by high fees, slow settlements, and platform risk. Web3 offers a solution, but technical complexity prevents mass adoption."
    },
    "solution": {
      "description": "A hardened Web3 commerce stack that simplifies crypto payments, token-gated access, and decentralized delivery. Designed for the next generation of digital entrepreneurs."
    },
    "features": [
      "Multi-chain crypto payment gateway for DAO Governance 101: How to Launch and Manage a Decentralized Org",
      "Automated token-gating & access control for DAO Governance 101: How to Launch and Manage a Decentralized Org",
      "Non-custodial digital asset delivery for DAO Governance 101: How to Launch and Manage a Decentralized Org",
      "Real-time blockchain event monitoring for DAO Governance 101: How to Launch and Manage a Decentralized Org",
      "Gas-optimized smart contract templates for DAO Governance 101: How to Launch and Manage a Decentralized Org"
    ],
    "benefits": [
      "Ship faster with ready DAO Governance 101: How to Launch and Manage a Decentralized Org templates",
      "Increase conversion with clear DAO Governance 101: How to Launch and Manage a Decentralized Org value prop",
      "Operate with predictable DAO Governance 101: How to Launch and Manage a Decentralized Org delivery flow",
      "Scale experimentation with simple DAO Governance 101: How to Launch and Manage a Decentralized Org A/B hooks"
    ],
    "pricing": {
      "tier_name": "Standard Access",
      "price": "$29"
    },
    "faq": [
      {
        "q": "What is included?",
        "a": "You get the full landing page, the DAO Governance 101: How to Launch and Manage a Decentralized Org guide, and automated delivery setup."
      },
      {
        "q": "How do I deploy?",
        "a": "Upload to Vercel, Netlify, or any static host. No backend needed."
      },
      {
        "q": "Is it secure?",
        "a": "Yes, it uses wallet-based authentication for delivery gating."
      }
    ],
    "cta": {
      "text": "Get Started Now"
    },
    "design": {
      "theme": "saas",
      "primary_color": "#ef4444",
      "secondary_color": "#ef4444",
      "font_family": "system-ui, sans-serif",
      "layout_style": "professional"
    }
  },
  "assets": {
    "main_content_file": "product.pdf",
    "landing_page": "index.html"
  }
}