{
  "product_id": "20260220-034618-2026-guide-38-popular-digital",
  "output_dir": "d:\\auto\\MetaPassiveIncome_FINAL\\outputs\\20260220-034618-2026-guide-38-popular-digital",
  "main_asset": "d:\\auto\\MetaPassiveIncome_FINAL\\outputs\\20260220-034618-2026-guide-38-popular-digital\\index.html",
  "schema_path": "d:\\auto\\MetaPassiveIncome_FINAL\\outputs\\20260220-034618-2026-guide-38-popular-digital\\product_schema.json",
  "main_content_path": "d:\\auto\\MetaPassiveIncome_FINAL\\outputs\\20260220-034618-2026-guide-38-popular-digital\\product.pdf",
  "checksum": "07995362b17cde16b6d0a87fa2b2e99ffca0056116df89429d5d703ebe6c755d",
  "generated_at": "20260220-034627",
  "status": "GENERATED_SUCCESS",
  "schema_driven": true,
  "notes": [
    "스키마 기반 생성 (product_schema.json)",
    "단일 파일 랜딩 페이지 (CSS/JS 내장)",
    "데이터 액션 라우터를 통한 버튼 기능"
  ]
}