{
  "product_id": "20260219-032754-720-business-2-ideas-to-save-i",
  "title": "Unlock Your Passive Income with 720 Business 2 ideas to save in 2026",
  "target_customer": "Creators and merchants interested in 720 Business 2 ideas to save in 2026",
  "value_proposition": "Leverage AI to create and sell digital products based on: 720 Business 2 ideas to save in 2026",
  "sections": {
    "hero": {
      "headline": "Unlock Your Passive Income with 720 Business 2 ideas to save in 2026",
      "subheadline": "Leverage AI to create and sell digital products based on: 720 Business 2 ideas to save in 2026"
    },
    "problem": {
      "description": "Creating and selling digital products is complex and time-consuming. Most creators fail due to technical friction and lack of a structured system."
    },
    "solution": {
      "description": "A professional-grade implementation system that handles everything from landing to delivery. Focus on your content, we handle the infrastructure."
    },
    "features": [
      "One-file deployment architecture for 720 Business 2 ideas to save in 2026",
      "Secure token-gated delivery for 720 Business 2 ideas to save in 2026",
      "Conversion-optimized landing components for 720 Business 2 ideas to save in 2026",
      "Built-in analytics & tracking for 720 Business 2 ideas to save in 2026",
      "Automated promotion asset generator for 720 Business 2 ideas to save in 2026"
    ],
    "benefits": [
      "Ship faster with ready 720 Business 2 ideas to save in 2026 templates",
      "Increase conversion with clear 720 Business 2 ideas to save in 2026 value prop",
      "Operate with predictable 720 Business 2 ideas to save in 2026 delivery flow",
      "Scale experimentation with simple 720 Business 2 ideas to save in 2026 A/B hooks"
    ],
    "pricing": {
      "tier_name": "Standard Access",
      "price": "$49.00"
    },
    "faq": [
      {
        "q": "What is included?",
        "a": "You get the full landing page, the 720 Business 2 ideas to save in 2026 guide, and automated delivery setup."
      },
      {
        "q": "How do I deploy?",
        "a": "Upload to Vercel, Netlify, or any static host. No backend needed."
      },
      {
        "q": "Is it secure?",
        "a": "Yes, it uses wallet-based authentication for delivery gating."
      }
    ],
    "cta": {
      "text": "Get Started Now"
    },
    "design": {
      "theme": "landing",
      "primary_color": "#ef4444",
      "secondary_color": "#ef4444",
      "font_family": "system-ui, sans-serif",
      "layout_style": "professional"
    }
  },
  "assets": {
    "main_content_file": "product.pdf",
    "landing_page": "index.html"
  }
}