{
  "product_id": "20260213-151204-saas-사전등록-대기자-명단-페이지",
  "output_dir": "d:\\auto\\MetaPassiveIncome_FINAL\\outputs\\20260213-151204-saas-사전등록-대기자-명단-페이지",
  "main_asset": "d:\\auto\\MetaPassiveIncome_FINAL\\outputs\\20260213-151204-saas-사전등록-대기자-명단-페이지\\index.html",
  "schema_path": "d:\\auto\\MetaPassiveIncome_FINAL\\outputs\\20260213-151204-saas-사전등록-대기자-명단-페이지\\product_schema.json",
  "main_content_path": "d:\\auto\\MetaPassiveIncome_FINAL\\outputs\\20260213-151204-saas-사전등록-대기자-명단-페이지\\product.md",
  "checksum": "2271871cc158146b213c08445112faccf8508ac5145c6bf1a1abaf582d130d01",
  "generated_at": "20260213-151204",
  "status": "GENERATED_SUCCESS",
  "schema_driven": true,
  "notes": [
    "스키마 기반 생성 (product_schema.json)",
    "단일 파일 랜딩 페이지 (CSS/JS 내장)",
    "데이터 액션 라우터를 통한 버튼 기능"
  ]
}