{
  "product_id": "20260221-133812-digital-asset-bundle-2026-02-2",
  "output_dir": "d:\\auto\\MetaPassiveIncome_FINAL\\outputs\\20260221-133812-digital-asset-bundle-2026-02-2",
  "main_asset": "d:\\auto\\MetaPassiveIncome_FINAL\\outputs\\20260221-133812-digital-asset-bundle-2026-02-2\\index.html",
  "schema_path": "d:\\auto\\MetaPassiveIncome_FINAL\\outputs\\20260221-133812-digital-asset-bundle-2026-02-2\\product_schema.json",
  "main_content_path": "d:\\auto\\MetaPassiveIncome_FINAL\\outputs\\20260221-133812-digital-asset-bundle-2026-02-2\\product.pdf",
  "checksum": "141cd0a3064c7b0764609c11835ed5d09ced3d5a621bb4fc96256df6896512db",
  "generated_at": "20260221-133827",
  "status": "GENERATED_SUCCESS",
  "schema_driven": true,
  "notes": [
    "스키마 기반 생성 (product_schema.json)",
    "단일 파일 랜딩 페이지 (CSS/JS 내장)",
    "데이터 액션 라우터를 통한 버튼 기능"
  ]
}