{
  "product_id": "20260213-112133-saas-demo-request-landing-page",
  "output_dir": "d:\\auto\\MetaPassiveIncome_FINAL\\outputs\\20260213-112133-saas-demo-request-landing-page",
  "main_asset": "d:\\auto\\MetaPassiveIncome_FINAL\\outputs\\20260213-112133-saas-demo-request-landing-page\\index.html",
  "schema_path": "d:\\auto\\MetaPassiveIncome_FINAL\\outputs\\20260213-112133-saas-demo-request-landing-page\\product_schema.json",
  "main_content_path": "d:\\auto\\MetaPassiveIncome_FINAL\\outputs\\20260213-112133-saas-demo-request-landing-page\\product.md",
  "checksum": "f8904a0f6c4a9dfe6b0e922712f390bd39dd9a02013e567f23876599ed73008c",
  "generated_at": "20260213-112133",
  "status": "GENERATED_SUCCESS",
  "schema_driven": true,
  "notes": [
    "스키마 기반 생성 (product_schema.json)",
    "단일 파일 랜딩 페이지 (CSS/JS 내장)",
    "데이터 액션 라우터를 통한 버튼 기능"
  ]
}