{
  "product_id": "20260213-153033-saas-waitlist-coming-soon-page",
  "output_dir": "d:\\auto\\MetaPassiveIncome_FINAL\\outputs\\20260213-153033-saas-waitlist-coming-soon-page",
  "main_asset": "d:\\auto\\MetaPassiveIncome_FINAL\\outputs\\20260213-153033-saas-waitlist-coming-soon-page\\index.html",
  "schema_path": "d:\\auto\\MetaPassiveIncome_FINAL\\outputs\\20260213-153033-saas-waitlist-coming-soon-page\\product_schema.json",
  "main_content_path": "d:\\auto\\MetaPassiveIncome_FINAL\\outputs\\20260213-153033-saas-waitlist-coming-soon-page\\product.md",
  "checksum": "6ee2bda6d5876cf60dc80e5edc9de45fcb78b3b78f2fe388b8f7d7c4c025c17e",
  "generated_at": "20260213-153033",
  "status": "GENERATED_SUCCESS",
  "schema_driven": true,
  "notes": [
    "스키마 기반 생성 (product_schema.json)",
    "단일 파일 랜딩 페이지 (CSS/JS 내장)",
    "데이터 액션 라우터를 통한 버튼 기능"
  ]
}