{
  "product_id": "20260215-122558-crypto-ai-trading-signals",
  "created_at": "2026-02-15T03:26:04Z",
  "dry_run": false,
  "sent": [
    {
      "channel": "blog_wordpress",
      "ok": true,
      "msg": "status=201, wp_status=publish, post_id=643"
    },
    {
      "channel": "x_api",
      "ok": true,
      "resp": null,
      "note": "mock_or_missing_keys"
    },
    {
      "channel": "pinterest",
      "ok": true,
      "note": "disabled"
    },
    {
      "channel": "reddit",
      "ok": false,
      "msg": "no_webhook_url"
    },
    {
      "channel": "linkedin",
      "ok": false,
      "msg": "no_webhook_url"
    },
    {
      "channel": "telegram",
      "ok": true,
      "note": "disabled"
    },
    {
      "channel": "discord",
      "ok": true,
      "note": "disabled"
    },
    {
      "channel": "instagram",
      "ok": true,
      "note": "disabled"
    },
    {
      "channel": "tiktok",
      "ok": true,
      "note": "disabled"
    },
    {
      "channel": "youtube_shorts",
      "ok": true,
      "note": "disabled"
    }
  ]
}
