{
  "ok": false,
  "results": {
    "en": {
      "ok": "false",
      "error": "KeyError: \"Style 'Code' already defined in stylesheet\"",
      "pdf_path": "d:\\auto\\MetaPassiveIncome_FINAL\\outputs\\20260207-153444-프리랜서-컨설턴트-서비스-소개-페이지\\product_en.pdf"
    },
    "ko": {
      "ok": "false",
      "error": "KeyError: \"Style 'Code' already defined in stylesheet\"",
      "pdf_path": "d:\\auto\\MetaPassiveIncome_FINAL\\outputs\\20260207-153444-프리랜서-컨설턴트-서비스-소개-페이지\\product_ko.pdf"
    }
  }
}