{
  "product_id": "20260220-023845-best-digital-product-ideas-202",
  "title": "Unlock Your Passive Income with Best Digital Product Ideas 2026 for Online Success",
  "target_customer": "Creators and merchants interested in Best Digital Product Ideas 2026 for Online Success",
  "value_proposition": "Leverage AI to create and sell digital products based on: Best Digital Product Ideas 2026 for Online Success",
  "sections": {
    "hero": {
      "headline": "Unlock Your Passive Income with Best Digital Product Ideas 2026 for Online Success",
      "subheadline": "Leverage AI to create and sell digital products based on: Best Digital Product Ideas 2026 for Online Success"
    },
    "problem": {
      "description": "Generic e-commerce stores fail to build trust and suffer from high cart abandonment. Without a high-performance storefront, conversion remains stagnant."
    },
    "solution": {
      "description": "A conversion-optimized e-commerce engine with mobile-first UI, friction-free checkout, and built-in trust triggers. Built for modern digital merchants."
    },
    "features": [
      "Mobile-optimized high-speed landing UI for Best Digital Product Ideas 2026 for Online Success",
      "Trust-building proof & badge templates for Best Digital Product Ideas 2026 for Online Success",
      "Frictionless 1-click checkout flow for Best Digital Product Ideas 2026 for Online Success",
      "Automated order confirmation & tracking for Best Digital Product Ideas 2026 for Online Success",
      "Urgency & scarcity trigger system for Best Digital Product Ideas 2026 for Online Success"
    ],
    "benefits": [
      "Ship faster with ready Best Digital Product Ideas 2026 for Online Success templates",
      "Increase conversion with clear Best Digital Product Ideas 2026 for Online Success value prop",
      "Operate with predictable Best Digital Product Ideas 2026 for Online Success delivery flow",
      "Scale experimentation with simple Best Digital Product Ideas 2026 for Online Success A/B hooks"
    ],
    "pricing": {
      "tier_name": "Standard Access",
      "price": "$19.00"
    },
    "faq": [
      {
        "q": "What is included?",
        "a": "You get the full landing page, the Best Digital Product Ideas 2026 for Online Success guide, and automated delivery setup."
      },
      {
        "q": "How do I deploy?",
        "a": "Upload to Vercel, Netlify, or any static host. No backend needed."
      },
      {
        "q": "Is it secure?",
        "a": "Yes, it uses wallet-based authentication for delivery gating."
      }
    ],
    "cta": {
      "text": "Get Started Now"
    },
    "design": {
      "theme": "landing",
      "primary_color": "#10b981",
      "secondary_color": "#10b981",
      "font_family": "Inter, sans-serif",
      "layout_style": "minimalist"
    }
  },
  "assets": {
    "main_content_file": "product.pdf",
    "landing_page": "index.html"
  }
}