{
  "product_id": "20260220-012800-anti-fraud-chargeback-free-sal",
  "output_dir": "d:\\auto\\MetaPassiveIncome_FINAL\\outputs\\20260220-012800-anti-fraud-chargeback-free-sal",
  "main_asset": "d:\\auto\\MetaPassiveIncome_FINAL\\outputs\\20260220-012800-anti-fraud-chargeback-free-sal\\index.html",
  "schema_path": "d:\\auto\\MetaPassiveIncome_FINAL\\outputs\\20260220-012800-anti-fraud-chargeback-free-sal\\product_schema.json",
  "main_content_path": "d:\\auto\\MetaPassiveIncome_FINAL\\outputs\\20260220-012800-anti-fraud-chargeback-free-sal\\product.pdf",
  "checksum": "94382dc000cc9d3d3666634cb7223e7b0220b382182ef2aa1e75c69f650364c5",
  "generated_at": "20260220-012816",
  "status": "GENERATED_SUCCESS",
  "schema_driven": true,
  "notes": [
    "스키마 기반 생성 (product_schema.json)",
    "단일 파일 랜딩 페이지 (CSS/JS 내장)",
    "데이터 액션 라우터를 통한 버튼 기능"
  ]
}