{
  "product_id": "20260220-012800-anti-fraud-chargeback-free-sal",
  "title": "Unlock Your Passive Income with Anti-Fraud & Chargeback-Free Sales System Using Crypto Payments",
  "target_customer": "Creators and merchants interested in Anti-Fraud & Chargeback-Free Sales System Using Crypto Payments",
  "value_proposition": "Leverage AI to create and sell digital products based on: Anti-Fraud & Chargeback-Free Sales System Using Crypto Payments",
  "sections": {
    "hero": {
      "headline": "Unlock Your Passive Income with Anti-Fraud & Chargeback-Free Sales System Using Crypto Payments",
      "subheadline": "Leverage AI to create and sell digital products based on: Anti-Fraud & Chargeback-Free Sales System Using Crypto Payments"
    },
    "problem": {
      "description": "Financial operators struggle with manual reporting, volatile fees, and complex compliance. Without a professional system, trust decays and conversion drops."
    },
    "solution": {
      "description": "A hardened financial toolkit with automated tracking, fee-optimized checkout, and built-in compliance checklists. Designed for high-trust transactions."
    },
    "features": [
      "Fee-optimized wallet checkout for Anti-Fraud & Chargeback-Free Sales System Using Crypto Payments",
      "Automated transaction reconciliation log for Anti-Fraud & Chargeback-Free Sales System Using Crypto Payments",
      "Compliance & Tax reporting templates for Anti-Fraud & Chargeback-Free Sales System Using Crypto Payments",
      "Real-time network fee estimator for Anti-Fraud & Chargeback-Free Sales System Using Crypto Payments",
      "Secure, idempotent delivery system for Anti-Fraud & Chargeback-Free Sales System Using Crypto Payments"
    ],
    "benefits": [
      "Ship faster with ready Anti-Fraud & Chargeback-Free Sales System Using Crypto Payments templates",
      "Increase conversion with clear Anti-Fraud & Chargeback-Free Sales System Using Crypto Payments value prop",
      "Operate with predictable Anti-Fraud & Chargeback-Free Sales System Using Crypto Payments delivery flow",
      "Scale experimentation with simple Anti-Fraud & Chargeback-Free Sales System Using Crypto Payments A/B hooks"
    ],
    "pricing": {
      "tier_name": "Standard Access",
      "price": "$29.00"
    },
    "faq": [
      {
        "q": "What is included?",
        "a": "You get the full landing page, the Anti-Fraud & Chargeback-Free Sales System Using Crypto Payments guide, and automated delivery setup."
      },
      {
        "q": "How do I deploy?",
        "a": "Upload to Vercel, Netlify, or any static host. No backend needed."
      },
      {
        "q": "Is it secure?",
        "a": "Yes, it uses wallet-based authentication for delivery gating."
      }
    ],
    "cta": {
      "text": "Get Started Now"
    },
    "design": {
      "theme": "dark",
      "primary_color": "#00b4ff",
      "secondary_color": "#00b4ff",
      "font_family": "Inter, sans-serif",
      "layout_style": "minimalist"
    }
  },
  "assets": {
    "main_content_file": "product.pdf",
    "landing_page": "index.html"
  }
}