{
  "product_id": "20260213-152140-online-course-sales-page-singl",
  "output_dir": "d:\\auto\\MetaPassiveIncome_FINAL\\outputs\\20260213-152140-online-course-sales-page-singl",
  "main_asset": "d:\\auto\\MetaPassiveIncome_FINAL\\outputs\\20260213-152140-online-course-sales-page-singl\\index.html",
  "schema_path": "d:\\auto\\MetaPassiveIncome_FINAL\\outputs\\20260213-152140-online-course-sales-page-singl\\product_schema.json",
  "main_content_path": "d:\\auto\\MetaPassiveIncome_FINAL\\outputs\\20260213-152140-online-course-sales-page-singl\\product.md",
  "checksum": "983c5745089847cb7f303dbe924ad66d407f880b184f9118cb34fc18450d0655",
  "generated_at": "20260213-152140",
  "status": "GENERATED_SUCCESS",
  "schema_driven": true,
  "notes": [
    "스키마 기반 생성 (product_schema.json)",
    "단일 파일 랜딩 페이지 (CSS/JS 내장)",
    "데이터 액션 라우터를 통한 버튼 기능"
  ]
}