{
  "product_id": "20260213-103935-high-converting-online-course",
  "output_dir": "d:\\auto\\MetaPassiveIncome_FINAL\\outputs\\20260213-103935-high-converting-online-course",
  "main_asset": "d:\\auto\\MetaPassiveIncome_FINAL\\outputs\\20260213-103935-high-converting-online-course\\index.html",
  "schema_path": "d:\\auto\\MetaPassiveIncome_FINAL\\outputs\\20260213-103935-high-converting-online-course\\product_schema.json",
  "main_content_path": "d:\\auto\\MetaPassiveIncome_FINAL\\outputs\\20260213-103935-high-converting-online-course\\product.md",
  "checksum": "dcaa9b1fc5229df88efadade90dec91cad2216250179f8530ab5d92c3978e3d1",
  "generated_at": "20260213-103935",
  "status": "GENERATED_SUCCESS",
  "schema_driven": true,
  "notes": [
    "스키마 기반 생성 (product_schema.json)",
    "단일 파일 랜딩 페이지 (CSS/JS 내장)",
    "데이터 액션 라우터를 통한 버튼 기능"
  ]
}