{
  "product_id": "20260220-005631-100-proven-digital-product-ide",
  "output_dir": "d:\\auto\\MetaPassiveIncome_FINAL\\outputs\\20260220-005631-100-proven-digital-product-ide",
  "main_asset": "d:\\auto\\MetaPassiveIncome_FINAL\\outputs\\20260220-005631-100-proven-digital-product-ide\\index.html",
  "schema_path": "d:\\auto\\MetaPassiveIncome_FINAL\\outputs\\20260220-005631-100-proven-digital-product-ide\\product_schema.json",
  "main_content_path": "d:\\auto\\MetaPassiveIncome_FINAL\\outputs\\20260220-005631-100-proven-digital-product-ide\\product.pdf",
  "checksum": "85a6c6db74e4054a668639746e8aefb535ccaaa4dbde10a6ba6ddb831686512a",
  "generated_at": "20260220-005641",
  "status": "GENERATED_SUCCESS",
  "schema_driven": true,
  "notes": [
    "스키마 기반 생성 (product_schema.json)",
    "단일 파일 랜딩 페이지 (CSS/JS 내장)",
    "데이터 액션 라우터를 통한 버튼 기능"
  ]
}