{
  "product_id": "20260220-005631-100-proven-digital-product-ide",
  "title": "Unlock Your Passive Income with 100 Proven Digital Product Ideas and the Ultimate Launch Marketing ...",
  "target_customer": "Creators and merchants interested in 100 Proven Digital Product Ideas and the Ultimate Launch Marketing ...",
  "value_proposition": "Leverage AI to create and sell digital products based on: 100 Proven Digital Product Ideas and the Ultimate Launch Marketing ...",
  "sections": {
    "hero": {
      "headline": "Unlock Your Passive Income with 100 Proven Digital Product Ideas and the Ultimate Launch Marketing ...",
      "subheadline": "Leverage AI to create and sell digital products based on: 100 Proven Digital Product Ideas and the Ultimate Launch Marketing ..."
    },
    "problem": {
      "description": "Most marketing assets are generic and fail to convert. Without a high-converting system, traffic is wasted and acquisition costs skyrocket."
    },
    "solution": {
      "description": "A results-driven marketing vault with proven hooks, structured landing templates, and conversion-optimized copy. Designed for rapid scale."
    },
    "features": [
      "High-converting hook & headline library for 100 Proven Digital Product Ideas and the Ultimate Launch Marketing ...",
      "A/B test ready landing page templates for 100 Proven Digital Product Ideas and the Ultimate Launch Marketing ...",
      "Psychology-based sales copy frameworks for 100 Proven Digital Product Ideas and the Ultimate Launch Marketing ...",
      "Social proof & proof-block templates for 100 Proven Digital Product Ideas and the Ultimate Launch Marketing ...",
      "Multi-channel promotion sequences for 100 Proven Digital Product Ideas and the Ultimate Launch Marketing ..."
    ],
    "benefits": [
      "Ship faster with ready 100 Proven Digital Product Ideas and the Ultimate Launch Marketing ... templates",
      "Increase conversion with clear 100 Proven Digital Product Ideas and the Ultimate Launch Marketing ... value prop",
      "Operate with predictable 100 Proven Digital Product Ideas and the Ultimate Launch Marketing ... delivery flow",
      "Scale experimentation with simple 100 Proven Digital Product Ideas and the Ultimate Launch Marketing ... A/B hooks"
    ],
    "pricing": {
      "tier_name": "Standard Access",
      "price": "$29.00"
    },
    "faq": [
      {
        "q": "What is included?",
        "a": "You get the full landing page, the 100 Proven Digital Product Ideas and the Ultimate Launch Marketing ... guide, and automated delivery setup."
      },
      {
        "q": "How do I deploy?",
        "a": "Upload to Vercel, Netlify, or any static host. No backend needed."
      },
      {
        "q": "Is it secure?",
        "a": "Yes, it uses wallet-based authentication for delivery gating."
      }
    ],
    "cta": {
      "text": "Get Started Now"
    },
    "design": {
      "theme": "saas",
      "primary_color": "#8b5cf6",
      "secondary_color": "#8b5cf6",
      "font_family": "Georgia, serif",
      "layout_style": "creative"
    }
  },
  "assets": {
    "main_content_file": "product.pdf",
    "landing_page": "index.html"
  },
  "_injected_price": "$29.00",
  "_market_price": "$49.00",
  "price": "29"
}