{
  "product_id": "20260220-114219-top-definition-in-american-eng",
  "created_at": "2026-02-20T08:18:28.192640Z",
  "title": "TOP definition in American English",
  "url": "https://metapassiveincome-final.vercel.app/outputs/20260220-114219-top-definition-in-american-eng/index.html",
  "blog": {
    "markdown": "# TOP definition in American English: Revolutionizing Digital Asset Delivery with Crypto\n\n### 🚀 TOP definition in American English — a high-ticket style digital product for wallet buyers. Angle: instant delivery. Price: $39. Buy with crypto → instant download. #crypto #bitcoin #web3 #payments\n\nStop losing 3-5% on transaction fees and waiting days for payouts. Our automated delivery system allows you to sell digital products globally, receive payments instantly in cryptocurrency, and fulfill orders automatically without lifting a finger.\n\n[![Product Visual Preview](https://images.unsplash.com/featured/?TOP+definition+in+American+English,technology,business)](https://metapassiveincome-final.vercel.app/outputs/20260220-114219-top-definition-in-american-eng/index.html)\n*[View Live Preview & Secure Checkout](https://metapassiveincome-final.vercel.app/outputs/20260220-114219-top-definition-in-american-eng/index.html)*\n\n## 💎 Why Choose MetaPassiveIncome Systems?\nTraditional payment processors often freeze accounts or delay funds for digital sellers. By switching to a crypto-first model, you regain control over your revenue stream.\n\n### ⚡ Instant Global Fulfillment\nNo more manual emailing or manual download links. Once the blockchain confirms the payment, your customer receives their assets immediately. High satisfaction, zero overhead.\n\n### 🛡️ Chargeback-Proof Revenue\nDigital product sellers are frequently targeted by friendly fraud. Crypto payments are final, protecting your business from malicious chargebacks and disputes.\n\n## 🛠 What's Included in This Package\n- **Premium Digital Asset:** High-value content ready for immediate use.\n- **Automated Sales Pipeline:** Pre-configured setup for crypto-only checkout.\n- **Global Compliance Guide:** Best practices for operating in the borderless digital economy.\n\n## 📈 Growth & Scalability\nWhether you're selling one-off downloads or recurring digital access, this system scales with you. No merchant account applications, no credit checks, just pure commerce.\n\n### [🔥 Get Instant Access to TOP definition in American English Now](https://metapassiveincome-final.vercel.app/outputs/20260220-114219-top-definition-in-american-eng/index.html)\n\n---\n\n### 🔍 SEO & Optimization Metadata\nmeta_description: TOP definition in American English. High-value guide for crypto wallet buyers: privacy-first purchase, instant delivery, global payments.\nkeywords:\n- crypto digital product\n- pay with crypto wallet\n- instant download\n- privacy-first checkout\n- chargeback-free payments\n- global payments\n\n*Keywords: Cryptocurrency Payments, Automated Digital Delivery, Passive Income Systems, Web3 Commerce.*\n",
    "html": "\n<style>\n    .wp-promo-container { font-family: 'Inter', -apple-system, BlinkMacSystemFont, \"Segoe UI\", Roboto, sans-serif; line-height: 1.6; color: #333; max-width: 800px; margin: 0 auto; }\n    .wp-promo-header { text-align: center; margin-bottom: 40px; padding: 20px; background: linear-gradient(135deg, #f8fafc 0%, #f1f5f9 100%); border-radius: 16px; }\n    .wp-promo-header h1 { color: #1e293b; font-size: 2.5rem; margin-bottom: 16px; font-weight: 800; }\n    .wp-promo-header h3 { color: #64748b; font-size: 1.25rem; font-weight: 400; }\n    .wp-promo-image { width: 100%; border-radius: 12px; box-shadow: 0 10px 25px -5px rgba(0,0,0,0.1); margin: 30px 0; transition: transform 0.3s ease; }\n    .wp-promo-image:hover { transform: translateY(-5px); }\n    .wp-promo-cta { display: block; background: #2563eb; color: #ffffff !important; text-align: center; padding: 18px 32px; border-radius: 12px; font-weight: 700; font-size: 1.25rem; text-decoration: none !important; margin: 40px 0; box-shadow: 0 4px 14px 0 rgba(37, 99, 235, 0.39); }\n    .wp-promo-cta:hover { background: #1d4ed8; transform: scale(1.02); }\n    .wp-promo-section { margin: 40px 0; padding: 20px; border-left: 4px solid #3b82f6; background: #f0f9ff; border-radius: 0 12px 12px 0; }\n    .wp-promo-section h2 { color: #1e3a8a; margin-top: 0; }\n    .wp-promo-grid { display: grid; grid-template-columns: 1fr 1fr; gap: 20px; margin: 30px 0; }\n    @media (max-width: 600px) { .wp-promo-grid { grid-template-columns: 1fr; } }\n    .wp-promo-card { padding: 20px; border: 1px solid #e2e8f0; border-radius: 12px; background: white; }\n    .wp-promo-footer { margin-top: 60px; padding-top: 30px; border-top: 1px solid #e2e8f0; color: #94a3b8; font-size: 0.875rem; }\n    .wp-promo-table { width: 100%; border-collapse: collapse; margin: 30px 0; font-size: 0.95rem; }\n    .wp-promo-table th { background: #f8fafc; padding: 12px; border: 1px solid #e2e8f0; text-align: left; font-weight: 600; color: #475569; }\n    .wp-promo-table td { padding: 12px; border: 1px solid #e2e8f0; color: #334155; }\n    .wp-promo-table tr:nth-child(even) { background: #fcfcfc; }\n    .wp-promo-highlight { background: #eff6ff !important; font-weight: 600; color: #2563eb !important; }\n</style>\n<div class=\"wp-promo-container\">\n\n<div class=\"wp-promo-header\"><h1>TOP definition in American English: Revolutionizing Digital Asset Delivery with Crypto</h1>\n<br/>\n<h3>🚀 TOP definition in American English — a high-ticket style digital product for wallet buyers. Angle: instant delivery. Price: $39. Buy with crypto → instant download. #crypto #bitcoin #web3 #payments</h3></div>\n<br/>\n<p>Stop losing 3-5% on transaction fees and waiting days for payouts. Our automated delivery system allows you to sell digital products globally, receive payments instantly in cryptocurrency, and fulfill orders automatically without lifting a finger.</p>\n<br/>\n<a href=\"https://metapassiveincome-final.vercel.app/outputs/20260220-114219-top-definition-in-american-eng/index.html\"><img src=\"https://images.unsplash.com/featured/?TOP+definition+in+American+English,technology,business\" alt=\"Product Visual Preview\" class=\"wp-promo-image\" /></a>\n<p>*<a href=\"https://metapassiveincome-final.vercel.app/outputs/20260220-114219-top-definition-in-american-eng/index.html\" style=\"color: #2563eb; text-decoration: underline; font-weight: 600;\">View Live Preview & Secure Checkout</a>*</p>\n<br/>\n<div class=\"wp-promo-section\"><h2>💎 Why Choose MetaPassiveIncome Systems?</h2>\n<p>Traditional payment processors often freeze accounts or delay funds for digital sellers. By switching to a crypto-first model, you regain control over your revenue stream.</p>\n<br/>\n<h3>⚡ Instant Global Fulfillment</h3></div>\n<p>No more manual emailing or manual download links. Once the blockchain confirms the payment, your customer receives their assets immediately. High satisfaction, zero overhead.</p>\n<br/>\n<h3>🛡️ Chargeback-Proof Revenue</h3></div>\n<p>Digital product sellers are frequently targeted by friendly fraud. Crypto payments are final, protecting your business from malicious chargebacks and disputes.</p>\n<br/>\n<div class=\"wp-promo-section\"><h2>🛠 What's Included in This Package</h2>\n<ul>\n<li>**Premium Digital Asset:** High-value content ready for immediate use.</li>\n<li>**Automated Sales Pipeline:** Pre-configured setup for crypto-only checkout.</li>\n<li>**Global Compliance Guide:** Best practices for operating in the borderless digital economy.</li>\n</ul>\n<br/>\n<div class=\"wp-promo-section\"><h2>📈 Growth & Scalability</h2>\n<p>Whether you're selling one-off downloads or recurring digital access, this system scales with you. No merchant account applications, no credit checks, just pure commerce.</p>\n<br/>\n<h3>[🔥 Get Instant Access to TOP definition in American English Now](https://metapassiveincome-final.vercel.app/outputs/20260220-114219-top-definition-in-american-eng/index.html)</h3></div>\n<br/>\n<hr style=\"border: 0; height: 1px; background: #e2e8f0; margin: 40px 0;\" />\n<br/>\n<h3>🔍 SEO & Optimization Metadata</h3></div>\n<p>meta_description: TOP definition in American English. High-value guide for crypto wallet buyers: privacy-first purchase, instant delivery, global payments.</p>\n<p>keywords:</p>\n<ul>\n<li>crypto digital product</li>\n<li>pay with crypto wallet</li>\n<li>instant download</li>\n<li>privacy-first checkout</li>\n<li>chargeback-free payments</li>\n<li>global payments</li>\n</ul>\n<br/>\n<p>*Keywords: Cryptocurrency Payments, Automated Digital Delivery, Passive Income Systems, Web3 Commerce.*</p>\n\n        <div class=\"wp-promo-section\">\n            <h2>📊 Market Price Analysis</h2>\n            <p>We've analyzed similar products in the <strong>Similar Digital Assets</strong> category to ensure you get the best value.</p>\n            <table class=\"wp-promo-table\">\n                <thead>\n                    <tr>\n                        <th>Product Type</th>\n                        <th>Average Market Price</th>\n                        <th>Our Price</th>\n                        <th>Savings</th>\n                    </tr>\n                </thead>\n                <tbody>\n                    <tr>\n                        <td>Similar Digital Assets</td>\n                        <td>$83.20</td>\n                        <td class=\"wp-promo-highlight\">$39.00</td>\n                        <td class=\"wp-promo-highlight\" style=\"color: #16a34a !important;\">Save $44.20 USD</td>\n                    </tr>\n                    <tr>\n                        <td>Agency License</td>\n                        <td>$134.80</td>\n                        <td>Included</td>\n                        <td style=\"color: #16a34a;\">100% Value</td>\n                    </tr>\n                </tbody>\n            </table>\n            <p><em>* Market data updated 2026-02-20 based on similar Similar Digital Assets listings.</em></p>\n        </div>\n        \n\n            <div class=\"wp-promo-section\" style=\"background: #fff; border: 1px solid #e2e8f0; border-left: none; border-top: 4px solid #3b82f6;\">\n                <h3 style=\"margin-top: 0;\">🔥 Trending Now</h3>\n                <div class=\"wp-promo-grid\">\n            \n\n                <div class=\"wp-promo-card\">\n                    <h4 style=\"margin: 0 0 10px 0; font-size: 1rem;\">900+ Etsy Printables|Worksheets| Digital Downloads ideas in 2026</h4>\n                    <p style=\"font-size: 0.8rem; color: #64748b; margin-bottom: 15px;\">Automated Crypto Delivery</p>\n                    <div style=\"display: flex; justify-content: space-between; align-items: center\">\n                        <span style=\"font-weight: bold; color: #333;\">$29.00</span>\n                        <a href=\"#\" style=\"font-size: 0.8rem; color: #2563eb; text-decoration: none; font-weight: 600;\">View &rarr;</a>\n                    </div>\n                </div>\n                \n\n                <div class=\"wp-promo-card\">\n                    <h4 style=\"margin: 0 0 10px 0; font-size: 1rem;\">5 AI Passive Income Ideas</h4>\n                    <p style=\"font-size: 0.8rem; color: #64748b; margin-bottom: 15px;\">Automated Crypto Delivery</p>\n                    <div style=\"display: flex; justify-content: space-between; align-items: center\">\n                        <span style=\"font-weight: bold; color: #333;\">$29.00</span>\n                        <a href=\"https://metapassiveincome-final.vercel.app/outputs/20260220-132939-5-ai-passive-income-ideas/index.html\" style=\"font-size: 0.8rem; color: #2563eb; text-decoration: none; font-weight: 600;\">View &rarr;</a>\n                    </div>\n                </div>\n                \n\n                <div class=\"wp-promo-card\">\n                    <h4 style=\"margin: 0 0 10px 0; font-size: 1rem;\">Digital Asset Bundle 2026-02-20 11:46</h4>\n                    <p style=\"font-size: 0.8rem; color: #64748b; margin-bottom: 15px;\">Automated Crypto Delivery</p>\n                    <div style=\"display: flex; justify-content: space-between; align-items: center\">\n                        <span style=\"font-weight: bold; color: #333;\">$29.00</span>\n                        <a href=\"https://metapassiveincome-final.vercel.app/outputs/20260220-114637-digital-asset-bundle-2026-02-2/index.html\" style=\"font-size: 0.8rem; color: #2563eb; text-decoration: none; font-weight: 600;\">View &rarr;</a>\n                    </div>\n                </div>\n                \n\n                </div>\n            </div>\n            \n\n    <div class=\"wp-promo-section\">\n        <h2>❓ Frequently Asked Questions</h2>\n        <div style=\"margin-top: 20px;\">\n            <details style=\"margin-bottom: 15px; border-bottom: 1px solid #e2e8f0; padding-bottom: 10px;\">\n                <summary style=\"font-weight: 600; cursor: pointer; color: #333;\">How do I receive the product?</summary>\n                <p style=\"margin-top: 10px; color: #555; font-size: 0.95rem;\">Once your crypto payment is confirmed on the blockchain (usually instantly or within minutes), you will be automatically redirected to your secure download link. No waiting for manual approval.</p>\n            </details>\n            <details style=\"margin-bottom: 15px; border-bottom: 1px solid #e2e8f0; padding-bottom: 10px;\">\n                <summary style=\"font-weight: 600; cursor: pointer; color: #333;\">Is this a one-time payment?</summary>\n                <p style=\"margin-top: 10px; color: #555; font-size: 0.95rem;\">Yes! You pay once ($39.00) and get lifetime access to the file and any future updates we release for this version.</p>\n            </details>\n            <details style=\"margin-bottom: 15px; border-bottom: 1px solid #e2e8f0; padding-bottom: 10px;\">\n                <summary style=\"font-weight: 600; cursor: pointer; color: #333;\">What cryptocurrencies do you accept?</summary>\n                <p style=\"margin-top: 10px; color: #555; font-size: 0.95rem;\">We accept major cryptocurrencies including USDT, USDC, ETH, BTC, and more via our secure payment gateway.</p>\n            </details>\n             <details style=\"margin-bottom: 15px; border-bottom: 1px solid #e2e8f0; padding-bottom: 10px;\">\n                <summary style=\"font-weight: 600; cursor: pointer; color: #333;\">Can I use this for my business?</summary>\n                <p style=\"margin-top: 10px; color: #555; font-size: 0.95rem;\">Absolutely. This asset comes with a commercial use license, allowing you to use it in your personal and client projects.</p>\n            </details>\n        </div>\n    </div>\n    \n\n<script type=\"application/ld+json\">\n{\n  \"@context\": \"https://schema.org/\",\n  \"@type\": \"Product\",\n  \"name\": \"TOP definition in American English\",\n  \"description\": \"Premium Digital Asset with Instant Crypto Delivery\",\n  \"offers\": {\n    \"@type\": \"Offer\",\n    \"url\": \"https://metapassiveincome-final.vercel.app/outputs/20260220-114219-top-definition-in-american-eng/index.html\",\n    \"priceCurrency\": \"USD\",\n    \"price\": \"39.00\",\n    \"availability\": \"https://schema.org/InStock\"\n  }\n}\n</script>\n\n\n<div class=\"wp-promo-section\" style=\"background: #f8fafc; border-left: 4px solid #1e293b;\">\n    <h3 style=\"margin-top: 0; color: #1e293b;\">📢 Share this Asset</h3>\n    <p style=\"font-size: 0.9rem; color: #64748b;\">If you find this digital asset valuable, share it with your network. Help others automate their passive income journey!</p>\n    <div style=\"display: flex; gap: 10px; margin-top: 15px;\">\n        <a href=\"https://twitter.com/intent/tweet?text=Check out this amazing digital asset: TOP definition in American English&url=https://metapassiveincome-final.vercel.app/outputs/20260220-114219-top-definition-in-american-eng/index.html\" target=\"_blank\" style=\"background: #1da1f2; color: white; padding: 8px 16px; border-radius: 8px; font-size: 0.8rem; text-decoration: none;\">Twitter</a>\n        <a href=\"https://www.linkedin.com/sharing/share-offsite/?url=https://metapassiveincome-final.vercel.app/outputs/20260220-114219-top-definition-in-american-eng/index.html\" target=\"_blank\" style=\"background: #0a66c2; color: white; padding: 8px 16px; border-radius: 8px; font-size: 0.8rem; text-decoration: none;\">LinkedIn</a>\n        <a href=\"https://t.me/share/url?url=https://metapassiveincome-final.vercel.app/outputs/20260220-114219-top-definition-in-american-eng/index.html&text=TOP definition in American English\" target=\"_blank\" style=\"background: #0088cc; color: white; padding: 8px 16px; border-radius: 8px; font-size: 0.8rem; text-decoration: none;\">Telegram</a>\n    </div>\n</div>\n\n</div>"
  },
  "source": {
    "primary_post": "TOP definition in American English — a high-ticket style digital product for wallet buyers. Angle: instant delivery. Price: $39. Buy with crypto → instant download. #crypto #bitcoin #web3 #payments",
    "newsletter_email": "Subject: New crypto-only digital product — TOP definition in American English\n\nIf you prefer paying with a crypto wallet (privacy + global reach), I released a new product:\n- TOP definition in American English\n- Price: $39\n- Instant download after payment\n\nIt includes a PDF guide, checklists, and templates for a repeatable payment→delivery flow.\n\nReply to this email if you want a discount code for early buyers.",
    "seo": "meta_description: TOP definition in American English. High-value guide for crypto wallet buyers: privacy-first purchase, instant delivery, global payments.\nkeywords:\n- crypto digital product\n- pay with crypto wallet\n- instant download\n- privacy-first checkout\n- chargeback-free payments\n- global payments"
  },
  "medium": {
    "content": "# TOP definition in American English: Revolutionizing Digital Asset Delivery with Crypto\n\n### 🚀 TOP definition in American English — a high-ticket style digital product for wallet buyers. Angle: instant delivery. Price: $39. Buy with crypto → instant download. #crypto #bitcoin #web3 #payments\n\nStop losing 3-5% on transaction fees and waiting days for payouts. Our automated delivery system allows you to sell digital products globally, receive payments instantly in cryptocurrency, and fulfill orders automatically without lifting a finger.\n\n[![Product Visual Preview](https://images.unsplash.com/featured/?TOP+definition+in+American+English,technology,business)](https://metapassiveincome-final.vercel.app/outputs/20260220-114219-top-definition-in-american-eng/index.html)\n*[View Live Preview & Secure Checkout](https://metapassiveincome-final.vercel.app/outputs/20260220-114219-top-definition-in-american-eng/index.html)*\n\n## 💎 Why Choose MetaPassiveIncome Systems?\nTraditional payment processors often freeze accounts or delay funds for digital sellers. By switching to a crypto-first model, you regain control over your revenue stream.\n\n### ⚡ Instant Global Fulfillment\nNo more manual emailing or manual download links. Once the blockchain confirms the payment, your customer receives their assets immediately. High satisfaction, zero overhead.\n\n### 🛡️ Chargeback-Proof Revenue\nDigital product sellers are frequently targeted by friendly fraud. Crypto payments are final, protecting your business from malicious chargebacks and disputes.\n\n## 🛠 What's Included in This Package\n- **Premium Digital Asset:** High-value content ready for immediate use.\n- **Automated Sales Pipeline:** Pre-configured setup for crypto-only checkout.\n- **Global Compliance Guide:** Best practices for operating in the borderless digital economy.\n\n## 📈 Growth & Scalability\nWhether you're selling one-off downloads or recurring digital access, this system scales with you. No merchant account applications, no credit checks, just pure commerce.\n\n### [🔥 Get Instant Access to TOP definition in American English Now](https://metapassiveincome-final.vercel.app/outputs/20260220-114219-top-definition-in-american-eng/index.html)\n\n---\n\n### 🔍 SEO & Optimization Metadata\nmeta_description: TOP definition in American English. High-value guide for crypto wallet buyers: privacy-first purchase, instant delivery, global payments.\nkeywords:\n- crypto digital product\n- pay with crypto wallet\n- instant download\n- privacy-first checkout\n- chargeback-free payments\n- global payments\n\n*Keywords: Cryptocurrency Payments, Automated Digital Delivery, Passive Income Systems, Web3 Commerce.*\n"
  },
  "blogger": {
    "content": "\n<style>\n    .wp-promo-container { font-family: 'Inter', -apple-system, BlinkMacSystemFont, \"Segoe UI\", Roboto, sans-serif; line-height: 1.6; color: #333; max-width: 800px; margin: 0 auto; }\n    .wp-promo-header { text-align: center; margin-bottom: 40px; padding: 20px; background: linear-gradient(135deg, #f8fafc 0%, #f1f5f9 100%); border-radius: 16px; }\n    .wp-promo-header h1 { color: #1e293b; font-size: 2.5rem; margin-bottom: 16px; font-weight: 800; }\n    .wp-promo-header h3 { color: #64748b; font-size: 1.25rem; font-weight: 400; }\n    .wp-promo-image { width: 100%; border-radius: 12px; box-shadow: 0 10px 25px -5px rgba(0,0,0,0.1); margin: 30px 0; transition: transform 0.3s ease; }\n    .wp-promo-image:hover { transform: translateY(-5px); }\n    .wp-promo-cta { display: block; background: #2563eb; color: #ffffff !important; text-align: center; padding: 18px 32px; border-radius: 12px; font-weight: 700; font-size: 1.25rem; text-decoration: none !important; margin: 40px 0; box-shadow: 0 4px 14px 0 rgba(37, 99, 235, 0.39); }\n    .wp-promo-cta:hover { background: #1d4ed8; transform: scale(1.02); }\n    .wp-promo-section { margin: 40px 0; padding: 20px; border-left: 4px solid #3b82f6; background: #f0f9ff; border-radius: 0 12px 12px 0; }\n    .wp-promo-section h2 { color: #1e3a8a; margin-top: 0; }\n    .wp-promo-grid { display: grid; grid-template-columns: 1fr 1fr; gap: 20px; margin: 30px 0; }\n    @media (max-width: 600px) { .wp-promo-grid { grid-template-columns: 1fr; } }\n    .wp-promo-card { padding: 20px; border: 1px solid #e2e8f0; border-radius: 12px; background: white; }\n    .wp-promo-footer { margin-top: 60px; padding-top: 30px; border-top: 1px solid #e2e8f0; color: #94a3b8; font-size: 0.875rem; }\n    .wp-promo-table { width: 100%; border-collapse: collapse; margin: 30px 0; font-size: 0.95rem; }\n    .wp-promo-table th { background: #f8fafc; padding: 12px; border: 1px solid #e2e8f0; text-align: left; font-weight: 600; color: #475569; }\n    .wp-promo-table td { padding: 12px; border: 1px solid #e2e8f0; color: #334155; }\n    .wp-promo-table tr:nth-child(even) { background: #fcfcfc; }\n    .wp-promo-highlight { background: #eff6ff !important; font-weight: 600; color: #2563eb !important; }\n</style>\n<div class=\"wp-promo-container\">\n\n<div class=\"wp-promo-header\"><h1>TOP definition in American English: Revolutionizing Digital Asset Delivery with Crypto</h1>\n<br/>\n<h3>🚀 TOP definition in American English — a high-ticket style digital product for wallet buyers. Angle: instant delivery. Price: $39. Buy with crypto → instant download. #crypto #bitcoin #web3 #payments</h3></div>\n<br/>\n<p>Stop losing 3-5% on transaction fees and waiting days for payouts. Our automated delivery system allows you to sell digital products globally, receive payments instantly in cryptocurrency, and fulfill orders automatically without lifting a finger.</p>\n<br/>\n<a href=\"https://metapassiveincome-final.vercel.app/outputs/20260220-114219-top-definition-in-american-eng/index.html\"><img src=\"https://images.unsplash.com/featured/?TOP+definition+in+American+English,technology,business\" alt=\"Product Visual Preview\" class=\"wp-promo-image\" /></a>\n<p>*<a href=\"https://metapassiveincome-final.vercel.app/outputs/20260220-114219-top-definition-in-american-eng/index.html\" style=\"color: #2563eb; text-decoration: underline; font-weight: 600;\">View Live Preview & Secure Checkout</a>*</p>\n<br/>\n<div class=\"wp-promo-section\"><h2>💎 Why Choose MetaPassiveIncome Systems?</h2>\n<p>Traditional payment processors often freeze accounts or delay funds for digital sellers. By switching to a crypto-first model, you regain control over your revenue stream.</p>\n<br/>\n<h3>⚡ Instant Global Fulfillment</h3></div>\n<p>No more manual emailing or manual download links. Once the blockchain confirms the payment, your customer receives their assets immediately. High satisfaction, zero overhead.</p>\n<br/>\n<h3>🛡️ Chargeback-Proof Revenue</h3></div>\n<p>Digital product sellers are frequently targeted by friendly fraud. Crypto payments are final, protecting your business from malicious chargebacks and disputes.</p>\n<br/>\n<div class=\"wp-promo-section\"><h2>🛠 What's Included in This Package</h2>\n<ul>\n<li>**Premium Digital Asset:** High-value content ready for immediate use.</li>\n<li>**Automated Sales Pipeline:** Pre-configured setup for crypto-only checkout.</li>\n<li>**Global Compliance Guide:** Best practices for operating in the borderless digital economy.</li>\n</ul>\n<br/>\n<div class=\"wp-promo-section\"><h2>📈 Growth & Scalability</h2>\n<p>Whether you're selling one-off downloads or recurring digital access, this system scales with you. No merchant account applications, no credit checks, just pure commerce.</p>\n<br/>\n<h3>[🔥 Get Instant Access to TOP definition in American English Now](https://metapassiveincome-final.vercel.app/outputs/20260220-114219-top-definition-in-american-eng/index.html)</h3></div>\n<br/>\n<hr style=\"border: 0; height: 1px; background: #e2e8f0; margin: 40px 0;\" />\n<br/>\n<h3>🔍 SEO & Optimization Metadata</h3></div>\n<p>meta_description: TOP definition in American English. High-value guide for crypto wallet buyers: privacy-first purchase, instant delivery, global payments.</p>\n<p>keywords:</p>\n<ul>\n<li>crypto digital product</li>\n<li>pay with crypto wallet</li>\n<li>instant download</li>\n<li>privacy-first checkout</li>\n<li>chargeback-free payments</li>\n<li>global payments</li>\n</ul>\n<br/>\n<p>*Keywords: Cryptocurrency Payments, Automated Digital Delivery, Passive Income Systems, Web3 Commerce.*</p>\n\n        <div class=\"wp-promo-section\">\n            <h2>📊 Market Price Analysis</h2>\n            <p>We've analyzed similar products in the <strong>Similar Digital Assets</strong> category to ensure you get the best value.</p>\n            <table class=\"wp-promo-table\">\n                <thead>\n                    <tr>\n                        <th>Product Type</th>\n                        <th>Average Market Price</th>\n                        <th>Our Price</th>\n                        <th>Savings</th>\n                    </tr>\n                </thead>\n                <tbody>\n                    <tr>\n                        <td>Similar Digital Assets</td>\n                        <td>$83.20</td>\n                        <td class=\"wp-promo-highlight\">$39.00</td>\n                        <td class=\"wp-promo-highlight\" style=\"color: #16a34a !important;\">Save $44.20 USD</td>\n                    </tr>\n                    <tr>\n                        <td>Agency License</td>\n                        <td>$134.80</td>\n                        <td>Included</td>\n                        <td style=\"color: #16a34a;\">100% Value</td>\n                    </tr>\n                </tbody>\n            </table>\n            <p><em>* Market data updated 2026-02-20 based on similar Similar Digital Assets listings.</em></p>\n        </div>\n        \n\n            <div class=\"wp-promo-section\" style=\"background: #fff; border: 1px solid #e2e8f0; border-left: none; border-top: 4px solid #3b82f6;\">\n                <h3 style=\"margin-top: 0;\">🔥 Trending Now</h3>\n                <div class=\"wp-promo-grid\">\n            \n\n                <div class=\"wp-promo-card\">\n                    <h4 style=\"margin: 0 0 10px 0; font-size: 1rem;\">900+ Etsy Printables|Worksheets| Digital Downloads ideas in 2026</h4>\n                    <p style=\"font-size: 0.8rem; color: #64748b; margin-bottom: 15px;\">Automated Crypto Delivery</p>\n                    <div style=\"display: flex; justify-content: space-between; align-items: center\">\n                        <span style=\"font-weight: bold; color: #333;\">$29.00</span>\n                        <a href=\"#\" style=\"font-size: 0.8rem; color: #2563eb; text-decoration: none; font-weight: 600;\">View &rarr;</a>\n                    </div>\n                </div>\n                \n\n                <div class=\"wp-promo-card\">\n                    <h4 style=\"margin: 0 0 10px 0; font-size: 1rem;\">5 AI Passive Income Ideas</h4>\n                    <p style=\"font-size: 0.8rem; color: #64748b; margin-bottom: 15px;\">Automated Crypto Delivery</p>\n                    <div style=\"display: flex; justify-content: space-between; align-items: center\">\n                        <span style=\"font-weight: bold; color: #333;\">$29.00</span>\n                        <a href=\"https://metapassiveincome-final.vercel.app/outputs/20260220-132939-5-ai-passive-income-ideas/index.html\" style=\"font-size: 0.8rem; color: #2563eb; text-decoration: none; font-weight: 600;\">View &rarr;</a>\n                    </div>\n                </div>\n                \n\n                <div class=\"wp-promo-card\">\n                    <h4 style=\"margin: 0 0 10px 0; font-size: 1rem;\">Digital Asset Bundle 2026-02-20 11:46</h4>\n                    <p style=\"font-size: 0.8rem; color: #64748b; margin-bottom: 15px;\">Automated Crypto Delivery</p>\n                    <div style=\"display: flex; justify-content: space-between; align-items: center\">\n                        <span style=\"font-weight: bold; color: #333;\">$29.00</span>\n                        <a href=\"https://metapassiveincome-final.vercel.app/outputs/20260220-114637-digital-asset-bundle-2026-02-2/index.html\" style=\"font-size: 0.8rem; color: #2563eb; text-decoration: none; font-weight: 600;\">View &rarr;</a>\n                    </div>\n                </div>\n                \n\n                </div>\n            </div>\n            \n\n    <div class=\"wp-promo-section\">\n        <h2>❓ Frequently Asked Questions</h2>\n        <div style=\"margin-top: 20px;\">\n            <details style=\"margin-bottom: 15px; border-bottom: 1px solid #e2e8f0; padding-bottom: 10px;\">\n                <summary style=\"font-weight: 600; cursor: pointer; color: #333;\">How do I receive the product?</summary>\n                <p style=\"margin-top: 10px; color: #555; font-size: 0.95rem;\">Once your crypto payment is confirmed on the blockchain (usually instantly or within minutes), you will be automatically redirected to your secure download link. No waiting for manual approval.</p>\n            </details>\n            <details style=\"margin-bottom: 15px; border-bottom: 1px solid #e2e8f0; padding-bottom: 10px;\">\n                <summary style=\"font-weight: 600; cursor: pointer; color: #333;\">Is this a one-time payment?</summary>\n                <p style=\"margin-top: 10px; color: #555; font-size: 0.95rem;\">Yes! You pay once ($39.00) and get lifetime access to the file and any future updates we release for this version.</p>\n            </details>\n            <details style=\"margin-bottom: 15px; border-bottom: 1px solid #e2e8f0; padding-bottom: 10px;\">\n                <summary style=\"font-weight: 600; cursor: pointer; color: #333;\">What cryptocurrencies do you accept?</summary>\n                <p style=\"margin-top: 10px; color: #555; font-size: 0.95rem;\">We accept major cryptocurrencies including USDT, USDC, ETH, BTC, and more via our secure payment gateway.</p>\n            </details>\n             <details style=\"margin-bottom: 15px; border-bottom: 1px solid #e2e8f0; padding-bottom: 10px;\">\n                <summary style=\"font-weight: 600; cursor: pointer; color: #333;\">Can I use this for my business?</summary>\n                <p style=\"margin-top: 10px; color: #555; font-size: 0.95rem;\">Absolutely. This asset comes with a commercial use license, allowing you to use it in your personal and client projects.</p>\n            </details>\n        </div>\n    </div>\n    \n\n<script type=\"application/ld+json\">\n{\n  \"@context\": \"https://schema.org/\",\n  \"@type\": \"Product\",\n  \"name\": \"TOP definition in American English\",\n  \"description\": \"Premium Digital Asset with Instant Crypto Delivery\",\n  \"offers\": {\n    \"@type\": \"Offer\",\n    \"url\": \"https://metapassiveincome-final.vercel.app/outputs/20260220-114219-top-definition-in-american-eng/index.html\",\n    \"priceCurrency\": \"USD\",\n    \"price\": \"39.00\",\n    \"availability\": \"https://schema.org/InStock\"\n  }\n}\n</script>\n\n\n<div class=\"wp-promo-section\" style=\"background: #f8fafc; border-left: 4px solid #1e293b;\">\n    <h3 style=\"margin-top: 0; color: #1e293b;\">📢 Share this Asset</h3>\n    <p style=\"font-size: 0.9rem; color: #64748b;\">If you find this digital asset valuable, share it with your network. Help others automate their passive income journey!</p>\n    <div style=\"display: flex; gap: 10px; margin-top: 15px;\">\n        <a href=\"https://twitter.com/intent/tweet?text=Check out this amazing digital asset: TOP definition in American English&url=https://metapassiveincome-final.vercel.app/outputs/20260220-114219-top-definition-in-american-eng/index.html\" target=\"_blank\" style=\"background: #1da1f2; color: white; padding: 8px 16px; border-radius: 8px; font-size: 0.8rem; text-decoration: none;\">Twitter</a>\n        <a href=\"https://www.linkedin.com/sharing/share-offsite/?url=https://metapassiveincome-final.vercel.app/outputs/20260220-114219-top-definition-in-american-eng/index.html\" target=\"_blank\" style=\"background: #0a66c2; color: white; padding: 8px 16px; border-radius: 8px; font-size: 0.8rem; text-decoration: none;\">LinkedIn</a>\n        <a href=\"https://t.me/share/url?url=https://metapassiveincome-final.vercel.app/outputs/20260220-114219-top-definition-in-american-eng/index.html&text=TOP definition in American English\" target=\"_blank\" style=\"background: #0088cc; color: white; padding: 8px 16px; border-radius: 8px; font-size: 0.8rem; text-decoration: none;\">Telegram</a>\n    </div>\n</div>\n\n</div>"
  },
  "x": {
    "status": "TOP definition in American English — a high-ticket style digital product for wallet buyers. Angle: instant delivery. Price: $39. Buy with crypto → instant download. #crypto #bitcoin #web3 #payments"
  },
  "instagram": {
    "caption": "🚀 Selling digital products for crypto? Fix your delivery or lose sales.\n\n💎 TOP definition in American English\n💵 Price: $39 (Pay with any major crypto)\n\nThe exact system we use to run a global digital goods empire with zero employees and zero bank friction. 🌍\n\nWhat's inside:\n  ✅ Instant delivery (Deterministic fulfillment)\n  ✅ Token-gated downloads (Protect your IP)\n  ✅ Full Ops Blueprint (Checklists + Templates)\n  ✅ Troubleshooting Matrix (Reduce support by 90%)\n\n👉 Link in Bio — Instant access after payment.\n\n#crypto #web3 #digitalproducts #passiveincome #solopreneur #stablecoins #nowpayments #automation #digitalmarketing"
  },
  "reddit": {
    "title": "TOP definition in American English",
    "post": "Title: TOP definition in American English (pay with crypto, instant download)\n\nBody:\nI built a practical guide for people who prefer wallet payments: TOP definition in American English.\nIt covers OPSEC, order lifecycle, and delivery gating (pending → paid → download).\nPrice: $39. If you're into privacy + global payments, it should help.\n(No affiliate links; it's a direct download product.)\n\n---\n\nTitle: TOP definition in American English (pay with crypto, instant download)\n\nBody:\nI built a practical guide for people who prefer wallet payments: TOP definition in American English.\nIt covers OPSEC, order lifecycle, and delivery gating (pending → paid → download).\nPrice: $39. If you're into privacy + global payments, it should help.\n(No affiliate links; it's a direct download product.)\n\n---\n\nTitle: TOP definition in American English (pay with crypto, instant download)\n\nBody:\nI built a practical guide for people who prefer wallet payments: TOP definition in American English.\nIt covers OPSEC, order lifecycle, and delivery gating (pending → paid → download).\nPrice: $39. If you're into privacy + global payments, it should help.\n(No affiliate links; it's a direct download product.)"
  },
  "linkedin": {
    "post": "Digital products + crypto checkout can be a clean alternative to card rails.\nI packaged a guide: TOP definition in American English.\nFocus: privacy-first buyer experience, deterministic fulfillment, and an ops runbook.\nPrice: $39. Wallet buyers get instant delivery.\n\n---\n\nChargebacks are a hidden tax on digital products.\nThis guide shows a minimal, auditable payment+delivery pipeline: TOP definition in American English.\nBuilt for global buyers who prefer crypto wallets."
  },
  "tiktok": {
    "script": "🎬 TikTok Content Script: TOP definition in American English\n0-3s (Hook): TOP definition in American English — a high-ticket style digital product for wallet buyers. Angle: instant delivery. Price: $39. Buy with crypto → instant download. #crypto #bitcoin #web3 #payments\n3-10s (Problem): Why traditional digital products fail (slow delivery, high fees).\n10-25s (Solution): Instant crypto checkout + immediate PDF access.\n25-30s (CTA): Link in bio -> https://metapassiveincome-final.vercel.app/outputs/20260220-114219-top-definition-in-american-eng/index.html\n"
  },
  "youtube_shorts": {
    "script": "🎥 YouTube Shorts: TOP definition in American English\nTitle: How to automate TOP definition in American English 💸\nHook: TOP definition in American English — a high-ticket style digital product for wallet buyers. Angle: instant delivery. Price: $39. Buy with crypto → instant download. #crypto #bitcoin #web3 #payments\nSteps:\n1. Choose asset\n2. Pay with Crypto\n3. Get link\nLink in pinned comment: https://metapassiveincome-final.vercel.app/outputs/20260220-114219-top-definition-in-american-eng/index.html\n"
  }
}