day,channel,hook,cta,keywords
1,Reddit,"From 0 to first 10 sales: a realistic 7-day launch plan","Download the bundle and deploy today","crypto checkout, stablecoins, settlement"
2,X,"From 0 to first 10 sales: a realistic 7-day launch plan","Use the checklist and avoid expensive errors","nowpayments, invoice, payment status"
3,Instagram,"Turn crypto payments into a predictable revenue system","Get the full premium guide + templates","crypto checkout, stablecoins, settlement"
4,Reddit,"Privacy-first: reduce payment traceability in your ops","Get the full premium guide + templates","crypto checkout, stablecoins, settlement"
5,Blog,"Upgrade conversion with trust blocks + proof metrics","Get the full premium guide + templates","conversion rate, funnel, landing page"
6,TikTok,"Privacy-first: reduce payment traceability in your ops","Get the full premium guide + templates","automation, ops, support macros"
7,LinkedIn,"Avoid the top 5 mistakes when selling digital goods for crypto","Download the bundle and deploy today","conversion rate, funnel, landing page"
8,Reddit,"Stop paying card fees — settle globally in minutes","Use the checklist and avoid expensive errors","automation, ops, support macros"
9,Reddit,"Stop paying card fees — settle globally in minutes","Use the checklist and avoid expensive errors","nowpayments, invoice, payment status"
10,Blog,"From 0 to first 10 sales: a realistic 7-day launch plan","Use the checklist and avoid expensive errors","automation, ops, support macros"
11,YouTube Shorts,"Stop paying card fees — settle globally in minutes","Copy the exact system and ship this week","web3 payments, digital product delivery"
12,Reddit,"Stop paying card fees — settle globally in minutes","Copy the exact system and ship this week","web3 payments, digital product delivery"
13,X,"Privacy-first: reduce payment traceability in your ops","Copy the exact system and ship this week","nowpayments, invoice, payment status"
14,LinkedIn,"Upgrade conversion with trust blocks + proof metrics","Download the bundle and deploy today","web3 payments, digital product delivery"
15,TikTok,"Privacy-first: reduce payment traceability in your ops","Use the checklist and avoid expensive errors","nowpayments, invoice, payment status"
16,X,"Upgrade conversion with trust blocks + proof metrics","Use the checklist and avoid expensive errors","automation, ops, support macros"
17,YouTube Shorts,"Avoid the top 5 mistakes when selling digital goods for crypto","Get the full premium guide + templates","conversion rate, funnel, landing page"
18,Reddit,"Upgrade conversion with trust blocks + proof metrics","Download the bundle and deploy today","nowpayments, invoice, payment status"
19,TikTok,"Turn crypto payments into a predictable revenue system","Copy the exact system and ship this week","conversion rate, funnel, landing page"
20,LinkedIn,"Stop paying card fees — settle globally in minutes","Use the checklist and avoid expensive errors","conversion rate, funnel, landing page"
21,TikTok,"Stop paying card fees — settle globally in minutes","Copy the exact system and ship this week","crypto checkout, stablecoins, settlement"
22,Instagram,"Upgrade conversion with trust blocks + proof metrics","Download the bundle and deploy today","nowpayments, invoice, payment status"
23,Blog,"Turn crypto payments into a predictable revenue system","Copy the exact system and ship this week","crypto checkout, stablecoins, settlement"
24,Blog,"Turn crypto payments into a predictable revenue system","Use the checklist and avoid expensive errors","conversion rate, funnel, landing page"
25,Reddit,"Stop paying card fees — settle globally in minutes","Get the full premium guide + templates","conversion rate, funnel, landing page"
26,X,"Turn crypto payments into a predictable revenue system","Download the bundle and deploy today","automation, ops, support macros"
27,Instagram,"Avoid the top 5 mistakes when selling digital goods for crypto","Get the full premium guide + templates","nowpayments, invoice, payment status"
28,Blog,"Privacy-first: reduce payment traceability in your ops","Copy the exact system and ship this week","crypto checkout, stablecoins, settlement"
29,TikTok,"Avoid the top 5 mistakes when selling digital goods for crypto","Use the checklist and avoid expensive errors","nowpayments, invoice, payment status"
30,Instagram,"Avoid the top 5 mistakes when selling digital goods for crypto","Copy the exact system and ship this week","conversion rate, funnel, landing page"
