{
  "product_id": "20260207-162422-프리랜서-컨설턴트-서비스-소개-랜딩-페이지",
  "output_dir": "d:\\auto\\MetaPassiveIncome_FINAL\\outputs\\20260207-162422-프리랜서-컨설턴트-서비스-소개-랜딩-페이지",
  "main_asset": "d:\\auto\\MetaPassiveIncome_FINAL\\outputs\\20260207-162422-프리랜서-컨설턴트-서비스-소개-랜딩-페이지\\index.html",
  "schema_path": "d:\\auto\\MetaPassiveIncome_FINAL\\outputs\\20260207-162422-프리랜서-컨설턴트-서비스-소개-랜딩-페이지\\product_schema.json",
  "main_content_path": "d:\\auto\\MetaPassiveIncome_FINAL\\outputs\\20260207-162422-프리랜서-컨설턴트-서비스-소개-랜딩-페이지\\product.md",
  "checksum": "c21757c5967a9370e7e7d4ecc2cc092a8fb421ec07686e9d885e5e3315b3dfb0",
  "generated_at": "20260207-162422",
  "status": "GENERATED_SUCCESS",
  "schema_driven": true,
  "notes": [
    "스키마 기반 생성 (product_schema.json)",
    "단일 파일 랜딩 페이지 (CSS/JS 내장)",
    "데이터 액션 라우터를 통한 버튼 기능"
  ]
}