{
  "product_id": "20260213-110416-개인-브랜드-링크-인-바이오-페이지",
  "output_dir": "d:\\auto\\MetaPassiveIncome_FINAL\\outputs\\20260213-110416-개인-브랜드-링크-인-바이오-페이지",
  "main_asset": "d:\\auto\\MetaPassiveIncome_FINAL\\outputs\\20260213-110416-개인-브랜드-링크-인-바이오-페이지\\index.html",
  "schema_path": "d:\\auto\\MetaPassiveIncome_FINAL\\outputs\\20260213-110416-개인-브랜드-링크-인-바이오-페이지\\product_schema.json",
  "main_content_path": "d:\\auto\\MetaPassiveIncome_FINAL\\outputs\\20260213-110416-개인-브랜드-링크-인-바이오-페이지\\product.md",
  "checksum": "f3c83f51f16440b9c6f1b1ee5546a182ab0be2bae75d48abfa161a4414545b50",
  "generated_at": "20260213-110416",
  "status": "GENERATED_SUCCESS",
  "schema_driven": true,
  "notes": [
    "스키마 기반 생성 (product_schema.json)",
    "단일 파일 랜딩 페이지 (CSS/JS 내장)",
    "데이터 액션 라우터를 통한 버튼 기능"
  ]
}