{
  "product_id": "20260215-122807-passive-income-with-saas-boile",
  "output_dir": "d:\\auto\\MetaPassiveIncome_FINAL\\outputs\\20260215-122807-passive-income-with-saas-boile",
  "main_asset": "d:\\auto\\MetaPassiveIncome_FINAL\\outputs\\20260215-122807-passive-income-with-saas-boile\\index.html",
  "schema_path": "d:\\auto\\MetaPassiveIncome_FINAL\\outputs\\20260215-122807-passive-income-with-saas-boile\\product_schema.json",
  "main_content_path": "d:\\auto\\MetaPassiveIncome_FINAL\\outputs\\20260215-122807-passive-income-with-saas-boile\\product.pdf",
  "checksum": "0de4b57ab8ca4ece89155e3beba542b168aa9c55ce22b327380bb25096c1d654",
  "generated_at": "20260215-122807",
  "status": "GENERATED_SUCCESS",
  "schema_driven": true,
  "notes": [
    "스키마 기반 생성 (product_schema.json)",
    "단일 파일 랜딩 페이지 (CSS/JS 내장)",
    "데이터 액션 라우터를 통한 버튼 기능"
  ]
}