{
  "product_id": "20260213-110256-social-media-link-in-bio-page",
  "output_dir": "d:\\auto\\MetaPassiveIncome_FINAL\\outputs\\20260213-110256-social-media-link-in-bio-page",
  "main_asset": "d:\\auto\\MetaPassiveIncome_FINAL\\outputs\\20260213-110256-social-media-link-in-bio-page\\index.html",
  "schema_path": "d:\\auto\\MetaPassiveIncome_FINAL\\outputs\\20260213-110256-social-media-link-in-bio-page\\product_schema.json",
  "main_content_path": "d:\\auto\\MetaPassiveIncome_FINAL\\outputs\\20260213-110256-social-media-link-in-bio-page\\product.md",
  "checksum": "7260c45072c2c4af3cf185b8d28eacb0e0ea2c7d41e040dd686d4d47f0447dff",
  "generated_at": "20260213-110256",
  "status": "GENERATED_SUCCESS",
  "schema_driven": true,
  "notes": [
    "스키마 기반 생성 (product_schema.json)",
    "단일 파일 랜딩 페이지 (CSS/JS 내장)",
    "데이터 액션 라우터를 통한 버튼 기능"
  ]
}