{
  "product_id": "20260213-101454-high-converting-online-course",
  "output_dir": "d:\\auto\\MetaPassiveIncome_FINAL\\outputs\\20260213-101454-high-converting-online-course",
  "main_asset": "d:\\auto\\MetaPassiveIncome_FINAL\\outputs\\20260213-101454-high-converting-online-course\\index.html",
  "schema_path": "d:\\auto\\MetaPassiveIncome_FINAL\\outputs\\20260213-101454-high-converting-online-course\\product_schema.json",
  "main_content_path": "d:\\auto\\MetaPassiveIncome_FINAL\\outputs\\20260213-101454-high-converting-online-course\\product.md",
  "checksum": "af06e9f3971d14b4bc79b9136f9477767e9b21e21800ac6d83e30588b64c92f7",
  "generated_at": "20260213-101454",
  "status": "GENERATED_SUCCESS",
  "schema_driven": true,
  "notes": [
    "스키마 기반 생성 (product_schema.json)",
    "단일 파일 랜딩 페이지 (CSS/JS 내장)",
    "데이터 액션 라우터를 통한 버튼 기능"
  ]
}