{
  "product_id": "20260220-053943-17-untapped-digital-products-t",
  "output_dir": "d:\\auto\\MetaPassiveIncome_FINAL\\outputs\\20260220-053943-17-untapped-digital-products-t",
  "main_asset": "d:\\auto\\MetaPassiveIncome_FINAL\\outputs\\20260220-053943-17-untapped-digital-products-t\\index.html",
  "schema_path": "d:\\auto\\MetaPassiveIncome_FINAL\\outputs\\20260220-053943-17-untapped-digital-products-t\\product_schema.json",
  "main_content_path": "d:\\auto\\MetaPassiveIncome_FINAL\\outputs\\20260220-053943-17-untapped-digital-products-t\\product.pdf",
  "checksum": "847d2da39d4910d77591fd2f35109378c5ed5337402f828728bc551ce01db241",
  "generated_at": "20260220-053953",
  "status": "GENERATED_SUCCESS",
  "schema_driven": true,
  "notes": [
    "스키마 기반 생성 (product_schema.json)",
    "단일 파일 랜딩 페이지 (CSS/JS 내장)",
    "데이터 액션 라우터를 통한 버튼 기능"
  ]
}