{
  "product_id": "20260220-053943-17-untapped-digital-products-t",
  "title": "Unlock Your Passive Income with 17 Untapped Digital Products that Sell Like Crazy in 2025 and Beyond ...",
  "target_customer": "Creators and merchants interested in 17 Untapped Digital Products that Sell Like Crazy in 2025 and Beyond ...",
  "value_proposition": "Leverage AI to create and sell digital products based on: 17 Untapped Digital Products that Sell Like Crazy in 2025 and Beyond ...",
  "sections": {
    "hero": {
      "headline": "Unlock Your Passive Income with 17 Untapped Digital Products that Sell Like Crazy in 2025 and Beyond ...",
      "subheadline": "Leverage AI to create and sell digital products based on: 17 Untapped Digital Products that Sell Like Crazy in 2025 and Beyond ..."
    },
    "problem": {
      "description": "Generic e-commerce stores fail to build trust and suffer from high cart abandonment. Without a high-performance storefront, conversion remains stagnant."
    },
    "solution": {
      "description": "A conversion-optimized e-commerce engine with mobile-first UI, friction-free checkout, and built-in trust triggers. Built for modern digital merchants."
    },
    "features": [
      "Mobile-optimized high-speed landing UI for 17 Untapped Digital Products that Sell Like Crazy in 2025 and Beyond ...",
      "Trust-building proof & badge templates for 17 Untapped Digital Products that Sell Like Crazy in 2025 and Beyond ...",
      "Frictionless 1-click checkout flow for 17 Untapped Digital Products that Sell Like Crazy in 2025 and Beyond ...",
      "Automated order confirmation & tracking for 17 Untapped Digital Products that Sell Like Crazy in 2025 and Beyond ...",
      "Urgency & scarcity trigger system for 17 Untapped Digital Products that Sell Like Crazy in 2025 and Beyond ..."
    ],
    "benefits": [
      "Ship faster with ready 17 Untapped Digital Products that Sell Like Crazy in 2025 and Beyond ... templates",
      "Increase conversion with clear 17 Untapped Digital Products that Sell Like Crazy in 2025 and Beyond ... value prop",
      "Operate with predictable 17 Untapped Digital Products that Sell Like Crazy in 2025 and Beyond ... delivery flow",
      "Scale experimentation with simple 17 Untapped Digital Products that Sell Like Crazy in 2025 and Beyond ... A/B hooks"
    ],
    "pricing": {
      "tier_name": "Standard Access",
      "price": "$39.00"
    },
    "faq": [
      {
        "q": "What is included?",
        "a": "You get the full landing page, the 17 Untapped Digital Products that Sell Like Crazy in 2025 and Beyond ... guide, and automated delivery setup."
      },
      {
        "q": "How do I deploy?",
        "a": "Upload to Vercel, Netlify, or any static host. No backend needed."
      },
      {
        "q": "Is it secure?",
        "a": "Yes, it uses wallet-based authentication for delivery gating."
      }
    ],
    "cta": {
      "text": "Get Started Now"
    },
    "design": {
      "theme": "saas",
      "primary_color": "#f59e0b",
      "secondary_color": "#f59e0b",
      "font_family": "Roboto, sans-serif",
      "layout_style": "bold"
    }
  },
  "assets": {
    "main_content_file": "product.pdf",
    "landing_page": "index.html"
  }
}