{
  "product_id": "20260207-093433-product-launch-countdown-page",
  "output_dir": "d:\\auto\\MetaPassiveIncome_FINAL\\outputs\\20260207-093433-product-launch-countdown-page",
  "main_asset": "d:\\auto\\MetaPassiveIncome_FINAL\\outputs\\20260207-093433-product-launch-countdown-page\\index.html",
  "schema_path": "d:\\auto\\MetaPassiveIncome_FINAL\\outputs\\20260207-093433-product-launch-countdown-page\\product_schema.json",
  "main_content_path": "d:\\auto\\MetaPassiveIncome_FINAL\\outputs\\20260207-093433-product-launch-countdown-page\\product.md",
  "checksum": "774896e775659c1f89442343e502b942b95a952464d5df8008da90a76d3b37da",
  "generated_at": "20260207-093433",
  "status": "GENERATED_SUCCESS",
  "schema_driven": true,
  "notes": [
    "스키마 기반 생성 (product_schema.json)",
    "단일 파일 랜딩 페이지 (CSS/JS 내장)",
    "데이터 액션 라우터를 통한 버튼 기능"
  ]
}