day,channel,hook,cta,keywords
1,X,"Turn crypto payments into a predictable revenue system","Get the full premium guide + templates","nowpayments, invoice, payment status"
2,Blog,"Upgrade conversion with trust blocks + proof metrics","Copy the exact system and ship this week","conversion rate, funnel, landing page"
3,Blog,"Avoid the top 5 mistakes when selling digital goods for crypto","Use the checklist and avoid expensive errors","nowpayments, invoice, payment status"
4,Instagram,"Stop paying card fees — settle globally in minutes","Copy the exact system and ship this week","web3 payments, digital product delivery"
5,TikTok,"Avoid the top 5 mistakes when selling digital goods for crypto","Get the full premium guide + templates","automation, ops, support macros"
6,Instagram,"Stop paying card fees — settle globally in minutes","Copy the exact system and ship this week","automation, ops, support macros"
7,Blog,"Avoid the top 5 mistakes when selling digital goods for crypto","Get the full premium guide + templates","automation, ops, support macros"
8,X,"From 0 to first 10 sales: a realistic 7-day launch plan","Use the checklist and avoid expensive errors","conversion rate, funnel, landing page"
9,LinkedIn,"Turn crypto payments into a predictable revenue system","Download the bundle and deploy today","web3 payments, digital product delivery"
10,Blog,"Stop paying card fees — settle globally in minutes","Get the full premium guide + templates","crypto checkout, stablecoins, settlement"
11,YouTube Shorts,"Privacy-first: reduce payment traceability in your ops","Download the bundle and deploy today","web3 payments, digital product delivery"
12,TikTok,"Avoid the top 5 mistakes when selling digital goods for crypto","Download the bundle and deploy today","web3 payments, digital product delivery"
13,Reddit,"Avoid the top 5 mistakes when selling digital goods for crypto","Copy the exact system and ship this week","conversion rate, funnel, landing page"
14,TikTok,"Upgrade conversion with trust blocks + proof metrics","Use the checklist and avoid expensive errors","automation, ops, support macros"
15,TikTok,"Privacy-first: reduce payment traceability in your ops","Use the checklist and avoid expensive errors","automation, ops, support macros"
16,LinkedIn,"Upgrade conversion with trust blocks + proof metrics","Copy the exact system and ship this week","crypto checkout, stablecoins, settlement"
17,X,"From 0 to first 10 sales: a realistic 7-day launch plan","Download the bundle and deploy today","conversion rate, funnel, landing page"
18,LinkedIn,"Turn crypto payments into a predictable revenue system","Copy the exact system and ship this week","conversion rate, funnel, landing page"
19,TikTok,"Privacy-first: reduce payment traceability in your ops","Get the full premium guide + templates","nowpayments, invoice, payment status"
20,Reddit,"From 0 to first 10 sales: a realistic 7-day launch plan","Copy the exact system and ship this week","conversion rate, funnel, landing page"
21,Blog,"Avoid the top 5 mistakes when selling digital goods for crypto","Get the full premium guide + templates","conversion rate, funnel, landing page"
22,X,"Avoid the top 5 mistakes when selling digital goods for crypto","Copy the exact system and ship this week","crypto checkout, stablecoins, settlement"
23,X,"From 0 to first 10 sales: a realistic 7-day launch plan","Get the full premium guide + templates","conversion rate, funnel, landing page"
24,Blog,"Upgrade conversion with trust blocks + proof metrics","Copy the exact system and ship this week","nowpayments, invoice, payment status"
25,X,"Avoid the top 5 mistakes when selling digital goods for crypto","Copy the exact system and ship this week","nowpayments, invoice, payment status"
26,Instagram,"Stop paying card fees — settle globally in minutes","Use the checklist and avoid expensive errors","nowpayments, invoice, payment status"
27,LinkedIn,"Upgrade conversion with trust blocks + proof metrics","Get the full premium guide + templates","automation, ops, support macros"
28,TikTok,"Avoid the top 5 mistakes when selling digital goods for crypto","Use the checklist and avoid expensive errors","conversion rate, funnel, landing page"
29,Instagram,"Privacy-first: reduce payment traceability in your ops","Download the bundle and deploy today","web3 payments, digital product delivery"
30,Reddit,"Upgrade conversion with trust blocks + proof metrics","Get the full premium guide + templates","automation, ops, support macros"
