{
  "product_id": "20260220-031839-trending-etsy-products-2026",
  "output_dir": "d:\\auto\\MetaPassiveIncome_FINAL\\outputs\\20260220-031839-trending-etsy-products-2026",
  "main_asset": "d:\\auto\\MetaPassiveIncome_FINAL\\outputs\\20260220-031839-trending-etsy-products-2026\\index.html",
  "schema_path": "d:\\auto\\MetaPassiveIncome_FINAL\\outputs\\20260220-031839-trending-etsy-products-2026\\product_schema.json",
  "main_content_path": "d:\\auto\\MetaPassiveIncome_FINAL\\outputs\\20260220-031839-trending-etsy-products-2026\\product.pdf",
  "checksum": "c936f44227220773efeed6a666cae4fb2bc89ce42af15d710d83ce2a10c2361d",
  "generated_at": "20260220-031850",
  "status": "GENERATED_SUCCESS",
  "schema_driven": true,
  "notes": [
    "스키마 기반 생성 (product_schema.json)",
    "단일 파일 랜딩 페이지 (CSS/JS 내장)",
    "데이터 액션 라우터를 통한 버튼 기능"
  ]
}