{
  "product_id": "20260219-172503-b2b-products-the-complete-guid",
  "output_dir": "d:\\auto\\MetaPassiveIncome_FINAL\\outputs\\20260219-172503-b2b-products-the-complete-guid",
  "main_asset": "d:\\auto\\MetaPassiveIncome_FINAL\\outputs\\20260219-172503-b2b-products-the-complete-guid\\index.html",
  "schema_path": "d:\\auto\\MetaPassiveIncome_FINAL\\outputs\\20260219-172503-b2b-products-the-complete-guid\\product_schema.json",
  "main_content_path": "d:\\auto\\MetaPassiveIncome_FINAL\\outputs\\20260219-172503-b2b-products-the-complete-guid\\product.pdf",
  "checksum": "5f9b71b0999ee4cc2d16b4207afee1b100bb903044a5155f548b0219654ff6d6",
  "generated_at": "20260219-172511",
  "status": "GENERATED_SUCCESS",
  "schema_driven": true,
  "notes": [
    "스키마 기반 생성 (product_schema.json)",
    "단일 파일 랜딩 페이지 (CSS/JS 내장)",
    "데이터 액션 라우터를 통한 버튼 기능"
  ]
}