{
  "product_id": "20260219-172503-b2b-products-the-complete-guid",
  "title": "Unlock Your Passive Income with B2B Products: The Complete Guide for Ecommerce ...",
  "target_customer": "Creators and merchants interested in B2B Products: The Complete Guide for Ecommerce ...",
  "value_proposition": "Leverage AI to create and sell digital products based on: B2B Products: The Complete Guide for Ecommerce ...",
  "sections": {
    "hero": {
      "headline": "Unlock Your Passive Income with B2B Products: The Complete Guide for Ecommerce ...",
      "subheadline": "Leverage AI to create and sell digital products based on: B2B Products: The Complete Guide for Ecommerce ..."
    },
    "problem": {
      "description": "Generic e-commerce stores fail to build trust and suffer from high cart abandonment. Without a high-performance storefront, conversion remains stagnant."
    },
    "solution": {
      "description": "A conversion-optimized e-commerce engine with mobile-first UI, friction-free checkout, and built-in trust triggers. Built for modern digital merchants."
    },
    "features": [
      "Mobile-optimized high-speed landing UI for B2B Products: The Complete Guide for Ecommerce ...",
      "Trust-building proof & badge templates for B2B Products: The Complete Guide for Ecommerce ...",
      "Frictionless 1-click checkout flow for B2B Products: The Complete Guide for Ecommerce ...",
      "Automated order confirmation & tracking for B2B Products: The Complete Guide for Ecommerce ...",
      "Urgency & scarcity trigger system for B2B Products: The Complete Guide for Ecommerce ..."
    ],
    "benefits": [
      "Ship faster with ready B2B Products: The Complete Guide for Ecommerce ... templates",
      "Increase conversion with clear B2B Products: The Complete Guide for Ecommerce ... value prop",
      "Operate with predictable B2B Products: The Complete Guide for Ecommerce ... delivery flow",
      "Scale experimentation with simple B2B Products: The Complete Guide for Ecommerce ... A/B hooks"
    ],
    "pricing": {
      "tier_name": "Standard Access",
      "price": "$39.00"
    },
    "faq": [
      {
        "q": "What is included?",
        "a": "You get the full landing page, the B2B Products: The Complete Guide for Ecommerce ... guide, and automated delivery setup."
      },
      {
        "q": "How do I deploy?",
        "a": "Upload to Vercel, Netlify, or any static host. No backend needed."
      },
      {
        "q": "Is it secure?",
        "a": "Yes, it uses wallet-based authentication for delivery gating."
      }
    ],
    "cta": {
      "text": "Get Started Now"
    },
    "design": {
      "theme": "minimal",
      "primary_color": "#8b5cf6",
      "secondary_color": "#8b5cf6",
      "font_family": "Roboto, sans-serif",
      "layout_style": "bold"
    }
  },
  "assets": {
    "main_content_file": "product.pdf",
    "landing_page": "index.html"
  }
}