{
  "product_id": "20260219-213559-untapped-digital-product-niche",
  "title": "Unlock Your Passive Income with Untapped Digital Product Niches No One Is Talking About Yet",
  "target_customer": "Creators and merchants interested in Untapped Digital Product Niches No One Is Talking About Yet",
  "value_proposition": "Leverage AI to create and sell digital products based on: Untapped Digital Product Niches No One Is Talking About Yet",
  "sections": {
    "hero": {
      "headline": "Unlock Your Passive Income with Untapped Digital Product Niches No One Is Talking About Yet",
      "subheadline": "Leverage AI to create and sell digital products based on: Untapped Digital Product Niches No One Is Talking About Yet"
    },
    "problem": {
      "description": "Generic e-commerce stores fail to build trust and suffer from high cart abandonment. Without a high-performance storefront, conversion remains stagnant."
    },
    "solution": {
      "description": "A conversion-optimized e-commerce engine with mobile-first UI, friction-free checkout, and built-in trust triggers. Built for modern digital merchants."
    },
    "features": [
      "Mobile-optimized high-speed landing UI for Untapped Digital Product Niches No One Is Talking About Yet",
      "Trust-building proof & badge templates for Untapped Digital Product Niches No One Is Talking About Yet",
      "Frictionless 1-click checkout flow for Untapped Digital Product Niches No One Is Talking About Yet",
      "Automated order confirmation & tracking for Untapped Digital Product Niches No One Is Talking About Yet",
      "Urgency & scarcity trigger system for Untapped Digital Product Niches No One Is Talking About Yet"
    ],
    "benefits": [
      "Ship faster with ready Untapped Digital Product Niches No One Is Talking About Yet templates",
      "Increase conversion with clear Untapped Digital Product Niches No One Is Talking About Yet value prop",
      "Operate with predictable Untapped Digital Product Niches No One Is Talking About Yet delivery flow",
      "Scale experimentation with simple Untapped Digital Product Niches No One Is Talking About Yet A/B hooks"
    ],
    "pricing": {
      "tier_name": "Standard Access",
      "price": "$49.00"
    },
    "faq": [
      {
        "q": "What is included?",
        "a": "You get the full landing page, the Untapped Digital Product Niches No One Is Talking About Yet guide, and automated delivery setup."
      },
      {
        "q": "How do I deploy?",
        "a": "Upload to Vercel, Netlify, or any static host. No backend needed."
      },
      {
        "q": "Is it secure?",
        "a": "Yes, it uses wallet-based authentication for delivery gating."
      }
    ],
    "cta": {
      "text": "Get Started Now"
    },
    "design": {
      "theme": "elegant",
      "primary_color": "#00b4ff",
      "secondary_color": "#00b4ff",
      "font_family": "system-ui, sans-serif",
      "layout_style": "professional"
    }
  },
  "assets": {
    "main_content_file": "product.pdf",
    "landing_page": "index.html"
  }
}