day,channel,hook,cta,keywords
1,YouTube Shorts,"Upgrade conversion with trust blocks + proof metrics","Copy the exact system and ship this week","automation, ops, support macros"
2,YouTube Shorts,"Avoid the top 5 mistakes when selling digital goods for crypto","Copy the exact system and ship this week","nowpayments, invoice, payment status"
3,Blog,"Turn crypto payments into a predictable revenue system","Use the checklist and avoid expensive errors","web3 payments, digital product delivery"
4,Blog,"Turn crypto payments into a predictable revenue system","Copy the exact system and ship this week","crypto checkout, stablecoins, settlement"
5,YouTube Shorts,"Turn crypto payments into a predictable revenue system","Use the checklist and avoid expensive errors","conversion rate, funnel, landing page"
6,TikTok,"Upgrade conversion with trust blocks + proof metrics","Get the full premium guide + templates","web3 payments, digital product delivery"
7,TikTok,"Upgrade conversion with trust blocks + proof metrics","Download the bundle and deploy today","nowpayments, invoice, payment status"
8,Reddit,"Stop paying card fees — settle globally in minutes","Use the checklist and avoid expensive errors","automation, ops, support macros"
9,Instagram,"From 0 to first 10 sales: a realistic 7-day launch plan","Get the full premium guide + templates","crypto checkout, stablecoins, settlement"
10,TikTok,"Stop paying card fees — settle globally in minutes","Copy the exact system and ship this week","crypto checkout, stablecoins, settlement"
11,Reddit,"Upgrade conversion with trust blocks + proof metrics","Download the bundle and deploy today","automation, ops, support macros"
12,Blog,"Privacy-first: reduce payment traceability in your ops","Copy the exact system and ship this week","web3 payments, digital product delivery"
13,Blog,"Avoid the top 5 mistakes when selling digital goods for crypto","Use the checklist and avoid expensive errors","automation, ops, support macros"
14,Blog,"Avoid the top 5 mistakes when selling digital goods for crypto","Download the bundle and deploy today","web3 payments, digital product delivery"
15,LinkedIn,"Stop paying card fees — settle globally in minutes","Get the full premium guide + templates","web3 payments, digital product delivery"
16,X,"Turn crypto payments into a predictable revenue system","Download the bundle and deploy today","conversion rate, funnel, landing page"
17,Blog,"Stop paying card fees — settle globally in minutes","Copy the exact system and ship this week","nowpayments, invoice, payment status"
18,Instagram,"Turn crypto payments into a predictable revenue system","Copy the exact system and ship this week","web3 payments, digital product delivery"
19,Blog,"Upgrade conversion with trust blocks + proof metrics","Download the bundle and deploy today","nowpayments, invoice, payment status"
20,Reddit,"Turn crypto payments into a predictable revenue system","Get the full premium guide + templates","automation, ops, support macros"
21,YouTube Shorts,"From 0 to first 10 sales: a realistic 7-day launch plan","Copy the exact system and ship this week","nowpayments, invoice, payment status"
22,Reddit,"Avoid the top 5 mistakes when selling digital goods for crypto","Copy the exact system and ship this week","conversion rate, funnel, landing page"
23,X,"From 0 to first 10 sales: a realistic 7-day launch plan","Get the full premium guide + templates","web3 payments, digital product delivery"
24,TikTok,"Privacy-first: reduce payment traceability in your ops","Copy the exact system and ship this week","automation, ops, support macros"
25,Instagram,"Stop paying card fees — settle globally in minutes","Get the full premium guide + templates","conversion rate, funnel, landing page"
26,Reddit,"Upgrade conversion with trust blocks + proof metrics","Use the checklist and avoid expensive errors","conversion rate, funnel, landing page"
27,Blog,"Turn crypto payments into a predictable revenue system","Download the bundle and deploy today","crypto checkout, stablecoins, settlement"
28,Instagram,"Stop paying card fees — settle globally in minutes","Copy the exact system and ship this week","crypto checkout, stablecoins, settlement"
29,Reddit,"Privacy-first: reduce payment traceability in your ops","Copy the exact system and ship this week","crypto checkout, stablecoins, settlement"
30,Instagram,"Stop paying card fees — settle globally in minutes","Get the full premium guide + templates","crypto checkout, stablecoins, settlement"
