{
  "product_id": "20260213-150722-ai-도구-대기자-명단-및-얼리-액세스-페이지",
  "output_dir": "d:\\auto\\MetaPassiveIncome_FINAL\\outputs\\20260213-150722-ai-도구-대기자-명단-및-얼리-액세스-페이지",
  "main_asset": "d:\\auto\\MetaPassiveIncome_FINAL\\outputs\\20260213-150722-ai-도구-대기자-명단-및-얼리-액세스-페이지\\index.html",
  "schema_path": "d:\\auto\\MetaPassiveIncome_FINAL\\outputs\\20260213-150722-ai-도구-대기자-명단-및-얼리-액세스-페이지\\product_schema.json",
  "main_content_path": "d:\\auto\\MetaPassiveIncome_FINAL\\outputs\\20260213-150722-ai-도구-대기자-명단-및-얼리-액세스-페이지\\product.md",
  "checksum": "d47ec5f2a798bfd594219b55557ad9d015e97f796919af6af93b44dd9e8d36cc",
  "generated_at": "20260213-150722",
  "status": "GENERATED_SUCCESS",
  "schema_driven": true,
  "notes": [
    "스키마 기반 생성 (product_schema.json)",
    "단일 파일 랜딩 페이지 (CSS/JS 내장)",
    "데이터 액션 라우터를 통한 버튼 기능"
  ]
}